subject	n_runs	filelist	eventfiles	confoundfiles
sub-s001	1	/mnt/ceph/groups_hdd/SCCGroup/neurocognition_lab/ANCLANG/data/sub-s001/ses-t2w/s_sub-s001_ses-t2w_task-vw_run-1_desc-denoised_space-MNI152NLin6Asym_bold.nii	/mnt/ceph/groups_hdd/SCCGroup/neurocognition_lab/ANCLANG/anclang/sub-s001/ses-t2w/func/sub-s001_ses-t2w_task-vw_acq-mb4mesl56_run-1_events.tsv	/mnt/ceph/groups_hdd/SCCGroup/neurocognition_lab/ANCLANG/data/sub-s001/ses-t2w/sub-s001_ses-t2w_task-vw_acq-mb4mesl56_run-1_desc-confounds_timeseries.tsv
sub-s001	2	/mnt/ceph/groups_hdd/SCCGroup/neurocognition_lab/ANCLANG/data/sub-s001/ses-t2w/s_sub-s001_ses-t2w_task-vw_run-1_desc-denoised_space-MNI152NLin6Asym_bold.nii;/mnt/ceph/groups_hdd/SCCGroup/neurocognition_lab/ANCLANG/data/sub-s001/ses-t2w/s_sub-s001_ses-t2w_task-vw_run-2_desc-denoised_space-MNI152NLin6Asym_bold.nii	/mnt/ceph/groups_hdd/SCCGroup/neurocognition_lab/ANCLANG/anclang/sub-s001/ses-t2w/func/sub-s001_ses-t2w_task-vw_acq-mb4mesl56_run-1_events.tsv;/mnt/ceph/groups_hdd/SCCGroup/neurocognition_lab/ANCLANG/anclang/sub-s001/ses-t2w/func/sub-s001_ses-t2w_task-vw_acq-mb4mesl56_run-2_events.tsv	/mnt/ceph/groups_hdd/SCCGroup/neurocognition_lab/ANCLANG/data/sub-s001/ses-t2w/sub-s001_ses-t2w_task-vw_acq-mb4mesl56_run-1_desc-confounds_timeseries.tsv;/mnt/ceph/groups_hdd/SCCGroup/neurocognition_lab/ANCLANG/data/sub-s001/ses-t2w/sub-s001_ses-t2w_task-vw_acq-mb4mesl56_run-2_desc-confounds_timeseries.tsv
sub-s001	3	/mnt/ceph/groups_hdd/SCCGroup/neurocognition_lab/ANCLANG/data/sub-s001/ses-t2w/s_sub-s001_ses-t2w_task-vw_run-1_desc-denoised_space-MNI152NLin6Asym_bold.nii;/mnt/ceph/groups_hdd/SCCGroup/neurocognition_lab/ANCLANG/data/sub-s001/ses-t2w/s_sub-s001_ses-t2w_task-vw_run-2_desc-denoised_space-MNI152NLin6Asym_bold.nii;/mnt/ceph/groups_hdd/SCCGroup/neurocognition_lab/ANCLANG/data/sub-s001/ses-dwi/s_sub-s001_ses-dwi_task-vw_run-1_desc-denoised_space-MNI152NLin6Asym_bold.nii	/mnt/ceph/groups_hdd/SCCGroup/neurocognition_lab/ANCLANG/anclang/sub-s001/ses-t2w/func/sub-s001_ses-t2w_task-vw_acq-mb4mesl56_run-1_events.tsv;/mnt/ceph/groups_hdd/SCCGroup/neurocognition_lab/ANCLANG/anclang/sub-s001/ses-t2w/func/sub-s001_ses-t2w_task-vw_acq-mb4mesl56_run-2_events.tsv;/mnt/ceph/groups_hdd/SCCGroup/neurocognition_lab/ANCLANG/anclang/sub-s001/ses-dwi/func/sub-s001_ses-dwi_task-vw_acq-mb4mesl56_run-1_events.tsv	/mnt/ceph/groups_hdd/SCCGroup/neurocognition_lab/ANCLANG/data/sub-s001/ses-t2w/sub-s001_ses-t2w_task-vw_acq-mb4mesl56_run-1_desc-confounds_timeseries.tsv;/mnt/ceph/groups_hdd/SCCGroup/neurocognition_lab/ANCLANG/data/sub-s001/ses-t2w/sub-s001_ses-t2w_task-vw_acq-mb4mesl56_run-2_desc-confounds_timeseries.tsv;/mnt/ceph/groups_hdd/SCCGroup/neurocognition_lab/ANCLANG/data/sub-s001/ses-dwi/sub-s001_ses-dwi_task-vw_acq-mb4mesl56_run-1_desc-confounds_timeseries.tsv
sub-s001	4	/mnt/ceph/groups_hdd/SCCGroup/neurocognition_lab/ANCLANG/data/sub-s001/ses-t2w/s_sub-s001_ses-t2w_task-vw_run-1_desc-denoised_space-MNI152NLin6Asym_bold.nii;/mnt/ceph/groups_hdd/SCCGroup/neurocognition_lab/ANCLANG/data/sub-s001/ses-t2w/s_sub-s001_ses-t2w_task-vw_run-2_desc-denoised_space-MNI152NLin6Asym_bold.nii;/mnt/ceph/groups_hdd/SCCGroup/neurocognition_lab/ANCLANG/data/sub-s001/ses-dwi/s_sub-s001_ses-dwi_task-vw_run-1_desc-denoised_space-MNI152NLin6Asym_bold.nii;/mnt/ceph/groups_hdd/SCCGroup/neurocognition_lab/ANCLANG/data/sub-s001/ses-dwi/s_sub-s001_ses-dwi_task-vw_run-2_desc-denoised_space-MNI152NLin6Asym_bold.nii	/mnt/ceph/groups_hdd/SCCGroup/neurocognition_lab/ANCLANG/anclang/sub-s001/ses-t2w/func/sub-s001_ses-t2w_task-vw_acq-mb4mesl56_run-1_events.tsv;/mnt/ceph/groups_hdd/SCCGroup/neurocognition_lab/ANCLANG/anclang/sub-s001/ses-t2w/func/sub-s001_ses-t2w_task-vw_acq-mb4mesl56_run-2_events.tsv;/mnt/ceph/groups_hdd/SCCGroup/neurocognition_lab/ANCLANG/anclang/sub-s001/ses-dwi/func/sub-s001_ses-dwi_task-vw_acq-mb4mesl56_run-1_events.tsv;/mnt/ceph/groups_hdd/SCCGroup/neurocognition_lab/ANCLANG/anclang/sub-s001/ses-dwi/func/sub-s001_ses-dwi_task-vw_acq-mb4mesl56_run-2_events.tsv	/mnt/ceph/groups_hdd/SCCGroup/neurocognition_lab/ANCLANG/data/sub-s001/ses-t2w/sub-s001_ses-t2w_task-vw_acq-mb4mesl56_run-1_desc-confounds_timeseries.tsv;/mnt/ceph/groups_hdd/SCCGroup/neurocognition_lab/ANCLANG/data/sub-s001/ses-t2w/sub-s001_ses-t2w_task-vw_acq-mb4mesl56_run-2_desc-confounds_timeseries.tsv;/mnt/ceph/groups_hdd/SCCGroup/neurocognition_lab/ANCLANG/data/sub-s001/ses-dwi/sub-s001_ses-dwi_task-vw_acq-mb4mesl56_run-1_desc-confounds_timeseries.tsv;/mnt/ceph/groups_hdd/SCCGroup/neurocognition_lab/ANCLANG/data/sub-s001/ses-dwi/sub-s001_ses-dwi_task-vw_acq-mb4mesl56_run-2_desc-confounds_timeseries.tsv
sub-s001	5	/mnt/ceph/groups_hdd/SCCGroup/neurocognition_lab/ANCLANG/data/sub-s001/ses-t2w/s_sub-s001_ses-t2w_task-vw_run-1_desc-denoised_space-MNI152NLin6Asym_bold.nii;/mnt/ceph/groups_hdd/SCCGroup/neurocognition_lab/ANCLANG/data/sub-s001/ses-t2w/s_sub-s001_ses-t2w_task-vw_run-2_desc-denoised_space-MNI152NLin6Asym_bold.nii;/mnt/ceph/groups_hdd/SCCGroup/neurocognition_lab/ANCLANG/data/sub-s001/ses-dwi/s_sub-s001_ses-dwi_task-vw_run-1_desc-denoised_space-MNI152NLin6Asym_bold.nii;/mnt/ceph/groups_hdd/SCCGroup/neurocognition_lab/ANCLANG/data/sub-s001/ses-dwi/s_sub-s001_ses-dwi_task-vw_run-2_desc-denoised_space-MNI152NLin6Asym_bold.nii;/mnt/ceph/groups_hdd/SCCGroup/neurocognition_lab/ANCLANG/data/sub-s001/ses-mov/s_sub-s001_ses-mov_task-vw_run-1_desc-denoised_space-MNI152NLin6Asym_bold.nii	/mnt/ceph/groups_hdd/SCCGroup/neurocognition_lab/ANCLANG/anclang/sub-s001/ses-t2w/func/sub-s001_ses-t2w_task-vw_acq-mb4mesl56_run-1_events.tsv;/mnt/ceph/groups_hdd/SCCGroup/neurocognition_lab/ANCLANG/anclang/sub-s001/ses-t2w/func/sub-s001_ses-t2w_task-vw_acq-mb4mesl56_run-2_events.tsv;/mnt/ceph/groups_hdd/SCCGroup/neurocognition_lab/ANCLANG/anclang/sub-s001/ses-dwi/func/sub-s001_ses-dwi_task-vw_acq-mb4mesl56_run-1_events.tsv;/mnt/ceph/groups_hdd/SCCGroup/neurocognition_lab/ANCLANG/anclang/sub-s001/ses-dwi/func/sub-s001_ses-dwi_task-vw_acq-mb4mesl56_run-2_events.tsv;/mnt/ceph/groups_hdd/SCCGroup/neurocognition_lab/ANCLANG/anclang/sub-s001/ses-mov/func/sub-s001_ses-mov_task-vw_acq-mb4mesl56_run-1_events.tsv	/mnt/ceph/groups_hdd/SCCGroup/neurocognition_lab/ANCLANG/data/sub-s001/ses-t2w/sub-s001_ses-t2w_task-vw_acq-mb4mesl56_run-1_desc-confounds_timeseries.tsv;/mnt/ceph/groups_hdd/SCCGroup/neurocognition_lab/ANCLANG/data/sub-s001/ses-t2w/sub-s001_ses-t2w_task-vw_acq-mb4mesl56_run-2_desc-confounds_timeseries.tsv;/mnt/ceph/groups_hdd/SCCGroup/neurocognition_lab/ANCLANG/data/sub-s001/ses-dwi/sub-s001_ses-dwi_task-vw_acq-mb4mesl56_run-1_desc-confounds_timeseries.tsv;/mnt/ceph/groups_hdd/SCCGroup/neurocognition_lab/ANCLANG/data/sub-s001/ses-dwi/sub-s001_ses-dwi_task-vw_acq-mb4mesl56_run-2_desc-confounds_timeseries.tsv;/mnt/ceph/groups_hdd/SCCGroup/neurocognition_lab/ANCLANG/data/sub-s001/ses-mov/sub-s001_ses-mov_task-vw_acq-mb4mesl56_run-1_desc-confounds_timeseries.tsv
sub-s001	6	/mnt/ceph/groups_hdd/SCCGroup/neurocognition_lab/ANCLANG/data/sub-s001/ses-t2w/s_sub-s001_ses-t2w_task-vw_run-1_desc-denoised_space-MNI152NLin6Asym_bold.nii;/mnt/ceph/groups_hdd/SCCGroup/neurocognition_lab/ANCLANG/data/sub-s001/ses-t2w/s_sub-s001_ses-t2w_task-vw_run-2_desc-denoised_space-MNI152NLin6Asym_bold.nii;/mnt/ceph/groups_hdd/SCCGroup/neurocognition_lab/ANCLANG/data/sub-s001/ses-dwi/s_sub-s001_ses-dwi_task-vw_run-1_desc-denoised_space-MNI152NLin6Asym_bold.nii;/mnt/ceph/groups_hdd/SCCGroup/neurocognition_lab/ANCLANG/data/sub-s001/ses-dwi/s_sub-s001_ses-dwi_task-vw_run-2_desc-denoised_space-MNI152NLin6Asym_bold.nii;/mnt/ceph/groups_hdd/SCCGroup/neurocognition_lab/ANCLANG/data/sub-s001/ses-mov/s_sub-s001_ses-mov_task-vw_run-1_desc-denoised_space-MNI152NLin6Asym_bold.nii;/mnt/ceph/groups_hdd/SCCGroup/neurocognition_lab/ANCLANG/data/sub-s001/ses-mov/s_sub-s001_ses-mov_task-vw_run-2_desc-denoised_space-MNI152NLin6Asym_bold.nii	/mnt/ceph/groups_hdd/SCCGroup/neurocognition_lab/ANCLANG/anclang/sub-s001/ses-t2w/func/sub-s001_ses-t2w_task-vw_acq-mb4mesl56_run-1_events.tsv;/mnt/ceph/groups_hdd/SCCGroup/neurocognition_lab/ANCLANG/anclang/sub-s001/ses-t2w/func/sub-s001_ses-t2w_task-vw_acq-mb4mesl56_run-2_events.tsv;/mnt/ceph/groups_hdd/SCCGroup/neurocognition_lab/ANCLANG/anclang/sub-s001/ses-dwi/func/sub-s001_ses-dwi_task-vw_acq-mb4mesl56_run-1_events.tsv;/mnt/ceph/groups_hdd/SCCGroup/neurocognition_lab/ANCLANG/anclang/sub-s001/ses-dwi/func/sub-s001_ses-dwi_task-vw_acq-mb4mesl56_run-2_events.tsv;/mnt/ceph/groups_hdd/SCCGroup/neurocognition_lab/ANCLANG/anclang/sub-s001/ses-mov/func/sub-s001_ses-mov_task-vw_acq-mb4mesl56_run-1_events.tsv;/mnt/ceph/groups_hdd/SCCGroup/neurocognition_lab/ANCLANG/anclang/sub-s001/ses-mov/func/sub-s001_ses-mov_task-vw_acq-mb4mesl56_run-2_events.tsv	/mnt/ceph/groups_hdd/SCCGroup/neurocognition_lab/ANCLANG/data/sub-s001/ses-t2w/sub-s001_ses-t2w_task-vw_acq-mb4mesl56_run-1_desc-confounds_timeseries.tsv;/mnt/ceph/groups_hdd/SCCGroup/neurocognition_lab/ANCLANG/data/sub-s001/ses-t2w/sub-s001_ses-t2w_task-vw_acq-mb4mesl56_run-2_desc-confounds_timeseries.tsv;/mnt/ceph/groups_hdd/SCCGroup/neurocognition_lab/ANCLANG/data/sub-s001/ses-dwi/sub-s001_ses-dwi_task-vw_acq-mb4mesl56_run-1_desc-confounds_timeseries.tsv;/mnt/ceph/groups_hdd/SCCGroup/neurocognition_lab/ANCLANG/data/sub-s001/ses-dwi/sub-s001_ses-dwi_task-vw_acq-mb4mesl56_run-2_desc-confounds_timeseries.tsv;/mnt/ceph/groups_hdd/SCCGroup/neurocognition_lab/ANCLANG/data/sub-s001/ses-mov/sub-s001_ses-mov_task-vw_acq-mb4mesl56_run-1_desc-confounds_timeseries.tsv;/mnt/ceph/groups_hdd/SCCGroup/neurocognition_lab/ANCLANG/data/sub-s001/ses-mov/sub-s001_ses-mov_task-vw_acq-mb4mesl56_run-2_desc-confounds_timeseries.tsv
sub-s001	7	/mnt/ceph/groups_hdd/SCCGroup/neurocognition_lab/ANCLANG/data/sub-s001/ses-t2w/s_sub-s001_ses-t2w_task-vw_run-1_desc-denoised_space-MNI152NLin6Asym_bold.nii;/mnt/ceph/groups_hdd/SCCGroup/neurocognition_lab/ANCLANG/data/sub-s001/ses-t2w/s_sub-s001_ses-t2w_task-vw_run-2_desc-denoised_space-MNI152NLin6Asym_bold.nii;/mnt/ceph/groups_hdd/SCCGroup/neurocognition_lab/ANCLANG/data/sub-s001/ses-dwi/s_sub-s001_ses-dwi_task-vw_run-1_desc-denoised_space-MNI152NLin6Asym_bold.nii;/mnt/ceph/groups_hdd/SCCGroup/neurocognition_lab/ANCLANG/data/sub-s001/ses-dwi/s_sub-s001_ses-dwi_task-vw_run-2_desc-denoised_space-MNI152NLin6Asym_bold.nii;/mnt/ceph/groups_hdd/SCCGroup/neurocognition_lab/ANCLANG/data/sub-s001/ses-mov/s_sub-s001_ses-mov_task-vw_run-1_desc-denoised_space-MNI152NLin6Asym_bold.nii;/mnt/ceph/groups_hdd/SCCGroup/neurocognition_lab/ANCLANG/data/sub-s001/ses-mov/s_sub-s001_ses-mov_task-vw_run-2_desc-denoised_space-MNI152NLin6Asym_bold.nii;/mnt/ceph/groups_hdd/SCCGroup/neurocognition_lab/ANCLANG/data/sub-s001/ses-mpm/s_sub-s001_ses-mpm_task-vw_run-1_desc-denoised_space-MNI152NLin6Asym_bold.nii	/mnt/ceph/groups_hdd/SCCGroup/neurocognition_lab/ANCLANG/anclang/sub-s001/ses-t2w/func/sub-s001_ses-t2w_task-vw_acq-mb4mesl56_run-1_events.tsv;/mnt/ceph/groups_hdd/SCCGroup/neurocognition_lab/ANCLANG/anclang/sub-s001/ses-t2w/func/sub-s001_ses-t2w_task-vw_acq-mb4mesl56_run-2_events.tsv;/mnt/ceph/groups_hdd/SCCGroup/neurocognition_lab/ANCLANG/anclang/sub-s001/ses-dwi/func/sub-s001_ses-dwi_task-vw_acq-mb4mesl56_run-1_events.tsv;/mnt/ceph/groups_hdd/SCCGroup/neurocognition_lab/ANCLANG/anclang/sub-s001/ses-dwi/func/sub-s001_ses-dwi_task-vw_acq-mb4mesl56_run-2_events.tsv;/mnt/ceph/groups_hdd/SCCGroup/neurocognition_lab/ANCLANG/anclang/sub-s001/ses-mov/func/sub-s001_ses-mov_task-vw_acq-mb4mesl56_run-1_events.tsv;/mnt/ceph/groups_hdd/SCCGroup/neurocognition_lab/ANCLANG/anclang/sub-s001/ses-mov/func/sub-s001_ses-mov_task-vw_acq-mb4mesl56_run-2_events.tsv;/mnt/ceph/groups_hdd/SCCGroup/neurocognition_lab/ANCLANG/anclang/sub-s001/ses-mpm/func/sub-s001_ses-mpm_task-vw_acq-mb4mesl56_run-1_events.tsv	/mnt/ceph/groups_hdd/SCCGroup/neurocognition_lab/ANCLANG/data/sub-s001/ses-t2w/sub-s001_ses-t2w_task-vw_acq-mb4mesl56_run-1_desc-confounds_timeseries.tsv;/mnt/ceph/groups_hdd/SCCGroup/neurocognition_lab/ANCLANG/data/sub-s001/ses-t2w/sub-s001_ses-t2w_task-vw_acq-mb4mesl56_run-2_desc-confounds_timeseries.tsv;/mnt/ceph/groups_hdd/SCCGroup/neurocognition_lab/ANCLANG/data/sub-s001/ses-dwi/sub-s001_ses-dwi_task-vw_acq-mb4mesl56_run-1_desc-confounds_timeseries.tsv;/mnt/ceph/groups_hdd/SCCGroup/neurocognition_lab/ANCLANG/data/sub-s001/ses-dwi/sub-s001_ses-dwi_task-vw_acq-mb4mesl56_run-2_desc-confounds_timeseries.tsv;/mnt/ceph/groups_hdd/SCCGroup/neurocognition_lab/ANCLANG/data/sub-s001/ses-mov/sub-s001_ses-mov_task-vw_acq-mb4mesl56_run-1_desc-confounds_timeseries.tsv;/mnt/ceph/groups_hdd/SCCGroup/neurocognition_lab/ANCLANG/data/sub-s001/ses-mov/sub-s001_ses-mov_task-vw_acq-mb4mesl56_run-2_desc-confounds_timeseries.tsv;/mnt/ceph/groups_hdd/SCCGroup/neurocognition_lab/ANCLANG/data/sub-s001/ses-mpm/sub-s001_ses-mpm_task-vw_acq-mb4mesl56_run-1_desc-confounds_timeseries.tsv
sub-s001	8	/mnt/ceph/groups_hdd/SCCGroup/neurocognition_lab/ANCLANG/data/sub-s001/ses-t2w/s_sub-s001_ses-t2w_task-vw_run-1_desc-denoised_space-MNI152NLin6Asym_bold.nii;/mnt/ceph/groups_hdd/SCCGroup/neurocognition_lab/ANCLANG/data/sub-s001/ses-t2w/s_sub-s001_ses-t2w_task-vw_run-2_desc-denoised_space-MNI152NLin6Asym_bold.nii;/mnt/ceph/groups_hdd/SCCGroup/neurocognition_lab/ANCLANG/data/sub-s001/ses-dwi/s_sub-s001_ses-dwi_task-vw_run-1_desc-denoised_space-MNI152NLin6Asym_bold.nii;/mnt/ceph/groups_hdd/SCCGroup/neurocognition_lab/ANCLANG/data/sub-s001/ses-dwi/s_sub-s001_ses-dwi_task-vw_run-2_desc-denoised_space-MNI152NLin6Asym_bold.nii;/mnt/ceph/groups_hdd/SCCGroup/neurocognition_lab/ANCLANG/data/sub-s001/ses-mov/s_sub-s001_ses-mov_task-vw_run-1_desc-denoised_space-MNI152NLin6Asym_bold.nii;/mnt/ceph/groups_hdd/SCCGroup/neurocognition_lab/ANCLANG/data/sub-s001/ses-mov/s_sub-s001_ses-mov_task-vw_run-2_desc-denoised_space-MNI152NLin6Asym_bold.nii;/mnt/ceph/groups_hdd/SCCGroup/neurocognition_lab/ANCLANG/data/sub-s001/ses-mpm/s_sub-s001_ses-mpm_task-vw_run-1_desc-denoised_space-MNI152NLin6Asym_bold.nii;/mnt/ceph/groups_hdd/SCCGroup/neurocognition_lab/ANCLANG/data/sub-s001/ses-mpm/s_sub-s001_ses-mpm_task-vw_run-2_desc-denoised_space-MNI152NLin6Asym_bold.nii	/mnt/ceph/groups_hdd/SCCGroup/neurocognition_lab/ANCLANG/anclang/sub-s001/ses-t2w/func/sub-s001_ses-t2w_task-vw_acq-mb4mesl56_run-1_events.tsv;/mnt/ceph/groups_hdd/SCCGroup/neurocognition_lab/ANCLANG/anclang/sub-s001/ses-t2w/func/sub-s001_ses-t2w_task-vw_acq-mb4mesl56_run-2_events.tsv;/mnt/ceph/groups_hdd/SCCGroup/neurocognition_lab/ANCLANG/anclang/sub-s001/ses-dwi/func/sub-s001_ses-dwi_task-vw_acq-mb4mesl56_run-1_events.tsv;/mnt/ceph/groups_hdd/SCCGroup/neurocognition_lab/ANCLANG/anclang/sub-s001/ses-dwi/func/sub-s001_ses-dwi_task-vw_acq-mb4mesl56_run-2_events.tsv;/mnt/ceph/groups_hdd/SCCGroup/neurocognition_lab/ANCLANG/anclang/sub-s001/ses-mov/func/sub-s001_ses-mov_task-vw_acq-mb4mesl56_run-1_events.tsv;/mnt/ceph/groups_hdd/SCCGroup/neurocognition_lab/ANCLANG/anclang/sub-s001/ses-mov/func/sub-s001_ses-mov_task-vw_acq-mb4mesl56_run-2_events.tsv;/mnt/ceph/groups_hdd/SCCGroup/neurocognition_lab/ANCLANG/anclang/sub-s001/ses-mpm/func/sub-s001_ses-mpm_task-vw_acq-mb4mesl56_run-1_events.tsv;/mnt/ceph/groups_hdd/SCCGroup/neurocognition_lab/ANCLANG/anclang/sub-s001/ses-mpm/func/sub-s001_ses-mpm_task-vw_acq-mb4mesl56_run-2_events.tsv	/mnt/ceph/groups_hdd/SCCGroup/neurocognition_lab/ANCLANG/data/sub-s001/ses-t2w/sub-s001_ses-t2w_task-vw_acq-mb4mesl56_run-1_desc-confounds_timeseries.tsv;/mnt/ceph/groups_hdd/SCCGroup/neurocognition_lab/ANCLANG/data/sub-s001/ses-t2w/sub-s001_ses-t2w_task-vw_acq-mb4mesl56_run-2_desc-confounds_timeseries.tsv;/mnt/ceph/groups_hdd/SCCGroup/neurocognition_lab/ANCLANG/data/sub-s001/ses-dwi/sub-s001_ses-dwi_task-vw_acq-mb4mesl56_run-1_desc-confounds_timeseries.tsv;/mnt/ceph/groups_hdd/SCCGroup/neurocognition_lab/ANCLANG/data/sub-s001/ses-dwi/sub-s001_ses-dwi_task-vw_acq-mb4mesl56_run-2_desc-confounds_timeseries.tsv;/mnt/ceph/groups_hdd/SCCGroup/neurocognition_lab/ANCLANG/data/sub-s001/ses-mov/sub-s001_ses-mov_task-vw_acq-mb4mesl56_run-1_desc-confounds_timeseries.tsv;/mnt/ceph/groups_hdd/SCCGroup/neurocognition_lab/ANCLANG/data/sub-s001/ses-mov/sub-s001_ses-mov_task-vw_acq-mb4mesl56_run-2_desc-confounds_timeseries.tsv;/mnt/ceph/groups_hdd/SCCGroup/neurocognition_lab/ANCLANG/data/sub-s001/ses-mpm/sub-s001_ses-mpm_task-vw_acq-mb4mesl56_run-1_desc-confounds_timeseries.tsv;/mnt/ceph/groups_hdd/SCCGroup/neurocognition_lab/ANCLANG/data/sub-s001/ses-mpm/sub-s001_ses-mpm_task-vw_acq-mb4mesl56_run-2_desc-confounds_timeseries.tsv
sub-s002	1	/mnt/ceph/groups_hdd/SCCGroup/neurocognition_lab/ANCLANG/data/sub-s002/ses-dwi/s_sub-s002_ses-dwi_task-vw_run-1_desc-denoised_space-MNI152NLin6Asym_bold.nii	/mnt/ceph/groups_hdd/SCCGroup/neurocognition_lab/ANCLANG/anclang/sub-s002/ses-dwi/func/sub-s002_ses-dwi_task-vw_acq-mb4mesl56_run-1_events.tsv	/mnt/ceph/groups_hdd/SCCGroup/neurocognition_lab/ANCLANG/data/sub-s002/ses-dwi/sub-s002_ses-dwi_task-vw_acq-mb4mesl56_run-1_desc-confounds_timeseries.tsv
sub-s002	2	/mnt/ceph/groups_hdd/SCCGroup/neurocognition_lab/ANCLANG/data/sub-s002/ses-dwi/s_sub-s002_ses-dwi_task-vw_run-1_desc-denoised_space-MNI152NLin6Asym_bold.nii;/mnt/ceph/groups_hdd/SCCGroup/neurocognition_lab/ANCLANG/data/sub-s002/ses-dwi/s_sub-s002_ses-dwi_task-vw_run-2_desc-denoised_space-MNI152NLin6Asym_bold.nii	/mnt/ceph/groups_hdd/SCCGroup/neurocognition_lab/ANCLANG/anclang/sub-s002/ses-dwi/func/sub-s002_ses-dwi_task-vw_acq-mb4mesl56_run-1_events.tsv;/mnt/ceph/groups_hdd/SCCGroup/neurocognition_lab/ANCLANG/anclang/sub-s002/ses-dwi/func/sub-s002_ses-dwi_task-vw_acq-mb4mesl56_run-2_events.tsv	/mnt/ceph/groups_hdd/SCCGroup/neurocognition_lab/ANCLANG/data/sub-s002/ses-dwi/sub-s002_ses-dwi_task-vw_acq-mb4mesl56_run-1_desc-confounds_timeseries.tsv;/mnt/ceph/groups_hdd/SCCGroup/neurocognition_lab/ANCLANG/data/sub-s002/ses-dwi/sub-s002_ses-dwi_task-vw_acq-mb4mesl56_run-2_desc-confounds_timeseries.tsv
sub-s002	3	/mnt/ceph/groups_hdd/SCCGroup/neurocognition_lab/ANCLANG/data/sub-s002/ses-dwi/s_sub-s002_ses-dwi_task-vw_run-1_desc-denoised_space-MNI152NLin6Asym_bold.nii;/mnt/ceph/groups_hdd/SCCGroup/neurocognition_lab/ANCLANG/data/sub-s002/ses-dwi/s_sub-s002_ses-dwi_task-vw_run-2_desc-denoised_space-MNI152NLin6Asym_bold.nii;/mnt/ceph/groups_hdd/SCCGroup/neurocognition_lab/ANCLANG/data/sub-s002/ses-mpm/s_sub-s002_ses-mpm_task-vw_run-1_desc-denoised_space-MNI152NLin6Asym_bold.nii	/mnt/ceph/groups_hdd/SCCGroup/neurocognition_lab/ANCLANG/anclang/sub-s002/ses-dwi/func/sub-s002_ses-dwi_task-vw_acq-mb4mesl56_run-1_events.tsv;/mnt/ceph/groups_hdd/SCCGroup/neurocognition_lab/ANCLANG/anclang/sub-s002/ses-dwi/func/sub-s002_ses-dwi_task-vw_acq-mb4mesl56_run-2_events.tsv;/mnt/ceph/groups_hdd/SCCGroup/neurocognition_lab/ANCLANG/anclang/sub-s002/ses-mpm/func/sub-s002_ses-mpm_task-vw_acq-mb4mesl56_run-1_events.tsv	/mnt/ceph/groups_hdd/SCCGroup/neurocognition_lab/ANCLANG/data/sub-s002/ses-dwi/sub-s002_ses-dwi_task-vw_acq-mb4mesl56_run-1_desc-confounds_timeseries.tsv;/mnt/ceph/groups_hdd/SCCGroup/neurocognition_lab/ANCLANG/data/sub-s002/ses-dwi/sub-s002_ses-dwi_task-vw_acq-mb4mesl56_run-2_desc-confounds_timeseries.tsv;/mnt/ceph/groups_hdd/SCCGroup/neurocognition_lab/ANCLANG/data/sub-s002/ses-mpm/sub-s002_ses-mpm_task-vw_acq-mb4mesl56_run-1_desc-confounds_timeseries.tsv
sub-s002	4	/mnt/ceph/groups_hdd/SCCGroup/neurocognition_lab/ANCLANG/data/sub-s002/ses-dwi/s_sub-s002_ses-dwi_task-vw_run-1_desc-denoised_space-MNI152NLin6Asym_bold.nii;/mnt/ceph/groups_hdd/SCCGroup/neurocognition_lab/ANCLANG/data/sub-s002/ses-dwi/s_sub-s002_ses-dwi_task-vw_run-2_desc-denoised_space-MNI152NLin6Asym_bold.nii;/mnt/ceph/groups_hdd/SCCGroup/neurocognition_lab/ANCLANG/data/sub-s002/ses-mpm/s_sub-s002_ses-mpm_task-vw_run-1_desc-denoised_space-MNI152NLin6Asym_bold.nii;/mnt/ceph/groups_hdd/SCCGroup/neurocognition_lab/ANCLANG/data/sub-s002/ses-mpm/s_sub-s002_ses-mpm_task-vw_run-2_desc-denoised_space-MNI152NLin6Asym_bold.nii	/mnt/ceph/groups_hdd/SCCGroup/neurocognition_lab/ANCLANG/anclang/sub-s002/ses-dwi/func/sub-s002_ses-dwi_task-vw_acq-mb4mesl56_run-1_events.tsv;/mnt/ceph/groups_hdd/SCCGroup/neurocognition_lab/ANCLANG/anclang/sub-s002/ses-dwi/func/sub-s002_ses-dwi_task-vw_acq-mb4mesl56_run-2_events.tsv;/mnt/ceph/groups_hdd/SCCGroup/neurocognition_lab/ANCLANG/anclang/sub-s002/ses-mpm/func/sub-s002_ses-mpm_task-vw_acq-mb4mesl56_run-1_events.tsv;/mnt/ceph/groups_hdd/SCCGroup/neurocognition_lab/ANCLANG/anclang/sub-s002/ses-mpm/func/sub-s002_ses-mpm_task-vw_acq-mb4mesl56_run-2_events.tsv	/mnt/ceph/groups_hdd/SCCGroup/neurocognition_lab/ANCLANG/data/sub-s002/ses-dwi/sub-s002_ses-dwi_task-vw_acq-mb4mesl56_run-1_desc-confounds_timeseries.tsv;/mnt/ceph/groups_hdd/SCCGroup/neurocognition_lab/ANCLANG/data/sub-s002/ses-dwi/sub-s002_ses-dwi_task-vw_acq-mb4mesl56_run-2_desc-confounds_timeseries.tsv;/mnt/ceph/groups_hdd/SCCGroup/neurocognition_lab/ANCLANG/data/sub-s002/ses-mpm/sub-s002_ses-mpm_task-vw_acq-mb4mesl56_run-1_desc-confounds_timeseries.tsv;/mnt/ceph/groups_hdd/SCCGroup/neurocognition_lab/ANCLANG/data/sub-s002/ses-mpm/sub-s002_ses-mpm_task-vw_acq-mb4mesl56_run-2_desc-confounds_timeseries.tsv
sub-s002	5	/mnt/ceph/groups_hdd/SCCGroup/neurocognition_lab/ANCLANG/data/sub-s002/ses-dwi/s_sub-s002_ses-dwi_task-vw_run-1_desc-denoised_space-MNI152NLin6Asym_bold.nii;/mnt/ceph/groups_hdd/SCCGroup/neurocognition_lab/ANCLANG/data/sub-s002/ses-dwi/s_sub-s002_ses-dwi_task-vw_run-2_desc-denoised_space-MNI152NLin6Asym_bold.nii;/mnt/ceph/groups_hdd/SCCGroup/neurocognition_lab/ANCLANG/data/sub-s002/ses-mpm/s_sub-s002_ses-mpm_task-vw_run-1_desc-denoised_space-MNI152NLin6Asym_bold.nii;/mnt/ceph/groups_hdd/SCCGroup/neurocognition_lab/ANCLANG/data/sub-s002/ses-mpm/s_sub-s002_ses-mpm_task-vw_run-2_desc-denoised_space-MNI152NLin6Asym_bold.nii;/mnt/ceph/groups_hdd/SCCGroup/neurocognition_lab/ANCLANG/data/sub-s002/ses-t2w/s_sub-s002_ses-t2w_task-vw_run-1_desc-denoised_space-MNI152NLin6Asym_bold.nii	/mnt/ceph/groups_hdd/SCCGroup/neurocognition_lab/ANCLANG/anclang/sub-s002/ses-dwi/func/sub-s002_ses-dwi_task-vw_acq-mb4mesl56_run-1_events.tsv;/mnt/ceph/groups_hdd/SCCGroup/neurocognition_lab/ANCLANG/anclang/sub-s002/ses-dwi/func/sub-s002_ses-dwi_task-vw_acq-mb4mesl56_run-2_events.tsv;/mnt/ceph/groups_hdd/SCCGroup/neurocognition_lab/ANCLANG/anclang/sub-s002/ses-mpm/func/sub-s002_ses-mpm_task-vw_acq-mb4mesl56_run-1_events.tsv;/mnt/ceph/groups_hdd/SCCGroup/neurocognition_lab/ANCLANG/anclang/sub-s002/ses-mpm/func/sub-s002_ses-mpm_task-vw_acq-mb4mesl56_run-2_events.tsv;/mnt/ceph/groups_hdd/SCCGroup/neurocognition_lab/ANCLANG/anclang/sub-s002/ses-t2w/func/sub-s002_ses-t2w_task-vw_acq-mb4mesl56_run-1_events.tsv	/mnt/ceph/groups_hdd/SCCGroup/neurocognition_lab/ANCLANG/data/sub-s002/ses-dwi/sub-s002_ses-dwi_task-vw_acq-mb4mesl56_run-1_desc-confounds_timeseries.tsv;/mnt/ceph/groups_hdd/SCCGroup/neurocognition_lab/ANCLANG/data/sub-s002/ses-dwi/sub-s002_ses-dwi_task-vw_acq-mb4mesl56_run-2_desc-confounds_timeseries.tsv;/mnt/ceph/groups_hdd/SCCGroup/neurocognition_lab/ANCLANG/data/sub-s002/ses-mpm/sub-s002_ses-mpm_task-vw_acq-mb4mesl56_run-1_desc-confounds_timeseries.tsv;/mnt/ceph/groups_hdd/SCCGroup/neurocognition_lab/ANCLANG/data/sub-s002/ses-mpm/sub-s002_ses-mpm_task-vw_acq-mb4mesl56_run-2_desc-confounds_timeseries.tsv;/mnt/ceph/groups_hdd/SCCGroup/neurocognition_lab/ANCLANG/data/sub-s002/ses-t2w/sub-s002_ses-t2w_task-vw_acq-mb4mesl56_run-1_desc-confounds_timeseries.tsv
sub-s002	6	/mnt/ceph/groups_hdd/SCCGroup/neurocognition_lab/ANCLANG/data/sub-s002/ses-dwi/s_sub-s002_ses-dwi_task-vw_run-1_desc-denoised_space-MNI152NLin6Asym_bold.nii;/mnt/ceph/groups_hdd/SCCGroup/neurocognition_lab/ANCLANG/data/sub-s002/ses-dwi/s_sub-s002_ses-dwi_task-vw_run-2_desc-denoised_space-MNI152NLin6Asym_bold.nii;/mnt/ceph/groups_hdd/SCCGroup/neurocognition_lab/ANCLANG/data/sub-s002/ses-mpm/s_sub-s002_ses-mpm_task-vw_run-1_desc-denoised_space-MNI152NLin6Asym_bold.nii;/mnt/ceph/groups_hdd/SCCGroup/neurocognition_lab/ANCLANG/data/sub-s002/ses-mpm/s_sub-s002_ses-mpm_task-vw_run-2_desc-denoised_space-MNI152NLin6Asym_bold.nii;/mnt/ceph/groups_hdd/SCCGroup/neurocognition_lab/ANCLANG/data/sub-s002/ses-t2w/s_sub-s002_ses-t2w_task-vw_run-1_desc-denoised_space-MNI152NLin6Asym_bold.nii;/mnt/ceph/groups_hdd/SCCGroup/neurocognition_lab/ANCLANG/data/sub-s002/ses-t2w/s_sub-s002_ses-t2w_task-vw_run-2_desc-denoised_space-MNI152NLin6Asym_bold.nii	/mnt/ceph/groups_hdd/SCCGroup/neurocognition_lab/ANCLANG/anclang/sub-s002/ses-dwi/func/sub-s002_ses-dwi_task-vw_acq-mb4mesl56_run-1_events.tsv;/mnt/ceph/groups_hdd/SCCGroup/neurocognition_lab/ANCLANG/anclang/sub-s002/ses-dwi/func/sub-s002_ses-dwi_task-vw_acq-mb4mesl56_run-2_events.tsv;/mnt/ceph/groups_hdd/SCCGroup/neurocognition_lab/ANCLANG/anclang/sub-s002/ses-mpm/func/sub-s002_ses-mpm_task-vw_acq-mb4mesl56_run-1_events.tsv;/mnt/ceph/groups_hdd/SCCGroup/neurocognition_lab/ANCLANG/anclang/sub-s002/ses-mpm/func/sub-s002_ses-mpm_task-vw_acq-mb4mesl56_run-2_events.tsv;/mnt/ceph/groups_hdd/SCCGroup/neurocognition_lab/ANCLANG/anclang/sub-s002/ses-t2w/func/sub-s002_ses-t2w_task-vw_acq-mb4mesl56_run-1_events.tsv;/mnt/ceph/groups_hdd/SCCGroup/neurocognition_lab/ANCLANG/anclang/sub-s002/ses-t2w/func/sub-s002_ses-t2w_task-vw_acq-mb4mesl56_run-2_events.tsv	/mnt/ceph/groups_hdd/SCCGroup/neurocognition_lab/ANCLANG/data/sub-s002/ses-dwi/sub-s002_ses-dwi_task-vw_acq-mb4mesl56_run-1_desc-confounds_timeseries.tsv;/mnt/ceph/groups_hdd/SCCGroup/neurocognition_lab/ANCLANG/data/sub-s002/ses-dwi/sub-s002_ses-dwi_task-vw_acq-mb4mesl56_run-2_desc-confounds_timeseries.tsv;/mnt/ceph/groups_hdd/SCCGroup/neurocognition_lab/ANCLANG/data/sub-s002/ses-mpm/sub-s002_ses-mpm_task-vw_acq-mb4mesl56_run-1_desc-confounds_timeseries.tsv;/mnt/ceph/groups_hdd/SCCGroup/neurocognition_lab/ANCLANG/data/sub-s002/ses-mpm/sub-s002_ses-mpm_task-vw_acq-mb4mesl56_run-2_desc-confounds_timeseries.tsv;/mnt/ceph/groups_hdd/SCCGroup/neurocognition_lab/ANCLANG/data/sub-s002/ses-t2w/sub-s002_ses-t2w_task-vw_acq-mb4mesl56_run-1_desc-confounds_timeseries.tsv;/mnt/ceph/groups_hdd/SCCGroup/neurocognition_lab/ANCLANG/data/sub-s002/ses-t2w/sub-s002_ses-t2w_task-vw_acq-mb4mesl56_run-2_desc-confounds_timeseries.tsv
sub-s002	7	/mnt/ceph/groups_hdd/SCCGroup/neurocognition_lab/ANCLANG/data/sub-s002/ses-dwi/s_sub-s002_ses-dwi_task-vw_run-1_desc-denoised_space-MNI152NLin6Asym_bold.nii;/mnt/ceph/groups_hdd/SCCGroup/neurocognition_lab/ANCLANG/data/sub-s002/ses-dwi/s_sub-s002_ses-dwi_task-vw_run-2_desc-denoised_space-MNI152NLin6Asym_bold.nii;/mnt/ceph/groups_hdd/SCCGroup/neurocognition_lab/ANCLANG/data/sub-s002/ses-mpm/s_sub-s002_ses-mpm_task-vw_run-1_desc-denoised_space-MNI152NLin6Asym_bold.nii;/mnt/ceph/groups_hdd/SCCGroup/neurocognition_lab/ANCLANG/data/sub-s002/ses-mpm/s_sub-s002_ses-mpm_task-vw_run-2_desc-denoised_space-MNI152NLin6Asym_bold.nii;/mnt/ceph/groups_hdd/SCCGroup/neurocognition_lab/ANCLANG/data/sub-s002/ses-t2w/s_sub-s002_ses-t2w_task-vw_run-1_desc-denoised_space-MNI152NLin6Asym_bold.nii;/mnt/ceph/groups_hdd/SCCGroup/neurocognition_lab/ANCLANG/data/sub-s002/ses-t2w/s_sub-s002_ses-t2w_task-vw_run-2_desc-denoised_space-MNI152NLin6Asym_bold.nii;/mnt/ceph/groups_hdd/SCCGroup/neurocognition_lab/ANCLANG/data/sub-s002/ses-mov/s_sub-s002_ses-mov_task-vw_run-1_desc-denoised_space-MNI152NLin6Asym_bold.nii	/mnt/ceph/groups_hdd/SCCGroup/neurocognition_lab/ANCLANG/anclang/sub-s002/ses-dwi/func/sub-s002_ses-dwi_task-vw_acq-mb4mesl56_run-1_events.tsv;/mnt/ceph/groups_hdd/SCCGroup/neurocognition_lab/ANCLANG/anclang/sub-s002/ses-dwi/func/sub-s002_ses-dwi_task-vw_acq-mb4mesl56_run-2_events.tsv;/mnt/ceph/groups_hdd/SCCGroup/neurocognition_lab/ANCLANG/anclang/sub-s002/ses-mpm/func/sub-s002_ses-mpm_task-vw_acq-mb4mesl56_run-1_events.tsv;/mnt/ceph/groups_hdd/SCCGroup/neurocognition_lab/ANCLANG/anclang/sub-s002/ses-mpm/func/sub-s002_ses-mpm_task-vw_acq-mb4mesl56_run-2_events.tsv;/mnt/ceph/groups_hdd/SCCGroup/neurocognition_lab/ANCLANG/anclang/sub-s002/ses-t2w/func/sub-s002_ses-t2w_task-vw_acq-mb4mesl56_run-1_events.tsv;/mnt/ceph/groups_hdd/SCCGroup/neurocognition_lab/ANCLANG/anclang/sub-s002/ses-t2w/func/sub-s002_ses-t2w_task-vw_acq-mb4mesl56_run-2_events.tsv;/mnt/ceph/groups_hdd/SCCGroup/neurocognition_lab/ANCLANG/anclang/sub-s002/ses-mov/func/sub-s002_ses-mov_task-vw_acq-mb4mesl56_run-1_events.tsv	/mnt/ceph/groups_hdd/SCCGroup/neurocognition_lab/ANCLANG/data/sub-s002/ses-dwi/sub-s002_ses-dwi_task-vw_acq-mb4mesl56_run-1_desc-confounds_timeseries.tsv;/mnt/ceph/groups_hdd/SCCGroup/neurocognition_lab/ANCLANG/data/sub-s002/ses-dwi/sub-s002_ses-dwi_task-vw_acq-mb4mesl56_run-2_desc-confounds_timeseries.tsv;/mnt/ceph/groups_hdd/SCCGroup/neurocognition_lab/ANCLANG/data/sub-s002/ses-mpm/sub-s002_ses-mpm_task-vw_acq-mb4mesl56_run-1_desc-confounds_timeseries.tsv;/mnt/ceph/groups_hdd/SCCGroup/neurocognition_lab/ANCLANG/data/sub-s002/ses-mpm/sub-s002_ses-mpm_task-vw_acq-mb4mesl56_run-2_desc-confounds_timeseries.tsv;/mnt/ceph/groups_hdd/SCCGroup/neurocognition_lab/ANCLANG/data/sub-s002/ses-t2w/sub-s002_ses-t2w_task-vw_acq-mb4mesl56_run-1_desc-confounds_timeseries.tsv;/mnt/ceph/groups_hdd/SCCGroup/neurocognition_lab/ANCLANG/data/sub-s002/ses-t2w/sub-s002_ses-t2w_task-vw_acq-mb4mesl56_run-2_desc-confounds_timeseries.tsv;/mnt/ceph/groups_hdd/SCCGroup/neurocognition_lab/ANCLANG/data/sub-s002/ses-mov/sub-s002_ses-mov_task-vw_acq-mb4mesl56_run-1_desc-confounds_timeseries.tsv
sub-s002	8	/mnt/ceph/groups_hdd/SCCGroup/neurocognition_lab/ANCLANG/data/sub-s002/ses-dwi/s_sub-s002_ses-dwi_task-vw_run-1_desc-denoised_space-MNI152NLin6Asym_bold.nii;/mnt/ceph/groups_hdd/SCCGroup/neurocognition_lab/ANCLANG/data/sub-s002/ses-dwi/s_sub-s002_ses-dwi_task-vw_run-2_desc-denoised_space-MNI152NLin6Asym_bold.nii;/mnt/ceph/groups_hdd/SCCGroup/neurocognition_lab/ANCLANG/data/sub-s002/ses-mpm/s_sub-s002_ses-mpm_task-vw_run-1_desc-denoised_space-MNI152NLin6Asym_bold.nii;/mnt/ceph/groups_hdd/SCCGroup/neurocognition_lab/ANCLANG/data/sub-s002/ses-mpm/s_sub-s002_ses-mpm_task-vw_run-2_desc-denoised_space-MNI152NLin6Asym_bold.nii;/mnt/ceph/groups_hdd/SCCGroup/neurocognition_lab/ANCLANG/data/sub-s002/ses-t2w/s_sub-s002_ses-t2w_task-vw_run-1_desc-denoised_space-MNI152NLin6Asym_bold.nii;/mnt/ceph/groups_hdd/SCCGroup/neurocognition_lab/ANCLANG/data/sub-s002/ses-t2w/s_sub-s002_ses-t2w_task-vw_run-2_desc-denoised_space-MNI152NLin6Asym_bold.nii;/mnt/ceph/groups_hdd/SCCGroup/neurocognition_lab/ANCLANG/data/sub-s002/ses-mov/s_sub-s002_ses-mov_task-vw_run-1_desc-denoised_space-MNI152NLin6Asym_bold.nii;/mnt/ceph/groups_hdd/SCCGroup/neurocognition_lab/ANCLANG/data/sub-s002/ses-mov/s_sub-s002_ses-mov_task-vw_run-2_desc-denoised_space-MNI152NLin6Asym_bold.nii	/mnt/ceph/groups_hdd/SCCGroup/neurocognition_lab/ANCLANG/anclang/sub-s002/ses-dwi/func/sub-s002_ses-dwi_task-vw_acq-mb4mesl56_run-1_events.tsv;/mnt/ceph/groups_hdd/SCCGroup/neurocognition_lab/ANCLANG/anclang/sub-s002/ses-dwi/func/sub-s002_ses-dwi_task-vw_acq-mb4mesl56_run-2_events.tsv;/mnt/ceph/groups_hdd/SCCGroup/neurocognition_lab/ANCLANG/anclang/sub-s002/ses-mpm/func/sub-s002_ses-mpm_task-vw_acq-mb4mesl56_run-1_events.tsv;/mnt/ceph/groups_hdd/SCCGroup/neurocognition_lab/ANCLANG/anclang/sub-s002/ses-mpm/func/sub-s002_ses-mpm_task-vw_acq-mb4mesl56_run-2_events.tsv;/mnt/ceph/groups_hdd/SCCGroup/neurocognition_lab/ANCLANG/anclang/sub-s002/ses-t2w/func/sub-s002_ses-t2w_task-vw_acq-mb4mesl56_run-1_events.tsv;/mnt/ceph/groups_hdd/SCCGroup/neurocognition_lab/ANCLANG/anclang/sub-s002/ses-t2w/func/sub-s002_ses-t2w_task-vw_acq-mb4mesl56_run-2_events.tsv;/mnt/ceph/groups_hdd/SCCGroup/neurocognition_lab/ANCLANG/anclang/sub-s002/ses-mov/func/sub-s002_ses-mov_task-vw_acq-mb4mesl56_run-1_events.tsv;/mnt/ceph/groups_hdd/SCCGroup/neurocognition_lab/ANCLANG/anclang/sub-s002/ses-mov/func/sub-s002_ses-mov_task-vw_acq-mb4mesl56_run-2_events.tsv	/mnt/ceph/groups_hdd/SCCGroup/neurocognition_lab/ANCLANG/data/sub-s002/ses-dwi/sub-s002_ses-dwi_task-vw_acq-mb4mesl56_run-1_desc-confounds_timeseries.tsv;/mnt/ceph/groups_hdd/SCCGroup/neurocognition_lab/ANCLANG/data/sub-s002/ses-dwi/sub-s002_ses-dwi_task-vw_acq-mb4mesl56_run-2_desc-confounds_timeseries.tsv;/mnt/ceph/groups_hdd/SCCGroup/neurocognition_lab/ANCLANG/data/sub-s002/ses-mpm/sub-s002_ses-mpm_task-vw_acq-mb4mesl56_run-1_desc-confounds_timeseries.tsv;/mnt/ceph/groups_hdd/SCCGroup/neurocognition_lab/ANCLANG/data/sub-s002/ses-mpm/sub-s002_ses-mpm_task-vw_acq-mb4mesl56_run-2_desc-confounds_timeseries.tsv;/mnt/ceph/groups_hdd/SCCGroup/neurocognition_lab/ANCLANG/data/sub-s002/ses-t2w/sub-s002_ses-t2w_task-vw_acq-mb4mesl56_run-1_desc-confounds_timeseries.tsv;/mnt/ceph/groups_hdd/SCCGroup/neurocognition_lab/ANCLANG/data/sub-s002/ses-t2w/sub-s002_ses-t2w_task-vw_acq-mb4mesl56_run-2_desc-confounds_timeseries.tsv;/mnt/ceph/groups_hdd/SCCGroup/neurocognition_lab/ANCLANG/data/sub-s002/ses-mov/sub-s002_ses-mov_task-vw_acq-mb4mesl56_run-1_desc-confounds_timeseries.tsv;/mnt/ceph/groups_hdd/SCCGroup/neurocognition_lab/ANCLANG/data/sub-s002/ses-mov/sub-s002_ses-mov_task-vw_acq-mb4mesl56_run-2_desc-confounds_timeseries.tsv
sub-s003	1	/mnt/ceph/groups_hdd/SCCGroup/neurocognition_lab/ANCLANG/data/sub-s003/ses-mov/s_sub-s003_ses-mov_task-vw_run-1_desc-denoised_space-MNI152NLin6Asym_bold.nii	/mnt/ceph/groups_hdd/SCCGroup/neurocognition_lab/ANCLANG/anclang/sub-s003/ses-mov/func/sub-s003_ses-mov_task-vw_acq-mb4mesl56_run-1_events.tsv	/mnt/ceph/groups_hdd/SCCGroup/neurocognition_lab/ANCLANG/data/sub-s003/ses-mov/sub-s003_ses-mov_task-vw_acq-mb4mesl56_run-1_desc-confounds_timeseries.tsv
sub-s003	2	/mnt/ceph/groups_hdd/SCCGroup/neurocognition_lab/ANCLANG/data/sub-s003/ses-mov/s_sub-s003_ses-mov_task-vw_run-1_desc-denoised_space-MNI152NLin6Asym_bold.nii;/mnt/ceph/groups_hdd/SCCGroup/neurocognition_lab/ANCLANG/data/sub-s003/ses-mov/s_sub-s003_ses-mov_task-vw_run-2_desc-denoised_space-MNI152NLin6Asym_bold.nii	/mnt/ceph/groups_hdd/SCCGroup/neurocognition_lab/ANCLANG/anclang/sub-s003/ses-mov/func/sub-s003_ses-mov_task-vw_acq-mb4mesl56_run-1_events.tsv;/mnt/ceph/groups_hdd/SCCGroup/neurocognition_lab/ANCLANG/anclang/sub-s003/ses-mov/func/sub-s003_ses-mov_task-vw_acq-mb4mesl56_run-2_events.tsv	/mnt/ceph/groups_hdd/SCCGroup/neurocognition_lab/ANCLANG/data/sub-s003/ses-mov/sub-s003_ses-mov_task-vw_acq-mb4mesl56_run-1_desc-confounds_timeseries.tsv;/mnt/ceph/groups_hdd/SCCGroup/neurocognition_lab/ANCLANG/data/sub-s003/ses-mov/sub-s003_ses-mov_task-vw_acq-mb4mesl56_run-2_desc-confounds_timeseries.tsv
sub-s003	3	/mnt/ceph/groups_hdd/SCCGroup/neurocognition_lab/ANCLANG/data/sub-s003/ses-mov/s_sub-s003_ses-mov_task-vw_run-1_desc-denoised_space-MNI152NLin6Asym_bold.nii;/mnt/ceph/groups_hdd/SCCGroup/neurocognition_lab/ANCLANG/data/sub-s003/ses-mov/s_sub-s003_ses-mov_task-vw_run-2_desc-denoised_space-MNI152NLin6Asym_bold.nii;/mnt/ceph/groups_hdd/SCCGroup/neurocognition_lab/ANCLANG/data/sub-s003/ses-t2w/s_sub-s003_ses-t2w_task-vw_run-1_desc-denoised_space-MNI152NLin6Asym_bold.nii	/mnt/ceph/groups_hdd/SCCGroup/neurocognition_lab/ANCLANG/anclang/sub-s003/ses-mov/func/sub-s003_ses-mov_task-vw_acq-mb4mesl56_run-1_events.tsv;/mnt/ceph/groups_hdd/SCCGroup/neurocognition_lab/ANCLANG/anclang/sub-s003/ses-mov/func/sub-s003_ses-mov_task-vw_acq-mb4mesl56_run-2_events.tsv;/mnt/ceph/groups_hdd/SCCGroup/neurocognition_lab/ANCLANG/anclang/sub-s003/ses-t2w/func/sub-s003_ses-t2w_task-vw_acq-mb4mesl56_run-1_events.tsv	/mnt/ceph/groups_hdd/SCCGroup/neurocognition_lab/ANCLANG/data/sub-s003/ses-mov/sub-s003_ses-mov_task-vw_acq-mb4mesl56_run-1_desc-confounds_timeseries.tsv;/mnt/ceph/groups_hdd/SCCGroup/neurocognition_lab/ANCLANG/data/sub-s003/ses-mov/sub-s003_ses-mov_task-vw_acq-mb4mesl56_run-2_desc-confounds_timeseries.tsv;/mnt/ceph/groups_hdd/SCCGroup/neurocognition_lab/ANCLANG/data/sub-s003/ses-t2w/sub-s003_ses-t2w_task-vw_acq-mb4mesl56_run-1_desc-confounds_timeseries.tsv
sub-s003	4	/mnt/ceph/groups_hdd/SCCGroup/neurocognition_lab/ANCLANG/data/sub-s003/ses-mov/s_sub-s003_ses-mov_task-vw_run-1_desc-denoised_space-MNI152NLin6Asym_bold.nii;/mnt/ceph/groups_hdd/SCCGroup/neurocognition_lab/ANCLANG/data/sub-s003/ses-mov/s_sub-s003_ses-mov_task-vw_run-2_desc-denoised_space-MNI152NLin6Asym_bold.nii;/mnt/ceph/groups_hdd/SCCGroup/neurocognition_lab/ANCLANG/data/sub-s003/ses-t2w/s_sub-s003_ses-t2w_task-vw_run-1_desc-denoised_space-MNI152NLin6Asym_bold.nii;/mnt/ceph/groups_hdd/SCCGroup/neurocognition_lab/ANCLANG/data/sub-s003/ses-t2w/s_sub-s003_ses-t2w_task-vw_run-2_desc-denoised_space-MNI152NLin6Asym_bold.nii	/mnt/ceph/groups_hdd/SCCGroup/neurocognition_lab/ANCLANG/anclang/sub-s003/ses-mov/func/sub-s003_ses-mov_task-vw_acq-mb4mesl56_run-1_events.tsv;/mnt/ceph/groups_hdd/SCCGroup/neurocognition_lab/ANCLANG/anclang/sub-s003/ses-mov/func/sub-s003_ses-mov_task-vw_acq-mb4mesl56_run-2_events.tsv;/mnt/ceph/groups_hdd/SCCGroup/neurocognition_lab/ANCLANG/anclang/sub-s003/ses-t2w/func/sub-s003_ses-t2w_task-vw_acq-mb4mesl56_run-1_events.tsv;/mnt/ceph/groups_hdd/SCCGroup/neurocognition_lab/ANCLANG/anclang/sub-s003/ses-t2w/func/sub-s003_ses-t2w_task-vw_acq-mb4mesl56_run-2_events.tsv	/mnt/ceph/groups_hdd/SCCGroup/neurocognition_lab/ANCLANG/data/sub-s003/ses-mov/sub-s003_ses-mov_task-vw_acq-mb4mesl56_run-1_desc-confounds_timeseries.tsv;/mnt/ceph/groups_hdd/SCCGroup/neurocognition_lab/ANCLANG/data/sub-s003/ses-mov/sub-s003_ses-mov_task-vw_acq-mb4mesl56_run-2_desc-confounds_timeseries.tsv;/mnt/ceph/groups_hdd/SCCGroup/neurocognition_lab/ANCLANG/data/sub-s003/ses-t2w/sub-s003_ses-t2w_task-vw_acq-mb4mesl56_run-1_desc-confounds_timeseries.tsv;/mnt/ceph/groups_hdd/SCCGroup/neurocognition_lab/ANCLANG/data/sub-s003/ses-t2w/sub-s003_ses-t2w_task-vw_acq-mb4mesl56_run-2_desc-confounds_timeseries.tsv
sub-s003	5	/mnt/ceph/groups_hdd/SCCGroup/neurocognition_lab/ANCLANG/data/sub-s003/ses-mov/s_sub-s003_ses-mov_task-vw_run-1_desc-denoised_space-MNI152NLin6Asym_bold.nii;/mnt/ceph/groups_hdd/SCCGroup/neurocognition_lab/ANCLANG/data/sub-s003/ses-mov/s_sub-s003_ses-mov_task-vw_run-2_desc-denoised_space-MNI152NLin6Asym_bold.nii;/mnt/ceph/groups_hdd/SCCGroup/neurocognition_lab/ANCLANG/data/sub-s003/ses-t2w/s_sub-s003_ses-t2w_task-vw_run-1_desc-denoised_space-MNI152NLin6Asym_bold.nii;/mnt/ceph/groups_hdd/SCCGroup/neurocognition_lab/ANCLANG/data/sub-s003/ses-t2w/s_sub-s003_ses-t2w_task-vw_run-2_desc-denoised_space-MNI152NLin6Asym_bold.nii;/mnt/ceph/groups_hdd/SCCGroup/neurocognition_lab/ANCLANG/data/sub-s003/ses-mpm/s_sub-s003_ses-mpm_task-vw_run-1_desc-denoised_space-MNI152NLin6Asym_bold.nii	/mnt/ceph/groups_hdd/SCCGroup/neurocognition_lab/ANCLANG/anclang/sub-s003/ses-mov/func/sub-s003_ses-mov_task-vw_acq-mb4mesl56_run-1_events.tsv;/mnt/ceph/groups_hdd/SCCGroup/neurocognition_lab/ANCLANG/anclang/sub-s003/ses-mov/func/sub-s003_ses-mov_task-vw_acq-mb4mesl56_run-2_events.tsv;/mnt/ceph/groups_hdd/SCCGroup/neurocognition_lab/ANCLANG/anclang/sub-s003/ses-t2w/func/sub-s003_ses-t2w_task-vw_acq-mb4mesl56_run-1_events.tsv;/mnt/ceph/groups_hdd/SCCGroup/neurocognition_lab/ANCLANG/anclang/sub-s003/ses-t2w/func/sub-s003_ses-t2w_task-vw_acq-mb4mesl56_run-2_events.tsv;/mnt/ceph/groups_hdd/SCCGroup/neurocognition_lab/ANCLANG/anclang/sub-s003/ses-mpm/func/sub-s003_ses-mpm_task-vw_acq-mb4mesl56_run-1_events.tsv	/mnt/ceph/groups_hdd/SCCGroup/neurocognition_lab/ANCLANG/data/sub-s003/ses-mov/sub-s003_ses-mov_task-vw_acq-mb4mesl56_run-1_desc-confounds_timeseries.tsv;/mnt/ceph/groups_hdd/SCCGroup/neurocognition_lab/ANCLANG/data/sub-s003/ses-mov/sub-s003_ses-mov_task-vw_acq-mb4mesl56_run-2_desc-confounds_timeseries.tsv;/mnt/ceph/groups_hdd/SCCGroup/neurocognition_lab/ANCLANG/data/sub-s003/ses-t2w/sub-s003_ses-t2w_task-vw_acq-mb4mesl56_run-1_desc-confounds_timeseries.tsv;/mnt/ceph/groups_hdd/SCCGroup/neurocognition_lab/ANCLANG/data/sub-s003/ses-t2w/sub-s003_ses-t2w_task-vw_acq-mb4mesl56_run-2_desc-confounds_timeseries.tsv;/mnt/ceph/groups_hdd/SCCGroup/neurocognition_lab/ANCLANG/data/sub-s003/ses-mpm/sub-s003_ses-mpm_task-vw_acq-mb4mesl56_run-1_desc-confounds_timeseries.tsv
sub-s003	6	/mnt/ceph/groups_hdd/SCCGroup/neurocognition_lab/ANCLANG/data/sub-s003/ses-mov/s_sub-s003_ses-mov_task-vw_run-1_desc-denoised_space-MNI152NLin6Asym_bold.nii;/mnt/ceph/groups_hdd/SCCGroup/neurocognition_lab/ANCLANG/data/sub-s003/ses-mov/s_sub-s003_ses-mov_task-vw_run-2_desc-denoised_space-MNI152NLin6Asym_bold.nii;/mnt/ceph/groups_hdd/SCCGroup/neurocognition_lab/ANCLANG/data/sub-s003/ses-t2w/s_sub-s003_ses-t2w_task-vw_run-1_desc-denoised_space-MNI152NLin6Asym_bold.nii;/mnt/ceph/groups_hdd/SCCGroup/neurocognition_lab/ANCLANG/data/sub-s003/ses-t2w/s_sub-s003_ses-t2w_task-vw_run-2_desc-denoised_space-MNI152NLin6Asym_bold.nii;/mnt/ceph/groups_hdd/SCCGroup/neurocognition_lab/ANCLANG/data/sub-s003/ses-mpm/s_sub-s003_ses-mpm_task-vw_run-1_desc-denoised_space-MNI152NLin6Asym_bold.nii;/mnt/ceph/groups_hdd/SCCGroup/neurocognition_lab/ANCLANG/data/sub-s003/ses-mpm/s_sub-s003_ses-mpm_task-vw_run-2_desc-denoised_space-MNI152NLin6Asym_bold.nii	/mnt/ceph/groups_hdd/SCCGroup/neurocognition_lab/ANCLANG/anclang/sub-s003/ses-mov/func/sub-s003_ses-mov_task-vw_acq-mb4mesl56_run-1_events.tsv;/mnt/ceph/groups_hdd/SCCGroup/neurocognition_lab/ANCLANG/anclang/sub-s003/ses-mov/func/sub-s003_ses-mov_task-vw_acq-mb4mesl56_run-2_events.tsv;/mnt/ceph/groups_hdd/SCCGroup/neurocognition_lab/ANCLANG/anclang/sub-s003/ses-t2w/func/sub-s003_ses-t2w_task-vw_acq-mb4mesl56_run-1_events.tsv;/mnt/ceph/groups_hdd/SCCGroup/neurocognition_lab/ANCLANG/anclang/sub-s003/ses-t2w/func/sub-s003_ses-t2w_task-vw_acq-mb4mesl56_run-2_events.tsv;/mnt/ceph/groups_hdd/SCCGroup/neurocognition_lab/ANCLANG/anclang/sub-s003/ses-mpm/func/sub-s003_ses-mpm_task-vw_acq-mb4mesl56_run-1_events.tsv;/mnt/ceph/groups_hdd/SCCGroup/neurocognition_lab/ANCLANG/anclang/sub-s003/ses-mpm/func/sub-s003_ses-mpm_task-vw_acq-mb4mesl56_run-2_events.tsv	/mnt/ceph/groups_hdd/SCCGroup/neurocognition_lab/ANCLANG/data/sub-s003/ses-mov/sub-s003_ses-mov_task-vw_acq-mb4mesl56_run-1_desc-confounds_timeseries.tsv;/mnt/ceph/groups_hdd/SCCGroup/neurocognition_lab/ANCLANG/data/sub-s003/ses-mov/sub-s003_ses-mov_task-vw_acq-mb4mesl56_run-2_desc-confounds_timeseries.tsv;/mnt/ceph/groups_hdd/SCCGroup/neurocognition_lab/ANCLANG/data/sub-s003/ses-t2w/sub-s003_ses-t2w_task-vw_acq-mb4mesl56_run-1_desc-confounds_timeseries.tsv;/mnt/ceph/groups_hdd/SCCGroup/neurocognition_lab/ANCLANG/data/sub-s003/ses-t2w/sub-s003_ses-t2w_task-vw_acq-mb4mesl56_run-2_desc-confounds_timeseries.tsv;/mnt/ceph/groups_hdd/SCCGroup/neurocognition_lab/ANCLANG/data/sub-s003/ses-mpm/sub-s003_ses-mpm_task-vw_acq-mb4mesl56_run-1_desc-confounds_timeseries.tsv;/mnt/ceph/groups_hdd/SCCGroup/neurocognition_lab/ANCLANG/data/sub-s003/ses-mpm/sub-s003_ses-mpm_task-vw_acq-mb4mesl56_run-2_desc-confounds_timeseries.tsv
sub-s003	7	/mnt/ceph/groups_hdd/SCCGroup/neurocognition_lab/ANCLANG/data/sub-s003/ses-mov/s_sub-s003_ses-mov_task-vw_run-1_desc-denoised_space-MNI152NLin6Asym_bold.nii;/mnt/ceph/groups_hdd/SCCGroup/neurocognition_lab/ANCLANG/data/sub-s003/ses-mov/s_sub-s003_ses-mov_task-vw_run-2_desc-denoised_space-MNI152NLin6Asym_bold.nii;/mnt/ceph/groups_hdd/SCCGroup/neurocognition_lab/ANCLANG/data/sub-s003/ses-t2w/s_sub-s003_ses-t2w_task-vw_run-1_desc-denoised_space-MNI152NLin6Asym_bold.nii;/mnt/ceph/groups_hdd/SCCGroup/neurocognition_lab/ANCLANG/data/sub-s003/ses-t2w/s_sub-s003_ses-t2w_task-vw_run-2_desc-denoised_space-MNI152NLin6Asym_bold.nii;/mnt/ceph/groups_hdd/SCCGroup/neurocognition_lab/ANCLANG/data/sub-s003/ses-mpm/s_sub-s003_ses-mpm_task-vw_run-1_desc-denoised_space-MNI152NLin6Asym_bold.nii;/mnt/ceph/groups_hdd/SCCGroup/neurocognition_lab/ANCLANG/data/sub-s003/ses-mpm/s_sub-s003_ses-mpm_task-vw_run-2_desc-denoised_space-MNI152NLin6Asym_bold.nii;/mnt/ceph/groups_hdd/SCCGroup/neurocognition_lab/ANCLANG/data/sub-s003/ses-dwi/s_sub-s003_ses-dwi_task-vw_run-1_desc-denoised_space-MNI152NLin6Asym_bold.nii	/mnt/ceph/groups_hdd/SCCGroup/neurocognition_lab/ANCLANG/anclang/sub-s003/ses-mov/func/sub-s003_ses-mov_task-vw_acq-mb4mesl56_run-1_events.tsv;/mnt/ceph/groups_hdd/SCCGroup/neurocognition_lab/ANCLANG/anclang/sub-s003/ses-mov/func/sub-s003_ses-mov_task-vw_acq-mb4mesl56_run-2_events.tsv;/mnt/ceph/groups_hdd/SCCGroup/neurocognition_lab/ANCLANG/anclang/sub-s003/ses-t2w/func/sub-s003_ses-t2w_task-vw_acq-mb4mesl56_run-1_events.tsv;/mnt/ceph/groups_hdd/SCCGroup/neurocognition_lab/ANCLANG/anclang/sub-s003/ses-t2w/func/sub-s003_ses-t2w_task-vw_acq-mb4mesl56_run-2_events.tsv;/mnt/ceph/groups_hdd/SCCGroup/neurocognition_lab/ANCLANG/anclang/sub-s003/ses-mpm/func/sub-s003_ses-mpm_task-vw_acq-mb4mesl56_run-1_events.tsv;/mnt/ceph/groups_hdd/SCCGroup/neurocognition_lab/ANCLANG/anclang/sub-s003/ses-mpm/func/sub-s003_ses-mpm_task-vw_acq-mb4mesl56_run-2_events.tsv;/mnt/ceph/groups_hdd/SCCGroup/neurocognition_lab/ANCLANG/anclang/sub-s003/ses-dwi/func/sub-s003_ses-dwi_task-vw_acq-mb4mesl56_run-1_events.tsv	/mnt/ceph/groups_hdd/SCCGroup/neurocognition_lab/ANCLANG/data/sub-s003/ses-mov/sub-s003_ses-mov_task-vw_acq-mb4mesl56_run-1_desc-confounds_timeseries.tsv;/mnt/ceph/groups_hdd/SCCGroup/neurocognition_lab/ANCLANG/data/sub-s003/ses-mov/sub-s003_ses-mov_task-vw_acq-mb4mesl56_run-2_desc-confounds_timeseries.tsv;/mnt/ceph/groups_hdd/SCCGroup/neurocognition_lab/ANCLANG/data/sub-s003/ses-t2w/sub-s003_ses-t2w_task-vw_acq-mb4mesl56_run-1_desc-confounds_timeseries.tsv;/mnt/ceph/groups_hdd/SCCGroup/neurocognition_lab/ANCLANG/data/sub-s003/ses-t2w/sub-s003_ses-t2w_task-vw_acq-mb4mesl56_run-2_desc-confounds_timeseries.tsv;/mnt/ceph/groups_hdd/SCCGroup/neurocognition_lab/ANCLANG/data/sub-s003/ses-mpm/sub-s003_ses-mpm_task-vw_acq-mb4mesl56_run-1_desc-confounds_timeseries.tsv;/mnt/ceph/groups_hdd/SCCGroup/neurocognition_lab/ANCLANG/data/sub-s003/ses-mpm/sub-s003_ses-mpm_task-vw_acq-mb4mesl56_run-2_desc-confounds_timeseries.tsv;/mnt/ceph/groups_hdd/SCCGroup/neurocognition_lab/ANCLANG/data/sub-s003/ses-dwi/sub-s003_ses-dwi_task-vw_acq-mb4mesl56_run-1_desc-confounds_timeseries.tsv
sub-s003	8	/mnt/ceph/groups_hdd/SCCGroup/neurocognition_lab/ANCLANG/data/sub-s003/ses-mov/s_sub-s003_ses-mov_task-vw_run-1_desc-denoised_space-MNI152NLin6Asym_bold.nii;/mnt/ceph/groups_hdd/SCCGroup/neurocognition_lab/ANCLANG/data/sub-s003/ses-mov/s_sub-s003_ses-mov_task-vw_run-2_desc-denoised_space-MNI152NLin6Asym_bold.nii;/mnt/ceph/groups_hdd/SCCGroup/neurocognition_lab/ANCLANG/data/sub-s003/ses-t2w/s_sub-s003_ses-t2w_task-vw_run-1_desc-denoised_space-MNI152NLin6Asym_bold.nii;/mnt/ceph/groups_hdd/SCCGroup/neurocognition_lab/ANCLANG/data/sub-s003/ses-t2w/s_sub-s003_ses-t2w_task-vw_run-2_desc-denoised_space-MNI152NLin6Asym_bold.nii;/mnt/ceph/groups_hdd/SCCGroup/neurocognition_lab/ANCLANG/data/sub-s003/ses-mpm/s_sub-s003_ses-mpm_task-vw_run-1_desc-denoised_space-MNI152NLin6Asym_bold.nii;/mnt/ceph/groups_hdd/SCCGroup/neurocognition_lab/ANCLANG/data/sub-s003/ses-mpm/s_sub-s003_ses-mpm_task-vw_run-2_desc-denoised_space-MNI152NLin6Asym_bold.nii;/mnt/ceph/groups_hdd/SCCGroup/neurocognition_lab/ANCLANG/data/sub-s003/ses-dwi/s_sub-s003_ses-dwi_task-vw_run-1_desc-denoised_space-MNI152NLin6Asym_bold.nii;/mnt/ceph/groups_hdd/SCCGroup/neurocognition_lab/ANCLANG/data/sub-s003/ses-dwi/s_sub-s003_ses-dwi_task-vw_run-2_desc-denoised_space-MNI152NLin6Asym_bold.nii	/mnt/ceph/groups_hdd/SCCGroup/neurocognition_lab/ANCLANG/anclang/sub-s003/ses-mov/func/sub-s003_ses-mov_task-vw_acq-mb4mesl56_run-1_events.tsv;/mnt/ceph/groups_hdd/SCCGroup/neurocognition_lab/ANCLANG/anclang/sub-s003/ses-mov/func/sub-s003_ses-mov_task-vw_acq-mb4mesl56_run-2_events.tsv;/mnt/ceph/groups_hdd/SCCGroup/neurocognition_lab/ANCLANG/anclang/sub-s003/ses-t2w/func/sub-s003_ses-t2w_task-vw_acq-mb4mesl56_run-1_events.tsv;/mnt/ceph/groups_hdd/SCCGroup/neurocognition_lab/ANCLANG/anclang/sub-s003/ses-t2w/func/sub-s003_ses-t2w_task-vw_acq-mb4mesl56_run-2_events.tsv;/mnt/ceph/groups_hdd/SCCGroup/neurocognition_lab/ANCLANG/anclang/sub-s003/ses-mpm/func/sub-s003_ses-mpm_task-vw_acq-mb4mesl56_run-1_events.tsv;/mnt/ceph/groups_hdd/SCCGroup/neurocognition_lab/ANCLANG/anclang/sub-s003/ses-mpm/func/sub-s003_ses-mpm_task-vw_acq-mb4mesl56_run-2_events.tsv;/mnt/ceph/groups_hdd/SCCGroup/neurocognition_lab/ANCLANG/anclang/sub-s003/ses-dwi/func/sub-s003_ses-dwi_task-vw_acq-mb4mesl56_run-1_events.tsv;/mnt/ceph/groups_hdd/SCCGroup/neurocognition_lab/ANCLANG/anclang/sub-s003/ses-dwi/func/sub-s003_ses-dwi_task-vw_acq-mb4mesl56_run-2_events.tsv	/mnt/ceph/groups_hdd/SCCGroup/neurocognition_lab/ANCLANG/data/sub-s003/ses-mov/sub-s003_ses-mov_task-vw_acq-mb4mesl56_run-1_desc-confounds_timeseries.tsv;/mnt/ceph/groups_hdd/SCCGroup/neurocognition_lab/ANCLANG/data/sub-s003/ses-mov/sub-s003_ses-mov_task-vw_acq-mb4mesl56_run-2_desc-confounds_timeseries.tsv;/mnt/ceph/groups_hdd/SCCGroup/neurocognition_lab/ANCLANG/data/sub-s003/ses-t2w/sub-s003_ses-t2w_task-vw_acq-mb4mesl56_run-1_desc-confounds_timeseries.tsv;/mnt/ceph/groups_hdd/SCCGroup/neurocognition_lab/ANCLANG/data/sub-s003/ses-t2w/sub-s003_ses-t2w_task-vw_acq-mb4mesl56_run-2_desc-confounds_timeseries.tsv;/mnt/ceph/groups_hdd/SCCGroup/neurocognition_lab/ANCLANG/data/sub-s003/ses-mpm/sub-s003_ses-mpm_task-vw_acq-mb4mesl56_run-1_desc-confounds_timeseries.tsv;/mnt/ceph/groups_hdd/SCCGroup/neurocognition_lab/ANCLANG/data/sub-s003/ses-mpm/sub-s003_ses-mpm_task-vw_acq-mb4mesl56_run-2_desc-confounds_timeseries.tsv;/mnt/ceph/groups_hdd/SCCGroup/neurocognition_lab/ANCLANG/data/sub-s003/ses-dwi/sub-s003_ses-dwi_task-vw_acq-mb4mesl56_run-1_desc-confounds_timeseries.tsv;/mnt/ceph/groups_hdd/SCCGroup/neurocognition_lab/ANCLANG/data/sub-s003/ses-dwi/sub-s003_ses-dwi_task-vw_acq-mb4mesl56_run-2_desc-confounds_timeseries.tsv
sub-s004	1	/mnt/ceph/groups_hdd/SCCGroup/neurocognition_lab/ANCLANG/data/sub-s004/ses-dwi/s_sub-s004_ses-dwi_task-vw_run-1_desc-denoised_space-MNI152NLin6Asym_bold.nii	/mnt/ceph/groups_hdd/SCCGroup/neurocognition_lab/ANCLANG/anclang/sub-s004/ses-dwi/func/sub-s004_ses-dwi_task-vw_acq-mb4mesl56_run-1_events.tsv	/mnt/ceph/groups_hdd/SCCGroup/neurocognition_lab/ANCLANG/data/sub-s004/ses-dwi/sub-s004_ses-dwi_task-vw_acq-mb4mesl56_run-1_desc-confounds_timeseries.tsv
sub-s004	2	/mnt/ceph/groups_hdd/SCCGroup/neurocognition_lab/ANCLANG/data/sub-s004/ses-dwi/s_sub-s004_ses-dwi_task-vw_run-1_desc-denoised_space-MNI152NLin6Asym_bold.nii;/mnt/ceph/groups_hdd/SCCGroup/neurocognition_lab/ANCLANG/data/sub-s004/ses-dwi/s_sub-s004_ses-dwi_task-vw_run-2_desc-denoised_space-MNI152NLin6Asym_bold.nii	/mnt/ceph/groups_hdd/SCCGroup/neurocognition_lab/ANCLANG/anclang/sub-s004/ses-dwi/func/sub-s004_ses-dwi_task-vw_acq-mb4mesl56_run-1_events.tsv;/mnt/ceph/groups_hdd/SCCGroup/neurocognition_lab/ANCLANG/anclang/sub-s004/ses-dwi/func/sub-s004_ses-dwi_task-vw_acq-mb4mesl56_run-2_events.tsv	/mnt/ceph/groups_hdd/SCCGroup/neurocognition_lab/ANCLANG/data/sub-s004/ses-dwi/sub-s004_ses-dwi_task-vw_acq-mb4mesl56_run-1_desc-confounds_timeseries.tsv;/mnt/ceph/groups_hdd/SCCGroup/neurocognition_lab/ANCLANG/data/sub-s004/ses-dwi/sub-s004_ses-dwi_task-vw_acq-mb4mesl56_run-2_desc-confounds_timeseries.tsv
sub-s004	3	/mnt/ceph/groups_hdd/SCCGroup/neurocognition_lab/ANCLANG/data/sub-s004/ses-dwi/s_sub-s004_ses-dwi_task-vw_run-1_desc-denoised_space-MNI152NLin6Asym_bold.nii;/mnt/ceph/groups_hdd/SCCGroup/neurocognition_lab/ANCLANG/data/sub-s004/ses-dwi/s_sub-s004_ses-dwi_task-vw_run-2_desc-denoised_space-MNI152NLin6Asym_bold.nii;/mnt/ceph/groups_hdd/SCCGroup/neurocognition_lab/ANCLANG/data/sub-s004/ses-mpm/s_sub-s004_ses-mpm_task-vw_run-1_desc-denoised_space-MNI152NLin6Asym_bold.nii	/mnt/ceph/groups_hdd/SCCGroup/neurocognition_lab/ANCLANG/anclang/sub-s004/ses-dwi/func/sub-s004_ses-dwi_task-vw_acq-mb4mesl56_run-1_events.tsv;/mnt/ceph/groups_hdd/SCCGroup/neurocognition_lab/ANCLANG/anclang/sub-s004/ses-dwi/func/sub-s004_ses-dwi_task-vw_acq-mb4mesl56_run-2_events.tsv;/mnt/ceph/groups_hdd/SCCGroup/neurocognition_lab/ANCLANG/anclang/sub-s004/ses-mpm/func/sub-s004_ses-mpm_task-vw_acq-mb4mesl56_run-1_events.tsv	/mnt/ceph/groups_hdd/SCCGroup/neurocognition_lab/ANCLANG/data/sub-s004/ses-dwi/sub-s004_ses-dwi_task-vw_acq-mb4mesl56_run-1_desc-confounds_timeseries.tsv;/mnt/ceph/groups_hdd/SCCGroup/neurocognition_lab/ANCLANG/data/sub-s004/ses-dwi/sub-s004_ses-dwi_task-vw_acq-mb4mesl56_run-2_desc-confounds_timeseries.tsv;/mnt/ceph/groups_hdd/SCCGroup/neurocognition_lab/ANCLANG/data/sub-s004/ses-mpm/sub-s004_ses-mpm_task-vw_acq-mb4mesl56_run-1_desc-confounds_timeseries.tsv
sub-s004	4	/mnt/ceph/groups_hdd/SCCGroup/neurocognition_lab/ANCLANG/data/sub-s004/ses-dwi/s_sub-s004_ses-dwi_task-vw_run-1_desc-denoised_space-MNI152NLin6Asym_bold.nii;/mnt/ceph/groups_hdd/SCCGroup/neurocognition_lab/ANCLANG/data/sub-s004/ses-dwi/s_sub-s004_ses-dwi_task-vw_run-2_desc-denoised_space-MNI152NLin6Asym_bold.nii;/mnt/ceph/groups_hdd/SCCGroup/neurocognition_lab/ANCLANG/data/sub-s004/ses-mpm/s_sub-s004_ses-mpm_task-vw_run-1_desc-denoised_space-MNI152NLin6Asym_bold.nii;/mnt/ceph/groups_hdd/SCCGroup/neurocognition_lab/ANCLANG/data/sub-s004/ses-mpm/s_sub-s004_ses-mpm_task-vw_run-2_desc-denoised_space-MNI152NLin6Asym_bold.nii	/mnt/ceph/groups_hdd/SCCGroup/neurocognition_lab/ANCLANG/anclang/sub-s004/ses-dwi/func/sub-s004_ses-dwi_task-vw_acq-mb4mesl56_run-1_events.tsv;/mnt/ceph/groups_hdd/SCCGroup/neurocognition_lab/ANCLANG/anclang/sub-s004/ses-dwi/func/sub-s004_ses-dwi_task-vw_acq-mb4mesl56_run-2_events.tsv;/mnt/ceph/groups_hdd/SCCGroup/neurocognition_lab/ANCLANG/anclang/sub-s004/ses-mpm/func/sub-s004_ses-mpm_task-vw_acq-mb4mesl56_run-1_events.tsv;/mnt/ceph/groups_hdd/SCCGroup/neurocognition_lab/ANCLANG/anclang/sub-s004/ses-mpm/func/sub-s004_ses-mpm_task-vw_acq-mb4mesl56_run-2_events.tsv	/mnt/ceph/groups_hdd/SCCGroup/neurocognition_lab/ANCLANG/data/sub-s004/ses-dwi/sub-s004_ses-dwi_task-vw_acq-mb4mesl56_run-1_desc-confounds_timeseries.tsv;/mnt/ceph/groups_hdd/SCCGroup/neurocognition_lab/ANCLANG/data/sub-s004/ses-dwi/sub-s004_ses-dwi_task-vw_acq-mb4mesl56_run-2_desc-confounds_timeseries.tsv;/mnt/ceph/groups_hdd/SCCGroup/neurocognition_lab/ANCLANG/data/sub-s004/ses-mpm/sub-s004_ses-mpm_task-vw_acq-mb4mesl56_run-1_desc-confounds_timeseries.tsv;/mnt/ceph/groups_hdd/SCCGroup/neurocognition_lab/ANCLANG/data/sub-s004/ses-mpm/sub-s004_ses-mpm_task-vw_acq-mb4mesl56_run-2_desc-confounds_timeseries.tsv
sub-s004	5	/mnt/ceph/groups_hdd/SCCGroup/neurocognition_lab/ANCLANG/data/sub-s004/ses-dwi/s_sub-s004_ses-dwi_task-vw_run-1_desc-denoised_space-MNI152NLin6Asym_bold.nii;/mnt/ceph/groups_hdd/SCCGroup/neurocognition_lab/ANCLANG/data/sub-s004/ses-dwi/s_sub-s004_ses-dwi_task-vw_run-2_desc-denoised_space-MNI152NLin6Asym_bold.nii;/mnt/ceph/groups_hdd/SCCGroup/neurocognition_lab/ANCLANG/data/sub-s004/ses-mpm/s_sub-s004_ses-mpm_task-vw_run-1_desc-denoised_space-MNI152NLin6Asym_bold.nii;/mnt/ceph/groups_hdd/SCCGroup/neurocognition_lab/ANCLANG/data/sub-s004/ses-mpm/s_sub-s004_ses-mpm_task-vw_run-2_desc-denoised_space-MNI152NLin6Asym_bold.nii;/mnt/ceph/groups_hdd/SCCGroup/neurocognition_lab/ANCLANG/data/sub-s004/ses-t2w/s_sub-s004_ses-t2w_task-vw_run-1_desc-denoised_space-MNI152NLin6Asym_bold.nii	/mnt/ceph/groups_hdd/SCCGroup/neurocognition_lab/ANCLANG/anclang/sub-s004/ses-dwi/func/sub-s004_ses-dwi_task-vw_acq-mb4mesl56_run-1_events.tsv;/mnt/ceph/groups_hdd/SCCGroup/neurocognition_lab/ANCLANG/anclang/sub-s004/ses-dwi/func/sub-s004_ses-dwi_task-vw_acq-mb4mesl56_run-2_events.tsv;/mnt/ceph/groups_hdd/SCCGroup/neurocognition_lab/ANCLANG/anclang/sub-s004/ses-mpm/func/sub-s004_ses-mpm_task-vw_acq-mb4mesl56_run-1_events.tsv;/mnt/ceph/groups_hdd/SCCGroup/neurocognition_lab/ANCLANG/anclang/sub-s004/ses-mpm/func/sub-s004_ses-mpm_task-vw_acq-mb4mesl56_run-2_events.tsv;/mnt/ceph/groups_hdd/SCCGroup/neurocognition_lab/ANCLANG/anclang/sub-s004/ses-t2w/func/sub-s004_ses-t2w_task-vw_acq-mb4mesl56_run-1_events.tsv	/mnt/ceph/groups_hdd/SCCGroup/neurocognition_lab/ANCLANG/data/sub-s004/ses-dwi/sub-s004_ses-dwi_task-vw_acq-mb4mesl56_run-1_desc-confounds_timeseries.tsv;/mnt/ceph/groups_hdd/SCCGroup/neurocognition_lab/ANCLANG/data/sub-s004/ses-dwi/sub-s004_ses-dwi_task-vw_acq-mb4mesl56_run-2_desc-confounds_timeseries.tsv;/mnt/ceph/groups_hdd/SCCGroup/neurocognition_lab/ANCLANG/data/sub-s004/ses-mpm/sub-s004_ses-mpm_task-vw_acq-mb4mesl56_run-1_desc-confounds_timeseries.tsv;/mnt/ceph/groups_hdd/SCCGroup/neurocognition_lab/ANCLANG/data/sub-s004/ses-mpm/sub-s004_ses-mpm_task-vw_acq-mb4mesl56_run-2_desc-confounds_timeseries.tsv;/mnt/ceph/groups_hdd/SCCGroup/neurocognition_lab/ANCLANG/data/sub-s004/ses-t2w/sub-s004_ses-t2w_task-vw_acq-mb4mesl56_run-1_desc-confounds_timeseries.tsv
sub-s004	6	/mnt/ceph/groups_hdd/SCCGroup/neurocognition_lab/ANCLANG/data/sub-s004/ses-dwi/s_sub-s004_ses-dwi_task-vw_run-1_desc-denoised_space-MNI152NLin6Asym_bold.nii;/mnt/ceph/groups_hdd/SCCGroup/neurocognition_lab/ANCLANG/data/sub-s004/ses-dwi/s_sub-s004_ses-dwi_task-vw_run-2_desc-denoised_space-MNI152NLin6Asym_bold.nii;/mnt/ceph/groups_hdd/SCCGroup/neurocognition_lab/ANCLANG/data/sub-s004/ses-mpm/s_sub-s004_ses-mpm_task-vw_run-1_desc-denoised_space-MNI152NLin6Asym_bold.nii;/mnt/ceph/groups_hdd/SCCGroup/neurocognition_lab/ANCLANG/data/sub-s004/ses-mpm/s_sub-s004_ses-mpm_task-vw_run-2_desc-denoised_space-MNI152NLin6Asym_bold.nii;/mnt/ceph/groups_hdd/SCCGroup/neurocognition_lab/ANCLANG/data/sub-s004/ses-t2w/s_sub-s004_ses-t2w_task-vw_run-1_desc-denoised_space-MNI152NLin6Asym_bold.nii;/mnt/ceph/groups_hdd/SCCGroup/neurocognition_lab/ANCLANG/data/sub-s004/ses-t2w/s_sub-s004_ses-t2w_task-vw_run-2_desc-denoised_space-MNI152NLin6Asym_bold.nii	/mnt/ceph/groups_hdd/SCCGroup/neurocognition_lab/ANCLANG/anclang/sub-s004/ses-dwi/func/sub-s004_ses-dwi_task-vw_acq-mb4mesl56_run-1_events.tsv;/mnt/ceph/groups_hdd/SCCGroup/neurocognition_lab/ANCLANG/anclang/sub-s004/ses-dwi/func/sub-s004_ses-dwi_task-vw_acq-mb4mesl56_run-2_events.tsv;/mnt/ceph/groups_hdd/SCCGroup/neurocognition_lab/ANCLANG/anclang/sub-s004/ses-mpm/func/sub-s004_ses-mpm_task-vw_acq-mb4mesl56_run-1_events.tsv;/mnt/ceph/groups_hdd/SCCGroup/neurocognition_lab/ANCLANG/anclang/sub-s004/ses-mpm/func/sub-s004_ses-mpm_task-vw_acq-mb4mesl56_run-2_events.tsv;/mnt/ceph/groups_hdd/SCCGroup/neurocognition_lab/ANCLANG/anclang/sub-s004/ses-t2w/func/sub-s004_ses-t2w_task-vw_acq-mb4mesl56_run-1_events.tsv;/mnt/ceph/groups_hdd/SCCGroup/neurocognition_lab/ANCLANG/anclang/sub-s004/ses-t2w/func/sub-s004_ses-t2w_task-vw_acq-mb4mesl56_run-2_events.tsv	/mnt/ceph/groups_hdd/SCCGroup/neurocognition_lab/ANCLANG/data/sub-s004/ses-dwi/sub-s004_ses-dwi_task-vw_acq-mb4mesl56_run-1_desc-confounds_timeseries.tsv;/mnt/ceph/groups_hdd/SCCGroup/neurocognition_lab/ANCLANG/data/sub-s004/ses-dwi/sub-s004_ses-dwi_task-vw_acq-mb4mesl56_run-2_desc-confounds_timeseries.tsv;/mnt/ceph/groups_hdd/SCCGroup/neurocognition_lab/ANCLANG/data/sub-s004/ses-mpm/sub-s004_ses-mpm_task-vw_acq-mb4mesl56_run-1_desc-confounds_timeseries.tsv;/mnt/ceph/groups_hdd/SCCGroup/neurocognition_lab/ANCLANG/data/sub-s004/ses-mpm/sub-s004_ses-mpm_task-vw_acq-mb4mesl56_run-2_desc-confounds_timeseries.tsv;/mnt/ceph/groups_hdd/SCCGroup/neurocognition_lab/ANCLANG/data/sub-s004/ses-t2w/sub-s004_ses-t2w_task-vw_acq-mb4mesl56_run-1_desc-confounds_timeseries.tsv;/mnt/ceph/groups_hdd/SCCGroup/neurocognition_lab/ANCLANG/data/sub-s004/ses-t2w/sub-s004_ses-t2w_task-vw_acq-mb4mesl56_run-2_desc-confounds_timeseries.tsv
sub-s004	7	/mnt/ceph/groups_hdd/SCCGroup/neurocognition_lab/ANCLANG/data/sub-s004/ses-dwi/s_sub-s004_ses-dwi_task-vw_run-1_desc-denoised_space-MNI152NLin6Asym_bold.nii;/mnt/ceph/groups_hdd/SCCGroup/neurocognition_lab/ANCLANG/data/sub-s004/ses-dwi/s_sub-s004_ses-dwi_task-vw_run-2_desc-denoised_space-MNI152NLin6Asym_bold.nii;/mnt/ceph/groups_hdd/SCCGroup/neurocognition_lab/ANCLANG/data/sub-s004/ses-mpm/s_sub-s004_ses-mpm_task-vw_run-1_desc-denoised_space-MNI152NLin6Asym_bold.nii;/mnt/ceph/groups_hdd/SCCGroup/neurocognition_lab/ANCLANG/data/sub-s004/ses-mpm/s_sub-s004_ses-mpm_task-vw_run-2_desc-denoised_space-MNI152NLin6Asym_bold.nii;/mnt/ceph/groups_hdd/SCCGroup/neurocognition_lab/ANCLANG/data/sub-s004/ses-t2w/s_sub-s004_ses-t2w_task-vw_run-1_desc-denoised_space-MNI152NLin6Asym_bold.nii;/mnt/ceph/groups_hdd/SCCGroup/neurocognition_lab/ANCLANG/data/sub-s004/ses-t2w/s_sub-s004_ses-t2w_task-vw_run-2_desc-denoised_space-MNI152NLin6Asym_bold.nii;/mnt/ceph/groups_hdd/SCCGroup/neurocognition_lab/ANCLANG/data/sub-s004/ses-mov/s_sub-s004_ses-mov_task-vw_run-1_desc-denoised_space-MNI152NLin6Asym_bold.nii	/mnt/ceph/groups_hdd/SCCGroup/neurocognition_lab/ANCLANG/anclang/sub-s004/ses-dwi/func/sub-s004_ses-dwi_task-vw_acq-mb4mesl56_run-1_events.tsv;/mnt/ceph/groups_hdd/SCCGroup/neurocognition_lab/ANCLANG/anclang/sub-s004/ses-dwi/func/sub-s004_ses-dwi_task-vw_acq-mb4mesl56_run-2_events.tsv;/mnt/ceph/groups_hdd/SCCGroup/neurocognition_lab/ANCLANG/anclang/sub-s004/ses-mpm/func/sub-s004_ses-mpm_task-vw_acq-mb4mesl56_run-1_events.tsv;/mnt/ceph/groups_hdd/SCCGroup/neurocognition_lab/ANCLANG/anclang/sub-s004/ses-mpm/func/sub-s004_ses-mpm_task-vw_acq-mb4mesl56_run-2_events.tsv;/mnt/ceph/groups_hdd/SCCGroup/neurocognition_lab/ANCLANG/anclang/sub-s004/ses-t2w/func/sub-s004_ses-t2w_task-vw_acq-mb4mesl56_run-1_events.tsv;/mnt/ceph/groups_hdd/SCCGroup/neurocognition_lab/ANCLANG/anclang/sub-s004/ses-t2w/func/sub-s004_ses-t2w_task-vw_acq-mb4mesl56_run-2_events.tsv;/mnt/ceph/groups_hdd/SCCGroup/neurocognition_lab/ANCLANG/anclang/sub-s004/ses-mov/func/sub-s004_ses-mov_task-vw_acq-mb4mesl56_run-1_events.tsv	/mnt/ceph/groups_hdd/SCCGroup/neurocognition_lab/ANCLANG/data/sub-s004/ses-dwi/sub-s004_ses-dwi_task-vw_acq-mb4mesl56_run-1_desc-confounds_timeseries.tsv;/mnt/ceph/groups_hdd/SCCGroup/neurocognition_lab/ANCLANG/data/sub-s004/ses-dwi/sub-s004_ses-dwi_task-vw_acq-mb4mesl56_run-2_desc-confounds_timeseries.tsv;/mnt/ceph/groups_hdd/SCCGroup/neurocognition_lab/ANCLANG/data/sub-s004/ses-mpm/sub-s004_ses-mpm_task-vw_acq-mb4mesl56_run-1_desc-confounds_timeseries.tsv;/mnt/ceph/groups_hdd/SCCGroup/neurocognition_lab/ANCLANG/data/sub-s004/ses-mpm/sub-s004_ses-mpm_task-vw_acq-mb4mesl56_run-2_desc-confounds_timeseries.tsv;/mnt/ceph/groups_hdd/SCCGroup/neurocognition_lab/ANCLANG/data/sub-s004/ses-t2w/sub-s004_ses-t2w_task-vw_acq-mb4mesl56_run-1_desc-confounds_timeseries.tsv;/mnt/ceph/groups_hdd/SCCGroup/neurocognition_lab/ANCLANG/data/sub-s004/ses-t2w/sub-s004_ses-t2w_task-vw_acq-mb4mesl56_run-2_desc-confounds_timeseries.tsv;/mnt/ceph/groups_hdd/SCCGroup/neurocognition_lab/ANCLANG/data/sub-s004/ses-mov/sub-s004_ses-mov_task-vw_acq-mb4mesl56_run-1_desc-confounds_timeseries.tsv
sub-s004	8	/mnt/ceph/groups_hdd/SCCGroup/neurocognition_lab/ANCLANG/data/sub-s004/ses-dwi/s_sub-s004_ses-dwi_task-vw_run-1_desc-denoised_space-MNI152NLin6Asym_bold.nii;/mnt/ceph/groups_hdd/SCCGroup/neurocognition_lab/ANCLANG/data/sub-s004/ses-dwi/s_sub-s004_ses-dwi_task-vw_run-2_desc-denoised_space-MNI152NLin6Asym_bold.nii;/mnt/ceph/groups_hdd/SCCGroup/neurocognition_lab/ANCLANG/data/sub-s004/ses-mpm/s_sub-s004_ses-mpm_task-vw_run-1_desc-denoised_space-MNI152NLin6Asym_bold.nii;/mnt/ceph/groups_hdd/SCCGroup/neurocognition_lab/ANCLANG/data/sub-s004/ses-mpm/s_sub-s004_ses-mpm_task-vw_run-2_desc-denoised_space-MNI152NLin6Asym_bold.nii;/mnt/ceph/groups_hdd/SCCGroup/neurocognition_lab/ANCLANG/data/sub-s004/ses-t2w/s_sub-s004_ses-t2w_task-vw_run-1_desc-denoised_space-MNI152NLin6Asym_bold.nii;/mnt/ceph/groups_hdd/SCCGroup/neurocognition_lab/ANCLANG/data/sub-s004/ses-t2w/s_sub-s004_ses-t2w_task-vw_run-2_desc-denoised_space-MNI152NLin6Asym_bold.nii;/mnt/ceph/groups_hdd/SCCGroup/neurocognition_lab/ANCLANG/data/sub-s004/ses-mov/s_sub-s004_ses-mov_task-vw_run-1_desc-denoised_space-MNI152NLin6Asym_bold.nii;/mnt/ceph/groups_hdd/SCCGroup/neurocognition_lab/ANCLANG/data/sub-s004/ses-mov/s_sub-s004_ses-mov_task-vw_run-2_desc-denoised_space-MNI152NLin6Asym_bold.nii	/mnt/ceph/groups_hdd/SCCGroup/neurocognition_lab/ANCLANG/anclang/sub-s004/ses-dwi/func/sub-s004_ses-dwi_task-vw_acq-mb4mesl56_run-1_events.tsv;/mnt/ceph/groups_hdd/SCCGroup/neurocognition_lab/ANCLANG/anclang/sub-s004/ses-dwi/func/sub-s004_ses-dwi_task-vw_acq-mb4mesl56_run-2_events.tsv;/mnt/ceph/groups_hdd/SCCGroup/neurocognition_lab/ANCLANG/anclang/sub-s004/ses-mpm/func/sub-s004_ses-mpm_task-vw_acq-mb4mesl56_run-1_events.tsv;/mnt/ceph/groups_hdd/SCCGroup/neurocognition_lab/ANCLANG/anclang/sub-s004/ses-mpm/func/sub-s004_ses-mpm_task-vw_acq-mb4mesl56_run-2_events.tsv;/mnt/ceph/groups_hdd/SCCGroup/neurocognition_lab/ANCLANG/anclang/sub-s004/ses-t2w/func/sub-s004_ses-t2w_task-vw_acq-mb4mesl56_run-1_events.tsv;/mnt/ceph/groups_hdd/SCCGroup/neurocognition_lab/ANCLANG/anclang/sub-s004/ses-t2w/func/sub-s004_ses-t2w_task-vw_acq-mb4mesl56_run-2_events.tsv;/mnt/ceph/groups_hdd/SCCGroup/neurocognition_lab/ANCLANG/anclang/sub-s004/ses-mov/func/sub-s004_ses-mov_task-vw_acq-mb4mesl56_run-1_events.tsv;/mnt/ceph/groups_hdd/SCCGroup/neurocognition_lab/ANCLANG/anclang/sub-s004/ses-mov/func/sub-s004_ses-mov_task-vw_acq-mb4mesl56_run-2_events.tsv	/mnt/ceph/groups_hdd/SCCGroup/neurocognition_lab/ANCLANG/data/sub-s004/ses-dwi/sub-s004_ses-dwi_task-vw_acq-mb4mesl56_run-1_desc-confounds_timeseries.tsv;/mnt/ceph/groups_hdd/SCCGroup/neurocognition_lab/ANCLANG/data/sub-s004/ses-dwi/sub-s004_ses-dwi_task-vw_acq-mb4mesl56_run-2_desc-confounds_timeseries.tsv;/mnt/ceph/groups_hdd/SCCGroup/neurocognition_lab/ANCLANG/data/sub-s004/ses-mpm/sub-s004_ses-mpm_task-vw_acq-mb4mesl56_run-1_desc-confounds_timeseries.tsv;/mnt/ceph/groups_hdd/SCCGroup/neurocognition_lab/ANCLANG/data/sub-s004/ses-mpm/sub-s004_ses-mpm_task-vw_acq-mb4mesl56_run-2_desc-confounds_timeseries.tsv;/mnt/ceph/groups_hdd/SCCGroup/neurocognition_lab/ANCLANG/data/sub-s004/ses-t2w/sub-s004_ses-t2w_task-vw_acq-mb4mesl56_run-1_desc-confounds_timeseries.tsv;/mnt/ceph/groups_hdd/SCCGroup/neurocognition_lab/ANCLANG/data/sub-s004/ses-t2w/sub-s004_ses-t2w_task-vw_acq-mb4mesl56_run-2_desc-confounds_timeseries.tsv;/mnt/ceph/groups_hdd/SCCGroup/neurocognition_lab/ANCLANG/data/sub-s004/ses-mov/sub-s004_ses-mov_task-vw_acq-mb4mesl56_run-1_desc-confounds_timeseries.tsv;/mnt/ceph/groups_hdd/SCCGroup/neurocognition_lab/ANCLANG/data/sub-s004/ses-mov/sub-s004_ses-mov_task-vw_acq-mb4mesl56_run-2_desc-confounds_timeseries.tsv
sub-s005	1	/mnt/ceph/groups_hdd/SCCGroup/neurocognition_lab/ANCLANG/data/sub-s005/ses-t2w/s_sub-s005_ses-t2w_task-vw_run-1_desc-denoised_space-MNI152NLin6Asym_bold.nii	/mnt/ceph/groups_hdd/SCCGroup/neurocognition_lab/ANCLANG/anclang/sub-s005/ses-t2w/func/sub-s005_ses-t2w_task-vw_acq-mb4mesl56_run-1_events.tsv	/mnt/ceph/groups_hdd/SCCGroup/neurocognition_lab/ANCLANG/data/sub-s005/ses-t2w/sub-s005_ses-t2w_task-vw_acq-mb4mesl56_run-1_desc-confounds_timeseries.tsv
sub-s005	2	/mnt/ceph/groups_hdd/SCCGroup/neurocognition_lab/ANCLANG/data/sub-s005/ses-t2w/s_sub-s005_ses-t2w_task-vw_run-1_desc-denoised_space-MNI152NLin6Asym_bold.nii;/mnt/ceph/groups_hdd/SCCGroup/neurocognition_lab/ANCLANG/data/sub-s005/ses-t2w/s_sub-s005_ses-t2w_task-vw_run-2_desc-denoised_space-MNI152NLin6Asym_bold.nii	/mnt/ceph/groups_hdd/SCCGroup/neurocognition_lab/ANCLANG/anclang/sub-s005/ses-t2w/func/sub-s005_ses-t2w_task-vw_acq-mb4mesl56_run-1_events.tsv;/mnt/ceph/groups_hdd/SCCGroup/neurocognition_lab/ANCLANG/anclang/sub-s005/ses-t2w/func/sub-s005_ses-t2w_task-vw_acq-mb4mesl56_run-2_events.tsv	/mnt/ceph/groups_hdd/SCCGroup/neurocognition_lab/ANCLANG/data/sub-s005/ses-t2w/sub-s005_ses-t2w_task-vw_acq-mb4mesl56_run-1_desc-confounds_timeseries.tsv;/mnt/ceph/groups_hdd/SCCGroup/neurocognition_lab/ANCLANG/data/sub-s005/ses-t2w/sub-s005_ses-t2w_task-vw_acq-mb4mesl56_run-2_desc-confounds_timeseries.tsv
sub-s005	3	/mnt/ceph/groups_hdd/SCCGroup/neurocognition_lab/ANCLANG/data/sub-s005/ses-t2w/s_sub-s005_ses-t2w_task-vw_run-1_desc-denoised_space-MNI152NLin6Asym_bold.nii;/mnt/ceph/groups_hdd/SCCGroup/neurocognition_lab/ANCLANG/data/sub-s005/ses-t2w/s_sub-s005_ses-t2w_task-vw_run-2_desc-denoised_space-MNI152NLin6Asym_bold.nii;/mnt/ceph/groups_hdd/SCCGroup/neurocognition_lab/ANCLANG/data/sub-s005/ses-dwi/s_sub-s005_ses-dwi_task-vw_run-1_desc-denoised_space-MNI152NLin6Asym_bold.nii	/mnt/ceph/groups_hdd/SCCGroup/neurocognition_lab/ANCLANG/anclang/sub-s005/ses-t2w/func/sub-s005_ses-t2w_task-vw_acq-mb4mesl56_run-1_events.tsv;/mnt/ceph/groups_hdd/SCCGroup/neurocognition_lab/ANCLANG/anclang/sub-s005/ses-t2w/func/sub-s005_ses-t2w_task-vw_acq-mb4mesl56_run-2_events.tsv;/mnt/ceph/groups_hdd/SCCGroup/neurocognition_lab/ANCLANG/anclang/sub-s005/ses-dwi/func/sub-s005_ses-dwi_task-vw_acq-mb4mesl56_run-1_events.tsv	/mnt/ceph/groups_hdd/SCCGroup/neurocognition_lab/ANCLANG/data/sub-s005/ses-t2w/sub-s005_ses-t2w_task-vw_acq-mb4mesl56_run-1_desc-confounds_timeseries.tsv;/mnt/ceph/groups_hdd/SCCGroup/neurocognition_lab/ANCLANG/data/sub-s005/ses-t2w/sub-s005_ses-t2w_task-vw_acq-mb4mesl56_run-2_desc-confounds_timeseries.tsv;/mnt/ceph/groups_hdd/SCCGroup/neurocognition_lab/ANCLANG/data/sub-s005/ses-dwi/sub-s005_ses-dwi_task-vw_acq-mb4mesl56_run-1_desc-confounds_timeseries.tsv
sub-s005	4	/mnt/ceph/groups_hdd/SCCGroup/neurocognition_lab/ANCLANG/data/sub-s005/ses-t2w/s_sub-s005_ses-t2w_task-vw_run-1_desc-denoised_space-MNI152NLin6Asym_bold.nii;/mnt/ceph/groups_hdd/SCCGroup/neurocognition_lab/ANCLANG/data/sub-s005/ses-t2w/s_sub-s005_ses-t2w_task-vw_run-2_desc-denoised_space-MNI152NLin6Asym_bold.nii;/mnt/ceph/groups_hdd/SCCGroup/neurocognition_lab/ANCLANG/data/sub-s005/ses-dwi/s_sub-s005_ses-dwi_task-vw_run-1_desc-denoised_space-MNI152NLin6Asym_bold.nii;/mnt/ceph/groups_hdd/SCCGroup/neurocognition_lab/ANCLANG/data/sub-s005/ses-dwi/s_sub-s005_ses-dwi_task-vw_run-2_desc-denoised_space-MNI152NLin6Asym_bold.nii	/mnt/ceph/groups_hdd/SCCGroup/neurocognition_lab/ANCLANG/anclang/sub-s005/ses-t2w/func/sub-s005_ses-t2w_task-vw_acq-mb4mesl56_run-1_events.tsv;/mnt/ceph/groups_hdd/SCCGroup/neurocognition_lab/ANCLANG/anclang/sub-s005/ses-t2w/func/sub-s005_ses-t2w_task-vw_acq-mb4mesl56_run-2_events.tsv;/mnt/ceph/groups_hdd/SCCGroup/neurocognition_lab/ANCLANG/anclang/sub-s005/ses-dwi/func/sub-s005_ses-dwi_task-vw_acq-mb4mesl56_run-1_events.tsv;/mnt/ceph/groups_hdd/SCCGroup/neurocognition_lab/ANCLANG/anclang/sub-s005/ses-dwi/func/sub-s005_ses-dwi_task-vw_acq-mb4mesl56_run-2_events.tsv	/mnt/ceph/groups_hdd/SCCGroup/neurocognition_lab/ANCLANG/data/sub-s005/ses-t2w/sub-s005_ses-t2w_task-vw_acq-mb4mesl56_run-1_desc-confounds_timeseries.tsv;/mnt/ceph/groups_hdd/SCCGroup/neurocognition_lab/ANCLANG/data/sub-s005/ses-t2w/sub-s005_ses-t2w_task-vw_acq-mb4mesl56_run-2_desc-confounds_timeseries.tsv;/mnt/ceph/groups_hdd/SCCGroup/neurocognition_lab/ANCLANG/data/sub-s005/ses-dwi/sub-s005_ses-dwi_task-vw_acq-mb4mesl56_run-1_desc-confounds_timeseries.tsv;/mnt/ceph/groups_hdd/SCCGroup/neurocognition_lab/ANCLANG/data/sub-s005/ses-dwi/sub-s005_ses-dwi_task-vw_acq-mb4mesl56_run-2_desc-confounds_timeseries.tsv
sub-s005	5	/mnt/ceph/groups_hdd/SCCGroup/neurocognition_lab/ANCLANG/data/sub-s005/ses-t2w/s_sub-s005_ses-t2w_task-vw_run-1_desc-denoised_space-MNI152NLin6Asym_bold.nii;/mnt/ceph/groups_hdd/SCCGroup/neurocognition_lab/ANCLANG/data/sub-s005/ses-t2w/s_sub-s005_ses-t2w_task-vw_run-2_desc-denoised_space-MNI152NLin6Asym_bold.nii;/mnt/ceph/groups_hdd/SCCGroup/neurocognition_lab/ANCLANG/data/sub-s005/ses-dwi/s_sub-s005_ses-dwi_task-vw_run-1_desc-denoised_space-MNI152NLin6Asym_bold.nii;/mnt/ceph/groups_hdd/SCCGroup/neurocognition_lab/ANCLANG/data/sub-s005/ses-dwi/s_sub-s005_ses-dwi_task-vw_run-2_desc-denoised_space-MNI152NLin6Asym_bold.nii;/mnt/ceph/groups_hdd/SCCGroup/neurocognition_lab/ANCLANG/data/sub-s005/ses-mov/s_sub-s005_ses-mov_task-vw_run-1_desc-denoised_space-MNI152NLin6Asym_bold.nii	/mnt/ceph/groups_hdd/SCCGroup/neurocognition_lab/ANCLANG/anclang/sub-s005/ses-t2w/func/sub-s005_ses-t2w_task-vw_acq-mb4mesl56_run-1_events.tsv;/mnt/ceph/groups_hdd/SCCGroup/neurocognition_lab/ANCLANG/anclang/sub-s005/ses-t2w/func/sub-s005_ses-t2w_task-vw_acq-mb4mesl56_run-2_events.tsv;/mnt/ceph/groups_hdd/SCCGroup/neurocognition_lab/ANCLANG/anclang/sub-s005/ses-dwi/func/sub-s005_ses-dwi_task-vw_acq-mb4mesl56_run-1_events.tsv;/mnt/ceph/groups_hdd/SCCGroup/neurocognition_lab/ANCLANG/anclang/sub-s005/ses-dwi/func/sub-s005_ses-dwi_task-vw_acq-mb4mesl56_run-2_events.tsv;/mnt/ceph/groups_hdd/SCCGroup/neurocognition_lab/ANCLANG/anclang/sub-s005/ses-mov/func/sub-s005_ses-mov_task-vw_acq-mb4mesl56_run-1_events.tsv	/mnt/ceph/groups_hdd/SCCGroup/neurocognition_lab/ANCLANG/data/sub-s005/ses-t2w/sub-s005_ses-t2w_task-vw_acq-mb4mesl56_run-1_desc-confounds_timeseries.tsv;/mnt/ceph/groups_hdd/SCCGroup/neurocognition_lab/ANCLANG/data/sub-s005/ses-t2w/sub-s005_ses-t2w_task-vw_acq-mb4mesl56_run-2_desc-confounds_timeseries.tsv;/mnt/ceph/groups_hdd/SCCGroup/neurocognition_lab/ANCLANG/data/sub-s005/ses-dwi/sub-s005_ses-dwi_task-vw_acq-mb4mesl56_run-1_desc-confounds_timeseries.tsv;/mnt/ceph/groups_hdd/SCCGroup/neurocognition_lab/ANCLANG/data/sub-s005/ses-dwi/sub-s005_ses-dwi_task-vw_acq-mb4mesl56_run-2_desc-confounds_timeseries.tsv;/mnt/ceph/groups_hdd/SCCGroup/neurocognition_lab/ANCLANG/data/sub-s005/ses-mov/sub-s005_ses-mov_task-vw_acq-mb4mesl56_run-1_desc-confounds_timeseries.tsv
sub-s005	6	/mnt/ceph/groups_hdd/SCCGroup/neurocognition_lab/ANCLANG/data/sub-s005/ses-t2w/s_sub-s005_ses-t2w_task-vw_run-1_desc-denoised_space-MNI152NLin6Asym_bold.nii;/mnt/ceph/groups_hdd/SCCGroup/neurocognition_lab/ANCLANG/data/sub-s005/ses-t2w/s_sub-s005_ses-t2w_task-vw_run-2_desc-denoised_space-MNI152NLin6Asym_bold.nii;/mnt/ceph/groups_hdd/SCCGroup/neurocognition_lab/ANCLANG/data/sub-s005/ses-dwi/s_sub-s005_ses-dwi_task-vw_run-1_desc-denoised_space-MNI152NLin6Asym_bold.nii;/mnt/ceph/groups_hdd/SCCGroup/neurocognition_lab/ANCLANG/data/sub-s005/ses-dwi/s_sub-s005_ses-dwi_task-vw_run-2_desc-denoised_space-MNI152NLin6Asym_bold.nii;/mnt/ceph/groups_hdd/SCCGroup/neurocognition_lab/ANCLANG/data/sub-s005/ses-mov/s_sub-s005_ses-mov_task-vw_run-1_desc-denoised_space-MNI152NLin6Asym_bold.nii;/mnt/ceph/groups_hdd/SCCGroup/neurocognition_lab/ANCLANG/data/sub-s005/ses-mov/s_sub-s005_ses-mov_task-vw_run-2_desc-denoised_space-MNI152NLin6Asym_bold.nii	/mnt/ceph/groups_hdd/SCCGroup/neurocognition_lab/ANCLANG/anclang/sub-s005/ses-t2w/func/sub-s005_ses-t2w_task-vw_acq-mb4mesl56_run-1_events.tsv;/mnt/ceph/groups_hdd/SCCGroup/neurocognition_lab/ANCLANG/anclang/sub-s005/ses-t2w/func/sub-s005_ses-t2w_task-vw_acq-mb4mesl56_run-2_events.tsv;/mnt/ceph/groups_hdd/SCCGroup/neurocognition_lab/ANCLANG/anclang/sub-s005/ses-dwi/func/sub-s005_ses-dwi_task-vw_acq-mb4mesl56_run-1_events.tsv;/mnt/ceph/groups_hdd/SCCGroup/neurocognition_lab/ANCLANG/anclang/sub-s005/ses-dwi/func/sub-s005_ses-dwi_task-vw_acq-mb4mesl56_run-2_events.tsv;/mnt/ceph/groups_hdd/SCCGroup/neurocognition_lab/ANCLANG/anclang/sub-s005/ses-mov/func/sub-s005_ses-mov_task-vw_acq-mb4mesl56_run-1_events.tsv;/mnt/ceph/groups_hdd/SCCGroup/neurocognition_lab/ANCLANG/anclang/sub-s005/ses-mov/func/sub-s005_ses-mov_task-vw_acq-mb4mesl56_run-2_events.tsv	/mnt/ceph/groups_hdd/SCCGroup/neurocognition_lab/ANCLANG/data/sub-s005/ses-t2w/sub-s005_ses-t2w_task-vw_acq-mb4mesl56_run-1_desc-confounds_timeseries.tsv;/mnt/ceph/groups_hdd/SCCGroup/neurocognition_lab/ANCLANG/data/sub-s005/ses-t2w/sub-s005_ses-t2w_task-vw_acq-mb4mesl56_run-2_desc-confounds_timeseries.tsv;/mnt/ceph/groups_hdd/SCCGroup/neurocognition_lab/ANCLANG/data/sub-s005/ses-dwi/sub-s005_ses-dwi_task-vw_acq-mb4mesl56_run-1_desc-confounds_timeseries.tsv;/mnt/ceph/groups_hdd/SCCGroup/neurocognition_lab/ANCLANG/data/sub-s005/ses-dwi/sub-s005_ses-dwi_task-vw_acq-mb4mesl56_run-2_desc-confounds_timeseries.tsv;/mnt/ceph/groups_hdd/SCCGroup/neurocognition_lab/ANCLANG/data/sub-s005/ses-mov/sub-s005_ses-mov_task-vw_acq-mb4mesl56_run-1_desc-confounds_timeseries.tsv;/mnt/ceph/groups_hdd/SCCGroup/neurocognition_lab/ANCLANG/data/sub-s005/ses-mov/sub-s005_ses-mov_task-vw_acq-mb4mesl56_run-2_desc-confounds_timeseries.tsv
sub-s005	7	/mnt/ceph/groups_hdd/SCCGroup/neurocognition_lab/ANCLANG/data/sub-s005/ses-t2w/s_sub-s005_ses-t2w_task-vw_run-1_desc-denoised_space-MNI152NLin6Asym_bold.nii;/mnt/ceph/groups_hdd/SCCGroup/neurocognition_lab/ANCLANG/data/sub-s005/ses-t2w/s_sub-s005_ses-t2w_task-vw_run-2_desc-denoised_space-MNI152NLin6Asym_bold.nii;/mnt/ceph/groups_hdd/SCCGroup/neurocognition_lab/ANCLANG/data/sub-s005/ses-dwi/s_sub-s005_ses-dwi_task-vw_run-1_desc-denoised_space-MNI152NLin6Asym_bold.nii;/mnt/ceph/groups_hdd/SCCGroup/neurocognition_lab/ANCLANG/data/sub-s005/ses-dwi/s_sub-s005_ses-dwi_task-vw_run-2_desc-denoised_space-MNI152NLin6Asym_bold.nii;/mnt/ceph/groups_hdd/SCCGroup/neurocognition_lab/ANCLANG/data/sub-s005/ses-mov/s_sub-s005_ses-mov_task-vw_run-1_desc-denoised_space-MNI152NLin6Asym_bold.nii;/mnt/ceph/groups_hdd/SCCGroup/neurocognition_lab/ANCLANG/data/sub-s005/ses-mov/s_sub-s005_ses-mov_task-vw_run-2_desc-denoised_space-MNI152NLin6Asym_bold.nii;/mnt/ceph/groups_hdd/SCCGroup/neurocognition_lab/ANCLANG/data/sub-s005/ses-mpm/s_sub-s005_ses-mpm_task-vw_run-1_desc-denoised_space-MNI152NLin6Asym_bold.nii	/mnt/ceph/groups_hdd/SCCGroup/neurocognition_lab/ANCLANG/anclang/sub-s005/ses-t2w/func/sub-s005_ses-t2w_task-vw_acq-mb4mesl56_run-1_events.tsv;/mnt/ceph/groups_hdd/SCCGroup/neurocognition_lab/ANCLANG/anclang/sub-s005/ses-t2w/func/sub-s005_ses-t2w_task-vw_acq-mb4mesl56_run-2_events.tsv;/mnt/ceph/groups_hdd/SCCGroup/neurocognition_lab/ANCLANG/anclang/sub-s005/ses-dwi/func/sub-s005_ses-dwi_task-vw_acq-mb4mesl56_run-1_events.tsv;/mnt/ceph/groups_hdd/SCCGroup/neurocognition_lab/ANCLANG/anclang/sub-s005/ses-dwi/func/sub-s005_ses-dwi_task-vw_acq-mb4mesl56_run-2_events.tsv;/mnt/ceph/groups_hdd/SCCGroup/neurocognition_lab/ANCLANG/anclang/sub-s005/ses-mov/func/sub-s005_ses-mov_task-vw_acq-mb4mesl56_run-1_events.tsv;/mnt/ceph/groups_hdd/SCCGroup/neurocognition_lab/ANCLANG/anclang/sub-s005/ses-mov/func/sub-s005_ses-mov_task-vw_acq-mb4mesl56_run-2_events.tsv;/mnt/ceph/groups_hdd/SCCGroup/neurocognition_lab/ANCLANG/anclang/sub-s005/ses-mpm/func/sub-s005_ses-mpm_task-vw_acq-mb4mesl56_run-1_events.tsv	/mnt/ceph/groups_hdd/SCCGroup/neurocognition_lab/ANCLANG/data/sub-s005/ses-t2w/sub-s005_ses-t2w_task-vw_acq-mb4mesl56_run-1_desc-confounds_timeseries.tsv;/mnt/ceph/groups_hdd/SCCGroup/neurocognition_lab/ANCLANG/data/sub-s005/ses-t2w/sub-s005_ses-t2w_task-vw_acq-mb4mesl56_run-2_desc-confounds_timeseries.tsv;/mnt/ceph/groups_hdd/SCCGroup/neurocognition_lab/ANCLANG/data/sub-s005/ses-dwi/sub-s005_ses-dwi_task-vw_acq-mb4mesl56_run-1_desc-confounds_timeseries.tsv;/mnt/ceph/groups_hdd/SCCGroup/neurocognition_lab/ANCLANG/data/sub-s005/ses-dwi/sub-s005_ses-dwi_task-vw_acq-mb4mesl56_run-2_desc-confounds_timeseries.tsv;/mnt/ceph/groups_hdd/SCCGroup/neurocognition_lab/ANCLANG/data/sub-s005/ses-mov/sub-s005_ses-mov_task-vw_acq-mb4mesl56_run-1_desc-confounds_timeseries.tsv;/mnt/ceph/groups_hdd/SCCGroup/neurocognition_lab/ANCLANG/data/sub-s005/ses-mov/sub-s005_ses-mov_task-vw_acq-mb4mesl56_run-2_desc-confounds_timeseries.tsv;/mnt/ceph/groups_hdd/SCCGroup/neurocognition_lab/ANCLANG/data/sub-s005/ses-mpm/sub-s005_ses-mpm_task-vw_acq-mb4mesl56_run-1_desc-confounds_timeseries.tsv
sub-s005	8	/mnt/ceph/groups_hdd/SCCGroup/neurocognition_lab/ANCLANG/data/sub-s005/ses-t2w/s_sub-s005_ses-t2w_task-vw_run-1_desc-denoised_space-MNI152NLin6Asym_bold.nii;/mnt/ceph/groups_hdd/SCCGroup/neurocognition_lab/ANCLANG/data/sub-s005/ses-t2w/s_sub-s005_ses-t2w_task-vw_run-2_desc-denoised_space-MNI152NLin6Asym_bold.nii;/mnt/ceph/groups_hdd/SCCGroup/neurocognition_lab/ANCLANG/data/sub-s005/ses-dwi/s_sub-s005_ses-dwi_task-vw_run-1_desc-denoised_space-MNI152NLin6Asym_bold.nii;/mnt/ceph/groups_hdd/SCCGroup/neurocognition_lab/ANCLANG/data/sub-s005/ses-dwi/s_sub-s005_ses-dwi_task-vw_run-2_desc-denoised_space-MNI152NLin6Asym_bold.nii;/mnt/ceph/groups_hdd/SCCGroup/neurocognition_lab/ANCLANG/data/sub-s005/ses-mov/s_sub-s005_ses-mov_task-vw_run-1_desc-denoised_space-MNI152NLin6Asym_bold.nii;/mnt/ceph/groups_hdd/SCCGroup/neurocognition_lab/ANCLANG/data/sub-s005/ses-mov/s_sub-s005_ses-mov_task-vw_run-2_desc-denoised_space-MNI152NLin6Asym_bold.nii;/mnt/ceph/groups_hdd/SCCGroup/neurocognition_lab/ANCLANG/data/sub-s005/ses-mpm/s_sub-s005_ses-mpm_task-vw_run-1_desc-denoised_space-MNI152NLin6Asym_bold.nii;/mnt/ceph/groups_hdd/SCCGroup/neurocognition_lab/ANCLANG/data/sub-s005/ses-mpm/s_sub-s005_ses-mpm_task-vw_run-2_desc-denoised_space-MNI152NLin6Asym_bold.nii	/mnt/ceph/groups_hdd/SCCGroup/neurocognition_lab/ANCLANG/anclang/sub-s005/ses-t2w/func/sub-s005_ses-t2w_task-vw_acq-mb4mesl56_run-1_events.tsv;/mnt/ceph/groups_hdd/SCCGroup/neurocognition_lab/ANCLANG/anclang/sub-s005/ses-t2w/func/sub-s005_ses-t2w_task-vw_acq-mb4mesl56_run-2_events.tsv;/mnt/ceph/groups_hdd/SCCGroup/neurocognition_lab/ANCLANG/anclang/sub-s005/ses-dwi/func/sub-s005_ses-dwi_task-vw_acq-mb4mesl56_run-1_events.tsv;/mnt/ceph/groups_hdd/SCCGroup/neurocognition_lab/ANCLANG/anclang/sub-s005/ses-dwi/func/sub-s005_ses-dwi_task-vw_acq-mb4mesl56_run-2_events.tsv;/mnt/ceph/groups_hdd/SCCGroup/neurocognition_lab/ANCLANG/anclang/sub-s005/ses-mov/func/sub-s005_ses-mov_task-vw_acq-mb4mesl56_run-1_events.tsv;/mnt/ceph/groups_hdd/SCCGroup/neurocognition_lab/ANCLANG/anclang/sub-s005/ses-mov/func/sub-s005_ses-mov_task-vw_acq-mb4mesl56_run-2_events.tsv;/mnt/ceph/groups_hdd/SCCGroup/neurocognition_lab/ANCLANG/anclang/sub-s005/ses-mpm/func/sub-s005_ses-mpm_task-vw_acq-mb4mesl56_run-1_events.tsv;/mnt/ceph/groups_hdd/SCCGroup/neurocognition_lab/ANCLANG/anclang/sub-s005/ses-mpm/func/sub-s005_ses-mpm_task-vw_acq-mb4mesl56_run-2_events.tsv	/mnt/ceph/groups_hdd/SCCGroup/neurocognition_lab/ANCLANG/data/sub-s005/ses-t2w/sub-s005_ses-t2w_task-vw_acq-mb4mesl56_run-1_desc-confounds_timeseries.tsv;/mnt/ceph/groups_hdd/SCCGroup/neurocognition_lab/ANCLANG/data/sub-s005/ses-t2w/sub-s005_ses-t2w_task-vw_acq-mb4mesl56_run-2_desc-confounds_timeseries.tsv;/mnt/ceph/groups_hdd/SCCGroup/neurocognition_lab/ANCLANG/data/sub-s005/ses-dwi/sub-s005_ses-dwi_task-vw_acq-mb4mesl56_run-1_desc-confounds_timeseries.tsv;/mnt/ceph/groups_hdd/SCCGroup/neurocognition_lab/ANCLANG/data/sub-s005/ses-dwi/sub-s005_ses-dwi_task-vw_acq-mb4mesl56_run-2_desc-confounds_timeseries.tsv;/mnt/ceph/groups_hdd/SCCGroup/neurocognition_lab/ANCLANG/data/sub-s005/ses-mov/sub-s005_ses-mov_task-vw_acq-mb4mesl56_run-1_desc-confounds_timeseries.tsv;/mnt/ceph/groups_hdd/SCCGroup/neurocognition_lab/ANCLANG/data/sub-s005/ses-mov/sub-s005_ses-mov_task-vw_acq-mb4mesl56_run-2_desc-confounds_timeseries.tsv;/mnt/ceph/groups_hdd/SCCGroup/neurocognition_lab/ANCLANG/data/sub-s005/ses-mpm/sub-s005_ses-mpm_task-vw_acq-mb4mesl56_run-1_desc-confounds_timeseries.tsv;/mnt/ceph/groups_hdd/SCCGroup/neurocognition_lab/ANCLANG/data/sub-s005/ses-mpm/sub-s005_ses-mpm_task-vw_acq-mb4mesl56_run-2_desc-confounds_timeseries.tsv
sub-s006	1	/mnt/ceph/groups_hdd/SCCGroup/neurocognition_lab/ANCLANG/data/sub-s006/ses-dwi/s_sub-s006_ses-dwi_task-vw_run-1_desc-denoised_space-MNI152NLin6Asym_bold.nii	/mnt/ceph/groups_hdd/SCCGroup/neurocognition_lab/ANCLANG/anclang/sub-s006/ses-dwi/func/sub-s006_ses-dwi_task-vw_acq-mb4mesl56_run-1_events.tsv	/mnt/ceph/groups_hdd/SCCGroup/neurocognition_lab/ANCLANG/data/sub-s006/ses-dwi/sub-s006_ses-dwi_task-vw_acq-mb4mesl56_run-1_desc-confounds_timeseries.tsv
sub-s006	2	/mnt/ceph/groups_hdd/SCCGroup/neurocognition_lab/ANCLANG/data/sub-s006/ses-dwi/s_sub-s006_ses-dwi_task-vw_run-1_desc-denoised_space-MNI152NLin6Asym_bold.nii;/mnt/ceph/groups_hdd/SCCGroup/neurocognition_lab/ANCLANG/data/sub-s006/ses-dwi/s_sub-s006_ses-dwi_task-vw_run-2_desc-denoised_space-MNI152NLin6Asym_bold.nii	/mnt/ceph/groups_hdd/SCCGroup/neurocognition_lab/ANCLANG/anclang/sub-s006/ses-dwi/func/sub-s006_ses-dwi_task-vw_acq-mb4mesl56_run-1_events.tsv;/mnt/ceph/groups_hdd/SCCGroup/neurocognition_lab/ANCLANG/anclang/sub-s006/ses-dwi/func/sub-s006_ses-dwi_task-vw_acq-mb4mesl56_run-2_events.tsv	/mnt/ceph/groups_hdd/SCCGroup/neurocognition_lab/ANCLANG/data/sub-s006/ses-dwi/sub-s006_ses-dwi_task-vw_acq-mb4mesl56_run-1_desc-confounds_timeseries.tsv;/mnt/ceph/groups_hdd/SCCGroup/neurocognition_lab/ANCLANG/data/sub-s006/ses-dwi/sub-s006_ses-dwi_task-vw_acq-mb4mesl56_run-2_desc-confounds_timeseries.tsv
sub-s006	3	/mnt/ceph/groups_hdd/SCCGroup/neurocognition_lab/ANCLANG/data/sub-s006/ses-dwi/s_sub-s006_ses-dwi_task-vw_run-1_desc-denoised_space-MNI152NLin6Asym_bold.nii;/mnt/ceph/groups_hdd/SCCGroup/neurocognition_lab/ANCLANG/data/sub-s006/ses-dwi/s_sub-s006_ses-dwi_task-vw_run-2_desc-denoised_space-MNI152NLin6Asym_bold.nii;/mnt/ceph/groups_hdd/SCCGroup/neurocognition_lab/ANCLANG/data/sub-s006/ses-mpm/s_sub-s006_ses-mpm_task-vw_run-1_desc-denoised_space-MNI152NLin6Asym_bold.nii	/mnt/ceph/groups_hdd/SCCGroup/neurocognition_lab/ANCLANG/anclang/sub-s006/ses-dwi/func/sub-s006_ses-dwi_task-vw_acq-mb4mesl56_run-1_events.tsv;/mnt/ceph/groups_hdd/SCCGroup/neurocognition_lab/ANCLANG/anclang/sub-s006/ses-dwi/func/sub-s006_ses-dwi_task-vw_acq-mb4mesl56_run-2_events.tsv;/mnt/ceph/groups_hdd/SCCGroup/neurocognition_lab/ANCLANG/anclang/sub-s006/ses-mpm/func/sub-s006_ses-mpm_task-vw_acq-mb4mesl56_run-1_events.tsv	/mnt/ceph/groups_hdd/SCCGroup/neurocognition_lab/ANCLANG/data/sub-s006/ses-dwi/sub-s006_ses-dwi_task-vw_acq-mb4mesl56_run-1_desc-confounds_timeseries.tsv;/mnt/ceph/groups_hdd/SCCGroup/neurocognition_lab/ANCLANG/data/sub-s006/ses-dwi/sub-s006_ses-dwi_task-vw_acq-mb4mesl56_run-2_desc-confounds_timeseries.tsv;/mnt/ceph/groups_hdd/SCCGroup/neurocognition_lab/ANCLANG/data/sub-s006/ses-mpm/sub-s006_ses-mpm_task-vw_acq-mb4mesl56_run-1_desc-confounds_timeseries.tsv
sub-s006	4	/mnt/ceph/groups_hdd/SCCGroup/neurocognition_lab/ANCLANG/data/sub-s006/ses-dwi/s_sub-s006_ses-dwi_task-vw_run-1_desc-denoised_space-MNI152NLin6Asym_bold.nii;/mnt/ceph/groups_hdd/SCCGroup/neurocognition_lab/ANCLANG/data/sub-s006/ses-dwi/s_sub-s006_ses-dwi_task-vw_run-2_desc-denoised_space-MNI152NLin6Asym_bold.nii;/mnt/ceph/groups_hdd/SCCGroup/neurocognition_lab/ANCLANG/data/sub-s006/ses-mpm/s_sub-s006_ses-mpm_task-vw_run-1_desc-denoised_space-MNI152NLin6Asym_bold.nii;/mnt/ceph/groups_hdd/SCCGroup/neurocognition_lab/ANCLANG/data/sub-s006/ses-mpm/s_sub-s006_ses-mpm_task-vw_run-2_desc-denoised_space-MNI152NLin6Asym_bold.nii	/mnt/ceph/groups_hdd/SCCGroup/neurocognition_lab/ANCLANG/anclang/sub-s006/ses-dwi/func/sub-s006_ses-dwi_task-vw_acq-mb4mesl56_run-1_events.tsv;/mnt/ceph/groups_hdd/SCCGroup/neurocognition_lab/ANCLANG/anclang/sub-s006/ses-dwi/func/sub-s006_ses-dwi_task-vw_acq-mb4mesl56_run-2_events.tsv;/mnt/ceph/groups_hdd/SCCGroup/neurocognition_lab/ANCLANG/anclang/sub-s006/ses-mpm/func/sub-s006_ses-mpm_task-vw_acq-mb4mesl56_run-1_events.tsv;/mnt/ceph/groups_hdd/SCCGroup/neurocognition_lab/ANCLANG/anclang/sub-s006/ses-mpm/func/sub-s006_ses-mpm_task-vw_acq-mb4mesl56_run-2_events.tsv	/mnt/ceph/groups_hdd/SCCGroup/neurocognition_lab/ANCLANG/data/sub-s006/ses-dwi/sub-s006_ses-dwi_task-vw_acq-mb4mesl56_run-1_desc-confounds_timeseries.tsv;/mnt/ceph/groups_hdd/SCCGroup/neurocognition_lab/ANCLANG/data/sub-s006/ses-dwi/sub-s006_ses-dwi_task-vw_acq-mb4mesl56_run-2_desc-confounds_timeseries.tsv;/mnt/ceph/groups_hdd/SCCGroup/neurocognition_lab/ANCLANG/data/sub-s006/ses-mpm/sub-s006_ses-mpm_task-vw_acq-mb4mesl56_run-1_desc-confounds_timeseries.tsv;/mnt/ceph/groups_hdd/SCCGroup/neurocognition_lab/ANCLANG/data/sub-s006/ses-mpm/sub-s006_ses-mpm_task-vw_acq-mb4mesl56_run-2_desc-confounds_timeseries.tsv
sub-s006	5	/mnt/ceph/groups_hdd/SCCGroup/neurocognition_lab/ANCLANG/data/sub-s006/ses-dwi/s_sub-s006_ses-dwi_task-vw_run-1_desc-denoised_space-MNI152NLin6Asym_bold.nii;/mnt/ceph/groups_hdd/SCCGroup/neurocognition_lab/ANCLANG/data/sub-s006/ses-dwi/s_sub-s006_ses-dwi_task-vw_run-2_desc-denoised_space-MNI152NLin6Asym_bold.nii;/mnt/ceph/groups_hdd/SCCGroup/neurocognition_lab/ANCLANG/data/sub-s006/ses-mpm/s_sub-s006_ses-mpm_task-vw_run-1_desc-denoised_space-MNI152NLin6Asym_bold.nii;/mnt/ceph/groups_hdd/SCCGroup/neurocognition_lab/ANCLANG/data/sub-s006/ses-mpm/s_sub-s006_ses-mpm_task-vw_run-2_desc-denoised_space-MNI152NLin6Asym_bold.nii;/mnt/ceph/groups_hdd/SCCGroup/neurocognition_lab/ANCLANG/data/sub-s006/ses-t2w/s_sub-s006_ses-t2w_task-vw_run-1_desc-denoised_space-MNI152NLin6Asym_bold.nii	/mnt/ceph/groups_hdd/SCCGroup/neurocognition_lab/ANCLANG/anclang/sub-s006/ses-dwi/func/sub-s006_ses-dwi_task-vw_acq-mb4mesl56_run-1_events.tsv;/mnt/ceph/groups_hdd/SCCGroup/neurocognition_lab/ANCLANG/anclang/sub-s006/ses-dwi/func/sub-s006_ses-dwi_task-vw_acq-mb4mesl56_run-2_events.tsv;/mnt/ceph/groups_hdd/SCCGroup/neurocognition_lab/ANCLANG/anclang/sub-s006/ses-mpm/func/sub-s006_ses-mpm_task-vw_acq-mb4mesl56_run-1_events.tsv;/mnt/ceph/groups_hdd/SCCGroup/neurocognition_lab/ANCLANG/anclang/sub-s006/ses-mpm/func/sub-s006_ses-mpm_task-vw_acq-mb4mesl56_run-2_events.tsv;/mnt/ceph/groups_hdd/SCCGroup/neurocognition_lab/ANCLANG/anclang/sub-s006/ses-t2w/func/sub-s006_ses-t2w_task-vw_acq-mb4mesl56_run-1_events.tsv	/mnt/ceph/groups_hdd/SCCGroup/neurocognition_lab/ANCLANG/data/sub-s006/ses-dwi/sub-s006_ses-dwi_task-vw_acq-mb4mesl56_run-1_desc-confounds_timeseries.tsv;/mnt/ceph/groups_hdd/SCCGroup/neurocognition_lab/ANCLANG/data/sub-s006/ses-dwi/sub-s006_ses-dwi_task-vw_acq-mb4mesl56_run-2_desc-confounds_timeseries.tsv;/mnt/ceph/groups_hdd/SCCGroup/neurocognition_lab/ANCLANG/data/sub-s006/ses-mpm/sub-s006_ses-mpm_task-vw_acq-mb4mesl56_run-1_desc-confounds_timeseries.tsv;/mnt/ceph/groups_hdd/SCCGroup/neurocognition_lab/ANCLANG/data/sub-s006/ses-mpm/sub-s006_ses-mpm_task-vw_acq-mb4mesl56_run-2_desc-confounds_timeseries.tsv;/mnt/ceph/groups_hdd/SCCGroup/neurocognition_lab/ANCLANG/data/sub-s006/ses-t2w/sub-s006_ses-t2w_task-vw_acq-mb4mesl56_run-1_desc-confounds_timeseries.tsv
sub-s006	6	/mnt/ceph/groups_hdd/SCCGroup/neurocognition_lab/ANCLANG/data/sub-s006/ses-dwi/s_sub-s006_ses-dwi_task-vw_run-1_desc-denoised_space-MNI152NLin6Asym_bold.nii;/mnt/ceph/groups_hdd/SCCGroup/neurocognition_lab/ANCLANG/data/sub-s006/ses-dwi/s_sub-s006_ses-dwi_task-vw_run-2_desc-denoised_space-MNI152NLin6Asym_bold.nii;/mnt/ceph/groups_hdd/SCCGroup/neurocognition_lab/ANCLANG/data/sub-s006/ses-mpm/s_sub-s006_ses-mpm_task-vw_run-1_desc-denoised_space-MNI152NLin6Asym_bold.nii;/mnt/ceph/groups_hdd/SCCGroup/neurocognition_lab/ANCLANG/data/sub-s006/ses-mpm/s_sub-s006_ses-mpm_task-vw_run-2_desc-denoised_space-MNI152NLin6Asym_bold.nii;/mnt/ceph/groups_hdd/SCCGroup/neurocognition_lab/ANCLANG/data/sub-s006/ses-t2w/s_sub-s006_ses-t2w_task-vw_run-1_desc-denoised_space-MNI152NLin6Asym_bold.nii;/mnt/ceph/groups_hdd/SCCGroup/neurocognition_lab/ANCLANG/data/sub-s006/ses-t2w/s_sub-s006_ses-t2w_task-vw_run-2_desc-denoised_space-MNI152NLin6Asym_bold.nii	/mnt/ceph/groups_hdd/SCCGroup/neurocognition_lab/ANCLANG/anclang/sub-s006/ses-dwi/func/sub-s006_ses-dwi_task-vw_acq-mb4mesl56_run-1_events.tsv;/mnt/ceph/groups_hdd/SCCGroup/neurocognition_lab/ANCLANG/anclang/sub-s006/ses-dwi/func/sub-s006_ses-dwi_task-vw_acq-mb4mesl56_run-2_events.tsv;/mnt/ceph/groups_hdd/SCCGroup/neurocognition_lab/ANCLANG/anclang/sub-s006/ses-mpm/func/sub-s006_ses-mpm_task-vw_acq-mb4mesl56_run-1_events.tsv;/mnt/ceph/groups_hdd/SCCGroup/neurocognition_lab/ANCLANG/anclang/sub-s006/ses-mpm/func/sub-s006_ses-mpm_task-vw_acq-mb4mesl56_run-2_events.tsv;/mnt/ceph/groups_hdd/SCCGroup/neurocognition_lab/ANCLANG/anclang/sub-s006/ses-t2w/func/sub-s006_ses-t2w_task-vw_acq-mb4mesl56_run-1_events.tsv;/mnt/ceph/groups_hdd/SCCGroup/neurocognition_lab/ANCLANG/anclang/sub-s006/ses-t2w/func/sub-s006_ses-t2w_task-vw_acq-mb4mesl56_run-2_events.tsv	/mnt/ceph/groups_hdd/SCCGroup/neurocognition_lab/ANCLANG/data/sub-s006/ses-dwi/sub-s006_ses-dwi_task-vw_acq-mb4mesl56_run-1_desc-confounds_timeseries.tsv;/mnt/ceph/groups_hdd/SCCGroup/neurocognition_lab/ANCLANG/data/sub-s006/ses-dwi/sub-s006_ses-dwi_task-vw_acq-mb4mesl56_run-2_desc-confounds_timeseries.tsv;/mnt/ceph/groups_hdd/SCCGroup/neurocognition_lab/ANCLANG/data/sub-s006/ses-mpm/sub-s006_ses-mpm_task-vw_acq-mb4mesl56_run-1_desc-confounds_timeseries.tsv;/mnt/ceph/groups_hdd/SCCGroup/neurocognition_lab/ANCLANG/data/sub-s006/ses-mpm/sub-s006_ses-mpm_task-vw_acq-mb4mesl56_run-2_desc-confounds_timeseries.tsv;/mnt/ceph/groups_hdd/SCCGroup/neurocognition_lab/ANCLANG/data/sub-s006/ses-t2w/sub-s006_ses-t2w_task-vw_acq-mb4mesl56_run-1_desc-confounds_timeseries.tsv;/mnt/ceph/groups_hdd/SCCGroup/neurocognition_lab/ANCLANG/data/sub-s006/ses-t2w/sub-s006_ses-t2w_task-vw_acq-mb4mesl56_run-2_desc-confounds_timeseries.tsv
sub-s006	7	/mnt/ceph/groups_hdd/SCCGroup/neurocognition_lab/ANCLANG/data/sub-s006/ses-dwi/s_sub-s006_ses-dwi_task-vw_run-1_desc-denoised_space-MNI152NLin6Asym_bold.nii;/mnt/ceph/groups_hdd/SCCGroup/neurocognition_lab/ANCLANG/data/sub-s006/ses-dwi/s_sub-s006_ses-dwi_task-vw_run-2_desc-denoised_space-MNI152NLin6Asym_bold.nii;/mnt/ceph/groups_hdd/SCCGroup/neurocognition_lab/ANCLANG/data/sub-s006/ses-mpm/s_sub-s006_ses-mpm_task-vw_run-1_desc-denoised_space-MNI152NLin6Asym_bold.nii;/mnt/ceph/groups_hdd/SCCGroup/neurocognition_lab/ANCLANG/data/sub-s006/ses-mpm/s_sub-s006_ses-mpm_task-vw_run-2_desc-denoised_space-MNI152NLin6Asym_bold.nii;/mnt/ceph/groups_hdd/SCCGroup/neurocognition_lab/ANCLANG/data/sub-s006/ses-t2w/s_sub-s006_ses-t2w_task-vw_run-1_desc-denoised_space-MNI152NLin6Asym_bold.nii;/mnt/ceph/groups_hdd/SCCGroup/neurocognition_lab/ANCLANG/data/sub-s006/ses-t2w/s_sub-s006_ses-t2w_task-vw_run-2_desc-denoised_space-MNI152NLin6Asym_bold.nii;/mnt/ceph/groups_hdd/SCCGroup/neurocognition_lab/ANCLANG/data/sub-s006/ses-mov/s_sub-s006_ses-mov_task-vw_run-1_desc-denoised_space-MNI152NLin6Asym_bold.nii	/mnt/ceph/groups_hdd/SCCGroup/neurocognition_lab/ANCLANG/anclang/sub-s006/ses-dwi/func/sub-s006_ses-dwi_task-vw_acq-mb4mesl56_run-1_events.tsv;/mnt/ceph/groups_hdd/SCCGroup/neurocognition_lab/ANCLANG/anclang/sub-s006/ses-dwi/func/sub-s006_ses-dwi_task-vw_acq-mb4mesl56_run-2_events.tsv;/mnt/ceph/groups_hdd/SCCGroup/neurocognition_lab/ANCLANG/anclang/sub-s006/ses-mpm/func/sub-s006_ses-mpm_task-vw_acq-mb4mesl56_run-1_events.tsv;/mnt/ceph/groups_hdd/SCCGroup/neurocognition_lab/ANCLANG/anclang/sub-s006/ses-mpm/func/sub-s006_ses-mpm_task-vw_acq-mb4mesl56_run-2_events.tsv;/mnt/ceph/groups_hdd/SCCGroup/neurocognition_lab/ANCLANG/anclang/sub-s006/ses-t2w/func/sub-s006_ses-t2w_task-vw_acq-mb4mesl56_run-1_events.tsv;/mnt/ceph/groups_hdd/SCCGroup/neurocognition_lab/ANCLANG/anclang/sub-s006/ses-t2w/func/sub-s006_ses-t2w_task-vw_acq-mb4mesl56_run-2_events.tsv;/mnt/ceph/groups_hdd/SCCGroup/neurocognition_lab/ANCLANG/anclang/sub-s006/ses-mov/func/sub-s006_ses-mov_task-vw_acq-mb4mesl56_run-1_events.tsv	/mnt/ceph/groups_hdd/SCCGroup/neurocognition_lab/ANCLANG/data/sub-s006/ses-dwi/sub-s006_ses-dwi_task-vw_acq-mb4mesl56_run-1_desc-confounds_timeseries.tsv;/mnt/ceph/groups_hdd/SCCGroup/neurocognition_lab/ANCLANG/data/sub-s006/ses-dwi/sub-s006_ses-dwi_task-vw_acq-mb4mesl56_run-2_desc-confounds_timeseries.tsv;/mnt/ceph/groups_hdd/SCCGroup/neurocognition_lab/ANCLANG/data/sub-s006/ses-mpm/sub-s006_ses-mpm_task-vw_acq-mb4mesl56_run-1_desc-confounds_timeseries.tsv;/mnt/ceph/groups_hdd/SCCGroup/neurocognition_lab/ANCLANG/data/sub-s006/ses-mpm/sub-s006_ses-mpm_task-vw_acq-mb4mesl56_run-2_desc-confounds_timeseries.tsv;/mnt/ceph/groups_hdd/SCCGroup/neurocognition_lab/ANCLANG/data/sub-s006/ses-t2w/sub-s006_ses-t2w_task-vw_acq-mb4mesl56_run-1_desc-confounds_timeseries.tsv;/mnt/ceph/groups_hdd/SCCGroup/neurocognition_lab/ANCLANG/data/sub-s006/ses-t2w/sub-s006_ses-t2w_task-vw_acq-mb4mesl56_run-2_desc-confounds_timeseries.tsv;/mnt/ceph/groups_hdd/SCCGroup/neurocognition_lab/ANCLANG/data/sub-s006/ses-mov/sub-s006_ses-mov_task-vw_acq-mb4mesl56_run-1_desc-confounds_timeseries.tsv
sub-s006	8	/mnt/ceph/groups_hdd/SCCGroup/neurocognition_lab/ANCLANG/data/sub-s006/ses-dwi/s_sub-s006_ses-dwi_task-vw_run-1_desc-denoised_space-MNI152NLin6Asym_bold.nii;/mnt/ceph/groups_hdd/SCCGroup/neurocognition_lab/ANCLANG/data/sub-s006/ses-dwi/s_sub-s006_ses-dwi_task-vw_run-2_desc-denoised_space-MNI152NLin6Asym_bold.nii;/mnt/ceph/groups_hdd/SCCGroup/neurocognition_lab/ANCLANG/data/sub-s006/ses-mpm/s_sub-s006_ses-mpm_task-vw_run-1_desc-denoised_space-MNI152NLin6Asym_bold.nii;/mnt/ceph/groups_hdd/SCCGroup/neurocognition_lab/ANCLANG/data/sub-s006/ses-mpm/s_sub-s006_ses-mpm_task-vw_run-2_desc-denoised_space-MNI152NLin6Asym_bold.nii;/mnt/ceph/groups_hdd/SCCGroup/neurocognition_lab/ANCLANG/data/sub-s006/ses-t2w/s_sub-s006_ses-t2w_task-vw_run-1_desc-denoised_space-MNI152NLin6Asym_bold.nii;/mnt/ceph/groups_hdd/SCCGroup/neurocognition_lab/ANCLANG/data/sub-s006/ses-t2w/s_sub-s006_ses-t2w_task-vw_run-2_desc-denoised_space-MNI152NLin6Asym_bold.nii;/mnt/ceph/groups_hdd/SCCGroup/neurocognition_lab/ANCLANG/data/sub-s006/ses-mov/s_sub-s006_ses-mov_task-vw_run-1_desc-denoised_space-MNI152NLin6Asym_bold.nii;/mnt/ceph/groups_hdd/SCCGroup/neurocognition_lab/ANCLANG/data/sub-s006/ses-mov/s_sub-s006_ses-mov_task-vw_run-2_desc-denoised_space-MNI152NLin6Asym_bold.nii	/mnt/ceph/groups_hdd/SCCGroup/neurocognition_lab/ANCLANG/anclang/sub-s006/ses-dwi/func/sub-s006_ses-dwi_task-vw_acq-mb4mesl56_run-1_events.tsv;/mnt/ceph/groups_hdd/SCCGroup/neurocognition_lab/ANCLANG/anclang/sub-s006/ses-dwi/func/sub-s006_ses-dwi_task-vw_acq-mb4mesl56_run-2_events.tsv;/mnt/ceph/groups_hdd/SCCGroup/neurocognition_lab/ANCLANG/anclang/sub-s006/ses-mpm/func/sub-s006_ses-mpm_task-vw_acq-mb4mesl56_run-1_events.tsv;/mnt/ceph/groups_hdd/SCCGroup/neurocognition_lab/ANCLANG/anclang/sub-s006/ses-mpm/func/sub-s006_ses-mpm_task-vw_acq-mb4mesl56_run-2_events.tsv;/mnt/ceph/groups_hdd/SCCGroup/neurocognition_lab/ANCLANG/anclang/sub-s006/ses-t2w/func/sub-s006_ses-t2w_task-vw_acq-mb4mesl56_run-1_events.tsv;/mnt/ceph/groups_hdd/SCCGroup/neurocognition_lab/ANCLANG/anclang/sub-s006/ses-t2w/func/sub-s006_ses-t2w_task-vw_acq-mb4mesl56_run-2_events.tsv;/mnt/ceph/groups_hdd/SCCGroup/neurocognition_lab/ANCLANG/anclang/sub-s006/ses-mov/func/sub-s006_ses-mov_task-vw_acq-mb4mesl56_run-1_events.tsv;/mnt/ceph/groups_hdd/SCCGroup/neurocognition_lab/ANCLANG/anclang/sub-s006/ses-mov/func/sub-s006_ses-mov_task-vw_acq-mb4mesl56_run-2_events.tsv	/mnt/ceph/groups_hdd/SCCGroup/neurocognition_lab/ANCLANG/data/sub-s006/ses-dwi/sub-s006_ses-dwi_task-vw_acq-mb4mesl56_run-1_desc-confounds_timeseries.tsv;/mnt/ceph/groups_hdd/SCCGroup/neurocognition_lab/ANCLANG/data/sub-s006/ses-dwi/sub-s006_ses-dwi_task-vw_acq-mb4mesl56_run-2_desc-confounds_timeseries.tsv;/mnt/ceph/groups_hdd/SCCGroup/neurocognition_lab/ANCLANG/data/sub-s006/ses-mpm/sub-s006_ses-mpm_task-vw_acq-mb4mesl56_run-1_desc-confounds_timeseries.tsv;/mnt/ceph/groups_hdd/SCCGroup/neurocognition_lab/ANCLANG/data/sub-s006/ses-mpm/sub-s006_ses-mpm_task-vw_acq-mb4mesl56_run-2_desc-confounds_timeseries.tsv;/mnt/ceph/groups_hdd/SCCGroup/neurocognition_lab/ANCLANG/data/sub-s006/ses-t2w/sub-s006_ses-t2w_task-vw_acq-mb4mesl56_run-1_desc-confounds_timeseries.tsv;/mnt/ceph/groups_hdd/SCCGroup/neurocognition_lab/ANCLANG/data/sub-s006/ses-t2w/sub-s006_ses-t2w_task-vw_acq-mb4mesl56_run-2_desc-confounds_timeseries.tsv;/mnt/ceph/groups_hdd/SCCGroup/neurocognition_lab/ANCLANG/data/sub-s006/ses-mov/sub-s006_ses-mov_task-vw_acq-mb4mesl56_run-1_desc-confounds_timeseries.tsv;/mnt/ceph/groups_hdd/SCCGroup/neurocognition_lab/ANCLANG/data/sub-s006/ses-mov/sub-s006_ses-mov_task-vw_acq-mb4mesl56_run-2_desc-confounds_timeseries.tsv
sub-s007	1	/mnt/ceph/groups_hdd/SCCGroup/neurocognition_lab/ANCLANG/data/sub-s007/ses-mov/s_sub-s007_ses-mov_task-vw_run-1_desc-denoised_space-MNI152NLin6Asym_bold.nii	/mnt/ceph/groups_hdd/SCCGroup/neurocognition_lab/ANCLANG/anclang/sub-s007/ses-mov/func/sub-s007_ses-mov_task-vw_acq-mb4mesl56_run-1_events.tsv	/mnt/ceph/groups_hdd/SCCGroup/neurocognition_lab/ANCLANG/data/sub-s007/ses-mov/sub-s007_ses-mov_task-vw_acq-mb4mesl56_run-1_desc-confounds_timeseries.tsv
sub-s007	2	/mnt/ceph/groups_hdd/SCCGroup/neurocognition_lab/ANCLANG/data/sub-s007/ses-mov/s_sub-s007_ses-mov_task-vw_run-1_desc-denoised_space-MNI152NLin6Asym_bold.nii;/mnt/ceph/groups_hdd/SCCGroup/neurocognition_lab/ANCLANG/data/sub-s007/ses-mov/s_sub-s007_ses-mov_task-vw_run-2_desc-denoised_space-MNI152NLin6Asym_bold.nii	/mnt/ceph/groups_hdd/SCCGroup/neurocognition_lab/ANCLANG/anclang/sub-s007/ses-mov/func/sub-s007_ses-mov_task-vw_acq-mb4mesl56_run-1_events.tsv;/mnt/ceph/groups_hdd/SCCGroup/neurocognition_lab/ANCLANG/anclang/sub-s007/ses-mov/func/sub-s007_ses-mov_task-vw_acq-mb4mesl56_run-2_events.tsv	/mnt/ceph/groups_hdd/SCCGroup/neurocognition_lab/ANCLANG/data/sub-s007/ses-mov/sub-s007_ses-mov_task-vw_acq-mb4mesl56_run-1_desc-confounds_timeseries.tsv;/mnt/ceph/groups_hdd/SCCGroup/neurocognition_lab/ANCLANG/data/sub-s007/ses-mov/sub-s007_ses-mov_task-vw_acq-mb4mesl56_run-2_desc-confounds_timeseries.tsv
sub-s007	3	/mnt/ceph/groups_hdd/SCCGroup/neurocognition_lab/ANCLANG/data/sub-s007/ses-mov/s_sub-s007_ses-mov_task-vw_run-1_desc-denoised_space-MNI152NLin6Asym_bold.nii;/mnt/ceph/groups_hdd/SCCGroup/neurocognition_lab/ANCLANG/data/sub-s007/ses-mov/s_sub-s007_ses-mov_task-vw_run-2_desc-denoised_space-MNI152NLin6Asym_bold.nii;/mnt/ceph/groups_hdd/SCCGroup/neurocognition_lab/ANCLANG/data/sub-s007/ses-t2w/s_sub-s007_ses-t2w_task-vw_run-1_desc-denoised_space-MNI152NLin6Asym_bold.nii	/mnt/ceph/groups_hdd/SCCGroup/neurocognition_lab/ANCLANG/anclang/sub-s007/ses-mov/func/sub-s007_ses-mov_task-vw_acq-mb4mesl56_run-1_events.tsv;/mnt/ceph/groups_hdd/SCCGroup/neurocognition_lab/ANCLANG/anclang/sub-s007/ses-mov/func/sub-s007_ses-mov_task-vw_acq-mb4mesl56_run-2_events.tsv;/mnt/ceph/groups_hdd/SCCGroup/neurocognition_lab/ANCLANG/anclang/sub-s007/ses-t2w/func/sub-s007_ses-t2w_task-vw_acq-mb4mesl56_run-1_events.tsv	/mnt/ceph/groups_hdd/SCCGroup/neurocognition_lab/ANCLANG/data/sub-s007/ses-mov/sub-s007_ses-mov_task-vw_acq-mb4mesl56_run-1_desc-confounds_timeseries.tsv;/mnt/ceph/groups_hdd/SCCGroup/neurocognition_lab/ANCLANG/data/sub-s007/ses-mov/sub-s007_ses-mov_task-vw_acq-mb4mesl56_run-2_desc-confounds_timeseries.tsv;/mnt/ceph/groups_hdd/SCCGroup/neurocognition_lab/ANCLANG/data/sub-s007/ses-t2w/sub-s007_ses-t2w_task-vw_acq-mb4mesl56_run-1_desc-confounds_timeseries.tsv
sub-s007	4	/mnt/ceph/groups_hdd/SCCGroup/neurocognition_lab/ANCLANG/data/sub-s007/ses-mov/s_sub-s007_ses-mov_task-vw_run-1_desc-denoised_space-MNI152NLin6Asym_bold.nii;/mnt/ceph/groups_hdd/SCCGroup/neurocognition_lab/ANCLANG/data/sub-s007/ses-mov/s_sub-s007_ses-mov_task-vw_run-2_desc-denoised_space-MNI152NLin6Asym_bold.nii;/mnt/ceph/groups_hdd/SCCGroup/neurocognition_lab/ANCLANG/data/sub-s007/ses-t2w/s_sub-s007_ses-t2w_task-vw_run-1_desc-denoised_space-MNI152NLin6Asym_bold.nii;/mnt/ceph/groups_hdd/SCCGroup/neurocognition_lab/ANCLANG/data/sub-s007/ses-t2w/s_sub-s007_ses-t2w_task-vw_run-2_desc-denoised_space-MNI152NLin6Asym_bold.nii	/mnt/ceph/groups_hdd/SCCGroup/neurocognition_lab/ANCLANG/anclang/sub-s007/ses-mov/func/sub-s007_ses-mov_task-vw_acq-mb4mesl56_run-1_events.tsv;/mnt/ceph/groups_hdd/SCCGroup/neurocognition_lab/ANCLANG/anclang/sub-s007/ses-mov/func/sub-s007_ses-mov_task-vw_acq-mb4mesl56_run-2_events.tsv;/mnt/ceph/groups_hdd/SCCGroup/neurocognition_lab/ANCLANG/anclang/sub-s007/ses-t2w/func/sub-s007_ses-t2w_task-vw_acq-mb4mesl56_run-1_events.tsv;/mnt/ceph/groups_hdd/SCCGroup/neurocognition_lab/ANCLANG/anclang/sub-s007/ses-t2w/func/sub-s007_ses-t2w_task-vw_acq-mb4mesl56_run-2_events.tsv	/mnt/ceph/groups_hdd/SCCGroup/neurocognition_lab/ANCLANG/data/sub-s007/ses-mov/sub-s007_ses-mov_task-vw_acq-mb4mesl56_run-1_desc-confounds_timeseries.tsv;/mnt/ceph/groups_hdd/SCCGroup/neurocognition_lab/ANCLANG/data/sub-s007/ses-mov/sub-s007_ses-mov_task-vw_acq-mb4mesl56_run-2_desc-confounds_timeseries.tsv;/mnt/ceph/groups_hdd/SCCGroup/neurocognition_lab/ANCLANG/data/sub-s007/ses-t2w/sub-s007_ses-t2w_task-vw_acq-mb4mesl56_run-1_desc-confounds_timeseries.tsv;/mnt/ceph/groups_hdd/SCCGroup/neurocognition_lab/ANCLANG/data/sub-s007/ses-t2w/sub-s007_ses-t2w_task-vw_acq-mb4mesl56_run-2_desc-confounds_timeseries.tsv
sub-s007	5	/mnt/ceph/groups_hdd/SCCGroup/neurocognition_lab/ANCLANG/data/sub-s007/ses-mov/s_sub-s007_ses-mov_task-vw_run-1_desc-denoised_space-MNI152NLin6Asym_bold.nii;/mnt/ceph/groups_hdd/SCCGroup/neurocognition_lab/ANCLANG/data/sub-s007/ses-mov/s_sub-s007_ses-mov_task-vw_run-2_desc-denoised_space-MNI152NLin6Asym_bold.nii;/mnt/ceph/groups_hdd/SCCGroup/neurocognition_lab/ANCLANG/data/sub-s007/ses-t2w/s_sub-s007_ses-t2w_task-vw_run-1_desc-denoised_space-MNI152NLin6Asym_bold.nii;/mnt/ceph/groups_hdd/SCCGroup/neurocognition_lab/ANCLANG/data/sub-s007/ses-t2w/s_sub-s007_ses-t2w_task-vw_run-2_desc-denoised_space-MNI152NLin6Asym_bold.nii;/mnt/ceph/groups_hdd/SCCGroup/neurocognition_lab/ANCLANG/data/sub-s007/ses-mpm/s_sub-s007_ses-mpm_task-vw_run-1_desc-denoised_space-MNI152NLin6Asym_bold.nii	/mnt/ceph/groups_hdd/SCCGroup/neurocognition_lab/ANCLANG/anclang/sub-s007/ses-mov/func/sub-s007_ses-mov_task-vw_acq-mb4mesl56_run-1_events.tsv;/mnt/ceph/groups_hdd/SCCGroup/neurocognition_lab/ANCLANG/anclang/sub-s007/ses-mov/func/sub-s007_ses-mov_task-vw_acq-mb4mesl56_run-2_events.tsv;/mnt/ceph/groups_hdd/SCCGroup/neurocognition_lab/ANCLANG/anclang/sub-s007/ses-t2w/func/sub-s007_ses-t2w_task-vw_acq-mb4mesl56_run-1_events.tsv;/mnt/ceph/groups_hdd/SCCGroup/neurocognition_lab/ANCLANG/anclang/sub-s007/ses-t2w/func/sub-s007_ses-t2w_task-vw_acq-mb4mesl56_run-2_events.tsv;/mnt/ceph/groups_hdd/SCCGroup/neurocognition_lab/ANCLANG/anclang/sub-s007/ses-mpm/func/sub-s007_ses-mpm_task-vw_acq-mb4mesl56_run-1_events.tsv	/mnt/ceph/groups_hdd/SCCGroup/neurocognition_lab/ANCLANG/data/sub-s007/ses-mov/sub-s007_ses-mov_task-vw_acq-mb4mesl56_run-1_desc-confounds_timeseries.tsv;/mnt/ceph/groups_hdd/SCCGroup/neurocognition_lab/ANCLANG/data/sub-s007/ses-mov/sub-s007_ses-mov_task-vw_acq-mb4mesl56_run-2_desc-confounds_timeseries.tsv;/mnt/ceph/groups_hdd/SCCGroup/neurocognition_lab/ANCLANG/data/sub-s007/ses-t2w/sub-s007_ses-t2w_task-vw_acq-mb4mesl56_run-1_desc-confounds_timeseries.tsv;/mnt/ceph/groups_hdd/SCCGroup/neurocognition_lab/ANCLANG/data/sub-s007/ses-t2w/sub-s007_ses-t2w_task-vw_acq-mb4mesl56_run-2_desc-confounds_timeseries.tsv;/mnt/ceph/groups_hdd/SCCGroup/neurocognition_lab/ANCLANG/data/sub-s007/ses-mpm/sub-s007_ses-mpm_task-vw_acq-mb4mesl56_run-1_desc-confounds_timeseries.tsv
sub-s007	6	/mnt/ceph/groups_hdd/SCCGroup/neurocognition_lab/ANCLANG/data/sub-s007/ses-mov/s_sub-s007_ses-mov_task-vw_run-1_desc-denoised_space-MNI152NLin6Asym_bold.nii;/mnt/ceph/groups_hdd/SCCGroup/neurocognition_lab/ANCLANG/data/sub-s007/ses-mov/s_sub-s007_ses-mov_task-vw_run-2_desc-denoised_space-MNI152NLin6Asym_bold.nii;/mnt/ceph/groups_hdd/SCCGroup/neurocognition_lab/ANCLANG/data/sub-s007/ses-t2w/s_sub-s007_ses-t2w_task-vw_run-1_desc-denoised_space-MNI152NLin6Asym_bold.nii;/mnt/ceph/groups_hdd/SCCGroup/neurocognition_lab/ANCLANG/data/sub-s007/ses-t2w/s_sub-s007_ses-t2w_task-vw_run-2_desc-denoised_space-MNI152NLin6Asym_bold.nii;/mnt/ceph/groups_hdd/SCCGroup/neurocognition_lab/ANCLANG/data/sub-s007/ses-mpm/s_sub-s007_ses-mpm_task-vw_run-1_desc-denoised_space-MNI152NLin6Asym_bold.nii;/mnt/ceph/groups_hdd/SCCGroup/neurocognition_lab/ANCLANG/data/sub-s007/ses-mpm/s_sub-s007_ses-mpm_task-vw_run-2_desc-denoised_space-MNI152NLin6Asym_bold.nii	/mnt/ceph/groups_hdd/SCCGroup/neurocognition_lab/ANCLANG/anclang/sub-s007/ses-mov/func/sub-s007_ses-mov_task-vw_acq-mb4mesl56_run-1_events.tsv;/mnt/ceph/groups_hdd/SCCGroup/neurocognition_lab/ANCLANG/anclang/sub-s007/ses-mov/func/sub-s007_ses-mov_task-vw_acq-mb4mesl56_run-2_events.tsv;/mnt/ceph/groups_hdd/SCCGroup/neurocognition_lab/ANCLANG/anclang/sub-s007/ses-t2w/func/sub-s007_ses-t2w_task-vw_acq-mb4mesl56_run-1_events.tsv;/mnt/ceph/groups_hdd/SCCGroup/neurocognition_lab/ANCLANG/anclang/sub-s007/ses-t2w/func/sub-s007_ses-t2w_task-vw_acq-mb4mesl56_run-2_events.tsv;/mnt/ceph/groups_hdd/SCCGroup/neurocognition_lab/ANCLANG/anclang/sub-s007/ses-mpm/func/sub-s007_ses-mpm_task-vw_acq-mb4mesl56_run-1_events.tsv;/mnt/ceph/groups_hdd/SCCGroup/neurocognition_lab/ANCLANG/anclang/sub-s007/ses-mpm/func/sub-s007_ses-mpm_task-vw_acq-mb4mesl56_run-2_events.tsv	/mnt/ceph/groups_hdd/SCCGroup/neurocognition_lab/ANCLANG/data/sub-s007/ses-mov/sub-s007_ses-mov_task-vw_acq-mb4mesl56_run-1_desc-confounds_timeseries.tsv;/mnt/ceph/groups_hdd/SCCGroup/neurocognition_lab/ANCLANG/data/sub-s007/ses-mov/sub-s007_ses-mov_task-vw_acq-mb4mesl56_run-2_desc-confounds_timeseries.tsv;/mnt/ceph/groups_hdd/SCCGroup/neurocognition_lab/ANCLANG/data/sub-s007/ses-t2w/sub-s007_ses-t2w_task-vw_acq-mb4mesl56_run-1_desc-confounds_timeseries.tsv;/mnt/ceph/groups_hdd/SCCGroup/neurocognition_lab/ANCLANG/data/sub-s007/ses-t2w/sub-s007_ses-t2w_task-vw_acq-mb4mesl56_run-2_desc-confounds_timeseries.tsv;/mnt/ceph/groups_hdd/SCCGroup/neurocognition_lab/ANCLANG/data/sub-s007/ses-mpm/sub-s007_ses-mpm_task-vw_acq-mb4mesl56_run-1_desc-confounds_timeseries.tsv;/mnt/ceph/groups_hdd/SCCGroup/neurocognition_lab/ANCLANG/data/sub-s007/ses-mpm/sub-s007_ses-mpm_task-vw_acq-mb4mesl56_run-2_desc-confounds_timeseries.tsv
sub-s007	7	/mnt/ceph/groups_hdd/SCCGroup/neurocognition_lab/ANCLANG/data/sub-s007/ses-mov/s_sub-s007_ses-mov_task-vw_run-1_desc-denoised_space-MNI152NLin6Asym_bold.nii;/mnt/ceph/groups_hdd/SCCGroup/neurocognition_lab/ANCLANG/data/sub-s007/ses-mov/s_sub-s007_ses-mov_task-vw_run-2_desc-denoised_space-MNI152NLin6Asym_bold.nii;/mnt/ceph/groups_hdd/SCCGroup/neurocognition_lab/ANCLANG/data/sub-s007/ses-t2w/s_sub-s007_ses-t2w_task-vw_run-1_desc-denoised_space-MNI152NLin6Asym_bold.nii;/mnt/ceph/groups_hdd/SCCGroup/neurocognition_lab/ANCLANG/data/sub-s007/ses-t2w/s_sub-s007_ses-t2w_task-vw_run-2_desc-denoised_space-MNI152NLin6Asym_bold.nii;/mnt/ceph/groups_hdd/SCCGroup/neurocognition_lab/ANCLANG/data/sub-s007/ses-mpm/s_sub-s007_ses-mpm_task-vw_run-1_desc-denoised_space-MNI152NLin6Asym_bold.nii;/mnt/ceph/groups_hdd/SCCGroup/neurocognition_lab/ANCLANG/data/sub-s007/ses-mpm/s_sub-s007_ses-mpm_task-vw_run-2_desc-denoised_space-MNI152NLin6Asym_bold.nii;/mnt/ceph/groups_hdd/SCCGroup/neurocognition_lab/ANCLANG/data/sub-s007/ses-dwi/s_sub-s007_ses-dwi_task-vw_run-1_desc-denoised_space-MNI152NLin6Asym_bold.nii	/mnt/ceph/groups_hdd/SCCGroup/neurocognition_lab/ANCLANG/anclang/sub-s007/ses-mov/func/sub-s007_ses-mov_task-vw_acq-mb4mesl56_run-1_events.tsv;/mnt/ceph/groups_hdd/SCCGroup/neurocognition_lab/ANCLANG/anclang/sub-s007/ses-mov/func/sub-s007_ses-mov_task-vw_acq-mb4mesl56_run-2_events.tsv;/mnt/ceph/groups_hdd/SCCGroup/neurocognition_lab/ANCLANG/anclang/sub-s007/ses-t2w/func/sub-s007_ses-t2w_task-vw_acq-mb4mesl56_run-1_events.tsv;/mnt/ceph/groups_hdd/SCCGroup/neurocognition_lab/ANCLANG/anclang/sub-s007/ses-t2w/func/sub-s007_ses-t2w_task-vw_acq-mb4mesl56_run-2_events.tsv;/mnt/ceph/groups_hdd/SCCGroup/neurocognition_lab/ANCLANG/anclang/sub-s007/ses-mpm/func/sub-s007_ses-mpm_task-vw_acq-mb4mesl56_run-1_events.tsv;/mnt/ceph/groups_hdd/SCCGroup/neurocognition_lab/ANCLANG/anclang/sub-s007/ses-mpm/func/sub-s007_ses-mpm_task-vw_acq-mb4mesl56_run-2_events.tsv;/mnt/ceph/groups_hdd/SCCGroup/neurocognition_lab/ANCLANG/anclang/sub-s007/ses-dwi/func/sub-s007_ses-dwi_task-vw_acq-mb4mesl56_run-1_events.tsv	/mnt/ceph/groups_hdd/SCCGroup/neurocognition_lab/ANCLANG/data/sub-s007/ses-mov/sub-s007_ses-mov_task-vw_acq-mb4mesl56_run-1_desc-confounds_timeseries.tsv;/mnt/ceph/groups_hdd/SCCGroup/neurocognition_lab/ANCLANG/data/sub-s007/ses-mov/sub-s007_ses-mov_task-vw_acq-mb4mesl56_run-2_desc-confounds_timeseries.tsv;/mnt/ceph/groups_hdd/SCCGroup/neurocognition_lab/ANCLANG/data/sub-s007/ses-t2w/sub-s007_ses-t2w_task-vw_acq-mb4mesl56_run-1_desc-confounds_timeseries.tsv;/mnt/ceph/groups_hdd/SCCGroup/neurocognition_lab/ANCLANG/data/sub-s007/ses-t2w/sub-s007_ses-t2w_task-vw_acq-mb4mesl56_run-2_desc-confounds_timeseries.tsv;/mnt/ceph/groups_hdd/SCCGroup/neurocognition_lab/ANCLANG/data/sub-s007/ses-mpm/sub-s007_ses-mpm_task-vw_acq-mb4mesl56_run-1_desc-confounds_timeseries.tsv;/mnt/ceph/groups_hdd/SCCGroup/neurocognition_lab/ANCLANG/data/sub-s007/ses-mpm/sub-s007_ses-mpm_task-vw_acq-mb4mesl56_run-2_desc-confounds_timeseries.tsv;/mnt/ceph/groups_hdd/SCCGroup/neurocognition_lab/ANCLANG/data/sub-s007/ses-dwi/sub-s007_ses-dwi_task-vw_acq-mb4mesl56_run-1_desc-confounds_timeseries.tsv
sub-s007	8	/mnt/ceph/groups_hdd/SCCGroup/neurocognition_lab/ANCLANG/data/sub-s007/ses-mov/s_sub-s007_ses-mov_task-vw_run-1_desc-denoised_space-MNI152NLin6Asym_bold.nii;/mnt/ceph/groups_hdd/SCCGroup/neurocognition_lab/ANCLANG/data/sub-s007/ses-mov/s_sub-s007_ses-mov_task-vw_run-2_desc-denoised_space-MNI152NLin6Asym_bold.nii;/mnt/ceph/groups_hdd/SCCGroup/neurocognition_lab/ANCLANG/data/sub-s007/ses-t2w/s_sub-s007_ses-t2w_task-vw_run-1_desc-denoised_space-MNI152NLin6Asym_bold.nii;/mnt/ceph/groups_hdd/SCCGroup/neurocognition_lab/ANCLANG/data/sub-s007/ses-t2w/s_sub-s007_ses-t2w_task-vw_run-2_desc-denoised_space-MNI152NLin6Asym_bold.nii;/mnt/ceph/groups_hdd/SCCGroup/neurocognition_lab/ANCLANG/data/sub-s007/ses-mpm/s_sub-s007_ses-mpm_task-vw_run-1_desc-denoised_space-MNI152NLin6Asym_bold.nii;/mnt/ceph/groups_hdd/SCCGroup/neurocognition_lab/ANCLANG/data/sub-s007/ses-mpm/s_sub-s007_ses-mpm_task-vw_run-2_desc-denoised_space-MNI152NLin6Asym_bold.nii;/mnt/ceph/groups_hdd/SCCGroup/neurocognition_lab/ANCLANG/data/sub-s007/ses-dwi/s_sub-s007_ses-dwi_task-vw_run-1_desc-denoised_space-MNI152NLin6Asym_bold.nii;/mnt/ceph/groups_hdd/SCCGroup/neurocognition_lab/ANCLANG/data/sub-s007/ses-dwi/s_sub-s007_ses-dwi_task-vw_run-2_desc-denoised_space-MNI152NLin6Asym_bold.nii	/mnt/ceph/groups_hdd/SCCGroup/neurocognition_lab/ANCLANG/anclang/sub-s007/ses-mov/func/sub-s007_ses-mov_task-vw_acq-mb4mesl56_run-1_events.tsv;/mnt/ceph/groups_hdd/SCCGroup/neurocognition_lab/ANCLANG/anclang/sub-s007/ses-mov/func/sub-s007_ses-mov_task-vw_acq-mb4mesl56_run-2_events.tsv;/mnt/ceph/groups_hdd/SCCGroup/neurocognition_lab/ANCLANG/anclang/sub-s007/ses-t2w/func/sub-s007_ses-t2w_task-vw_acq-mb4mesl56_run-1_events.tsv;/mnt/ceph/groups_hdd/SCCGroup/neurocognition_lab/ANCLANG/anclang/sub-s007/ses-t2w/func/sub-s007_ses-t2w_task-vw_acq-mb4mesl56_run-2_events.tsv;/mnt/ceph/groups_hdd/SCCGroup/neurocognition_lab/ANCLANG/anclang/sub-s007/ses-mpm/func/sub-s007_ses-mpm_task-vw_acq-mb4mesl56_run-1_events.tsv;/mnt/ceph/groups_hdd/SCCGroup/neurocognition_lab/ANCLANG/anclang/sub-s007/ses-mpm/func/sub-s007_ses-mpm_task-vw_acq-mb4mesl56_run-2_events.tsv;/mnt/ceph/groups_hdd/SCCGroup/neurocognition_lab/ANCLANG/anclang/sub-s007/ses-dwi/func/sub-s007_ses-dwi_task-vw_acq-mb4mesl56_run-1_events.tsv;/mnt/ceph/groups_hdd/SCCGroup/neurocognition_lab/ANCLANG/anclang/sub-s007/ses-dwi/func/sub-s007_ses-dwi_task-vw_acq-mb4mesl56_run-2_events.tsv	/mnt/ceph/groups_hdd/SCCGroup/neurocognition_lab/ANCLANG/data/sub-s007/ses-mov/sub-s007_ses-mov_task-vw_acq-mb4mesl56_run-1_desc-confounds_timeseries.tsv;/mnt/ceph/groups_hdd/SCCGroup/neurocognition_lab/ANCLANG/data/sub-s007/ses-mov/sub-s007_ses-mov_task-vw_acq-mb4mesl56_run-2_desc-confounds_timeseries.tsv;/mnt/ceph/groups_hdd/SCCGroup/neurocognition_lab/ANCLANG/data/sub-s007/ses-t2w/sub-s007_ses-t2w_task-vw_acq-mb4mesl56_run-1_desc-confounds_timeseries.tsv;/mnt/ceph/groups_hdd/SCCGroup/neurocognition_lab/ANCLANG/data/sub-s007/ses-t2w/sub-s007_ses-t2w_task-vw_acq-mb4mesl56_run-2_desc-confounds_timeseries.tsv;/mnt/ceph/groups_hdd/SCCGroup/neurocognition_lab/ANCLANG/data/sub-s007/ses-mpm/sub-s007_ses-mpm_task-vw_acq-mb4mesl56_run-1_desc-confounds_timeseries.tsv;/mnt/ceph/groups_hdd/SCCGroup/neurocognition_lab/ANCLANG/data/sub-s007/ses-mpm/sub-s007_ses-mpm_task-vw_acq-mb4mesl56_run-2_desc-confounds_timeseries.tsv;/mnt/ceph/groups_hdd/SCCGroup/neurocognition_lab/ANCLANG/data/sub-s007/ses-dwi/sub-s007_ses-dwi_task-vw_acq-mb4mesl56_run-1_desc-confounds_timeseries.tsv;/mnt/ceph/groups_hdd/SCCGroup/neurocognition_lab/ANCLANG/data/sub-s007/ses-dwi/sub-s007_ses-dwi_task-vw_acq-mb4mesl56_run-2_desc-confounds_timeseries.tsv
sub-s008	1	/mnt/ceph/groups_hdd/SCCGroup/neurocognition_lab/ANCLANG/data/sub-s008/ses-mov/s_sub-s008_ses-mov_task-vw_run-1_desc-denoised_space-MNI152NLin6Asym_bold.nii	/mnt/ceph/groups_hdd/SCCGroup/neurocognition_lab/ANCLANG/anclang/sub-s008/ses-mov/func/sub-s008_ses-mov_task-vw_acq-mb4mesl56_run-1_events.tsv	/mnt/ceph/groups_hdd/SCCGroup/neurocognition_lab/ANCLANG/data/sub-s008/ses-mov/sub-s008_ses-mov_task-vw_acq-mb4mesl56_run-1_desc-confounds_timeseries.tsv
sub-s008	2	/mnt/ceph/groups_hdd/SCCGroup/neurocognition_lab/ANCLANG/data/sub-s008/ses-mov/s_sub-s008_ses-mov_task-vw_run-1_desc-denoised_space-MNI152NLin6Asym_bold.nii;/mnt/ceph/groups_hdd/SCCGroup/neurocognition_lab/ANCLANG/data/sub-s008/ses-mov/s_sub-s008_ses-mov_task-vw_run-2_desc-denoised_space-MNI152NLin6Asym_bold.nii	/mnt/ceph/groups_hdd/SCCGroup/neurocognition_lab/ANCLANG/anclang/sub-s008/ses-mov/func/sub-s008_ses-mov_task-vw_acq-mb4mesl56_run-1_events.tsv;/mnt/ceph/groups_hdd/SCCGroup/neurocognition_lab/ANCLANG/anclang/sub-s008/ses-mov/func/sub-s008_ses-mov_task-vw_acq-mb4mesl56_run-2_events.tsv	/mnt/ceph/groups_hdd/SCCGroup/neurocognition_lab/ANCLANG/data/sub-s008/ses-mov/sub-s008_ses-mov_task-vw_acq-mb4mesl56_run-1_desc-confounds_timeseries.tsv;/mnt/ceph/groups_hdd/SCCGroup/neurocognition_lab/ANCLANG/data/sub-s008/ses-mov/sub-s008_ses-mov_task-vw_acq-mb4mesl56_run-2_desc-confounds_timeseries.tsv
sub-s008	3	/mnt/ceph/groups_hdd/SCCGroup/neurocognition_lab/ANCLANG/data/sub-s008/ses-mov/s_sub-s008_ses-mov_task-vw_run-1_desc-denoised_space-MNI152NLin6Asym_bold.nii;/mnt/ceph/groups_hdd/SCCGroup/neurocognition_lab/ANCLANG/data/sub-s008/ses-mov/s_sub-s008_ses-mov_task-vw_run-2_desc-denoised_space-MNI152NLin6Asym_bold.nii;/mnt/ceph/groups_hdd/SCCGroup/neurocognition_lab/ANCLANG/data/sub-s008/ses-t2w/s_sub-s008_ses-t2w_task-vw_run-1_desc-denoised_space-MNI152NLin6Asym_bold.nii	/mnt/ceph/groups_hdd/SCCGroup/neurocognition_lab/ANCLANG/anclang/sub-s008/ses-mov/func/sub-s008_ses-mov_task-vw_acq-mb4mesl56_run-1_events.tsv;/mnt/ceph/groups_hdd/SCCGroup/neurocognition_lab/ANCLANG/anclang/sub-s008/ses-mov/func/sub-s008_ses-mov_task-vw_acq-mb4mesl56_run-2_events.tsv;/mnt/ceph/groups_hdd/SCCGroup/neurocognition_lab/ANCLANG/anclang/sub-s008/ses-t2w/func/sub-s008_ses-t2w_task-vw_acq-mb4mesl56_run-1_events.tsv	/mnt/ceph/groups_hdd/SCCGroup/neurocognition_lab/ANCLANG/data/sub-s008/ses-mov/sub-s008_ses-mov_task-vw_acq-mb4mesl56_run-1_desc-confounds_timeseries.tsv;/mnt/ceph/groups_hdd/SCCGroup/neurocognition_lab/ANCLANG/data/sub-s008/ses-mov/sub-s008_ses-mov_task-vw_acq-mb4mesl56_run-2_desc-confounds_timeseries.tsv;/mnt/ceph/groups_hdd/SCCGroup/neurocognition_lab/ANCLANG/data/sub-s008/ses-t2w/sub-s008_ses-t2w_task-vw_acq-mb4mesl56_run-1_desc-confounds_timeseries.tsv
sub-s008	4	/mnt/ceph/groups_hdd/SCCGroup/neurocognition_lab/ANCLANG/data/sub-s008/ses-mov/s_sub-s008_ses-mov_task-vw_run-1_desc-denoised_space-MNI152NLin6Asym_bold.nii;/mnt/ceph/groups_hdd/SCCGroup/neurocognition_lab/ANCLANG/data/sub-s008/ses-mov/s_sub-s008_ses-mov_task-vw_run-2_desc-denoised_space-MNI152NLin6Asym_bold.nii;/mnt/ceph/groups_hdd/SCCGroup/neurocognition_lab/ANCLANG/data/sub-s008/ses-t2w/s_sub-s008_ses-t2w_task-vw_run-1_desc-denoised_space-MNI152NLin6Asym_bold.nii;/mnt/ceph/groups_hdd/SCCGroup/neurocognition_lab/ANCLANG/data/sub-s008/ses-t2w/s_sub-s008_ses-t2w_task-vw_run-2_desc-denoised_space-MNI152NLin6Asym_bold.nii	/mnt/ceph/groups_hdd/SCCGroup/neurocognition_lab/ANCLANG/anclang/sub-s008/ses-mov/func/sub-s008_ses-mov_task-vw_acq-mb4mesl56_run-1_events.tsv;/mnt/ceph/groups_hdd/SCCGroup/neurocognition_lab/ANCLANG/anclang/sub-s008/ses-mov/func/sub-s008_ses-mov_task-vw_acq-mb4mesl56_run-2_events.tsv;/mnt/ceph/groups_hdd/SCCGroup/neurocognition_lab/ANCLANG/anclang/sub-s008/ses-t2w/func/sub-s008_ses-t2w_task-vw_acq-mb4mesl56_run-1_events.tsv;/mnt/ceph/groups_hdd/SCCGroup/neurocognition_lab/ANCLANG/anclang/sub-s008/ses-t2w/func/sub-s008_ses-t2w_task-vw_acq-mb4mesl56_run-2_events.tsv	/mnt/ceph/groups_hdd/SCCGroup/neurocognition_lab/ANCLANG/data/sub-s008/ses-mov/sub-s008_ses-mov_task-vw_acq-mb4mesl56_run-1_desc-confounds_timeseries.tsv;/mnt/ceph/groups_hdd/SCCGroup/neurocognition_lab/ANCLANG/data/sub-s008/ses-mov/sub-s008_ses-mov_task-vw_acq-mb4mesl56_run-2_desc-confounds_timeseries.tsv;/mnt/ceph/groups_hdd/SCCGroup/neurocognition_lab/ANCLANG/data/sub-s008/ses-t2w/sub-s008_ses-t2w_task-vw_acq-mb4mesl56_run-1_desc-confounds_timeseries.tsv;/mnt/ceph/groups_hdd/SCCGroup/neurocognition_lab/ANCLANG/data/sub-s008/ses-t2w/sub-s008_ses-t2w_task-vw_acq-mb4mesl56_run-2_desc-confounds_timeseries.tsv
sub-s008	5	/mnt/ceph/groups_hdd/SCCGroup/neurocognition_lab/ANCLANG/data/sub-s008/ses-mov/s_sub-s008_ses-mov_task-vw_run-1_desc-denoised_space-MNI152NLin6Asym_bold.nii;/mnt/ceph/groups_hdd/SCCGroup/neurocognition_lab/ANCLANG/data/sub-s008/ses-mov/s_sub-s008_ses-mov_task-vw_run-2_desc-denoised_space-MNI152NLin6Asym_bold.nii;/mnt/ceph/groups_hdd/SCCGroup/neurocognition_lab/ANCLANG/data/sub-s008/ses-t2w/s_sub-s008_ses-t2w_task-vw_run-1_desc-denoised_space-MNI152NLin6Asym_bold.nii;/mnt/ceph/groups_hdd/SCCGroup/neurocognition_lab/ANCLANG/data/sub-s008/ses-t2w/s_sub-s008_ses-t2w_task-vw_run-2_desc-denoised_space-MNI152NLin6Asym_bold.nii;/mnt/ceph/groups_hdd/SCCGroup/neurocognition_lab/ANCLANG/data/sub-s008/ses-mpm/s_sub-s008_ses-mpm_task-vw_run-1_desc-denoised_space-MNI152NLin6Asym_bold.nii	/mnt/ceph/groups_hdd/SCCGroup/neurocognition_lab/ANCLANG/anclang/sub-s008/ses-mov/func/sub-s008_ses-mov_task-vw_acq-mb4mesl56_run-1_events.tsv;/mnt/ceph/groups_hdd/SCCGroup/neurocognition_lab/ANCLANG/anclang/sub-s008/ses-mov/func/sub-s008_ses-mov_task-vw_acq-mb4mesl56_run-2_events.tsv;/mnt/ceph/groups_hdd/SCCGroup/neurocognition_lab/ANCLANG/anclang/sub-s008/ses-t2w/func/sub-s008_ses-t2w_task-vw_acq-mb4mesl56_run-1_events.tsv;/mnt/ceph/groups_hdd/SCCGroup/neurocognition_lab/ANCLANG/anclang/sub-s008/ses-t2w/func/sub-s008_ses-t2w_task-vw_acq-mb4mesl56_run-2_events.tsv;/mnt/ceph/groups_hdd/SCCGroup/neurocognition_lab/ANCLANG/anclang/sub-s008/ses-mpm/func/sub-s008_ses-mpm_task-vw_acq-mb4mesl56_run-1_events.tsv	/mnt/ceph/groups_hdd/SCCGroup/neurocognition_lab/ANCLANG/data/sub-s008/ses-mov/sub-s008_ses-mov_task-vw_acq-mb4mesl56_run-1_desc-confounds_timeseries.tsv;/mnt/ceph/groups_hdd/SCCGroup/neurocognition_lab/ANCLANG/data/sub-s008/ses-mov/sub-s008_ses-mov_task-vw_acq-mb4mesl56_run-2_desc-confounds_timeseries.tsv;/mnt/ceph/groups_hdd/SCCGroup/neurocognition_lab/ANCLANG/data/sub-s008/ses-t2w/sub-s008_ses-t2w_task-vw_acq-mb4mesl56_run-1_desc-confounds_timeseries.tsv;/mnt/ceph/groups_hdd/SCCGroup/neurocognition_lab/ANCLANG/data/sub-s008/ses-t2w/sub-s008_ses-t2w_task-vw_acq-mb4mesl56_run-2_desc-confounds_timeseries.tsv;/mnt/ceph/groups_hdd/SCCGroup/neurocognition_lab/ANCLANG/data/sub-s008/ses-mpm/sub-s008_ses-mpm_task-vw_acq-mb4mesl56_run-1_desc-confounds_timeseries.tsv
sub-s008	6	/mnt/ceph/groups_hdd/SCCGroup/neurocognition_lab/ANCLANG/data/sub-s008/ses-mov/s_sub-s008_ses-mov_task-vw_run-1_desc-denoised_space-MNI152NLin6Asym_bold.nii;/mnt/ceph/groups_hdd/SCCGroup/neurocognition_lab/ANCLANG/data/sub-s008/ses-mov/s_sub-s008_ses-mov_task-vw_run-2_desc-denoised_space-MNI152NLin6Asym_bold.nii;/mnt/ceph/groups_hdd/SCCGroup/neurocognition_lab/ANCLANG/data/sub-s008/ses-t2w/s_sub-s008_ses-t2w_task-vw_run-1_desc-denoised_space-MNI152NLin6Asym_bold.nii;/mnt/ceph/groups_hdd/SCCGroup/neurocognition_lab/ANCLANG/data/sub-s008/ses-t2w/s_sub-s008_ses-t2w_task-vw_run-2_desc-denoised_space-MNI152NLin6Asym_bold.nii;/mnt/ceph/groups_hdd/SCCGroup/neurocognition_lab/ANCLANG/data/sub-s008/ses-mpm/s_sub-s008_ses-mpm_task-vw_run-1_desc-denoised_space-MNI152NLin6Asym_bold.nii;/mnt/ceph/groups_hdd/SCCGroup/neurocognition_lab/ANCLANG/data/sub-s008/ses-mpm/s_sub-s008_ses-mpm_task-vw_run-2_desc-denoised_space-MNI152NLin6Asym_bold.nii	/mnt/ceph/groups_hdd/SCCGroup/neurocognition_lab/ANCLANG/anclang/sub-s008/ses-mov/func/sub-s008_ses-mov_task-vw_acq-mb4mesl56_run-1_events.tsv;/mnt/ceph/groups_hdd/SCCGroup/neurocognition_lab/ANCLANG/anclang/sub-s008/ses-mov/func/sub-s008_ses-mov_task-vw_acq-mb4mesl56_run-2_events.tsv;/mnt/ceph/groups_hdd/SCCGroup/neurocognition_lab/ANCLANG/anclang/sub-s008/ses-t2w/func/sub-s008_ses-t2w_task-vw_acq-mb4mesl56_run-1_events.tsv;/mnt/ceph/groups_hdd/SCCGroup/neurocognition_lab/ANCLANG/anclang/sub-s008/ses-t2w/func/sub-s008_ses-t2w_task-vw_acq-mb4mesl56_run-2_events.tsv;/mnt/ceph/groups_hdd/SCCGroup/neurocognition_lab/ANCLANG/anclang/sub-s008/ses-mpm/func/sub-s008_ses-mpm_task-vw_acq-mb4mesl56_run-1_events.tsv;/mnt/ceph/groups_hdd/SCCGroup/neurocognition_lab/ANCLANG/anclang/sub-s008/ses-mpm/func/sub-s008_ses-mpm_task-vw_acq-mb4mesl56_run-2_events.tsv	/mnt/ceph/groups_hdd/SCCGroup/neurocognition_lab/ANCLANG/data/sub-s008/ses-mov/sub-s008_ses-mov_task-vw_acq-mb4mesl56_run-1_desc-confounds_timeseries.tsv;/mnt/ceph/groups_hdd/SCCGroup/neurocognition_lab/ANCLANG/data/sub-s008/ses-mov/sub-s008_ses-mov_task-vw_acq-mb4mesl56_run-2_desc-confounds_timeseries.tsv;/mnt/ceph/groups_hdd/SCCGroup/neurocognition_lab/ANCLANG/data/sub-s008/ses-t2w/sub-s008_ses-t2w_task-vw_acq-mb4mesl56_run-1_desc-confounds_timeseries.tsv;/mnt/ceph/groups_hdd/SCCGroup/neurocognition_lab/ANCLANG/data/sub-s008/ses-t2w/sub-s008_ses-t2w_task-vw_acq-mb4mesl56_run-2_desc-confounds_timeseries.tsv;/mnt/ceph/groups_hdd/SCCGroup/neurocognition_lab/ANCLANG/data/sub-s008/ses-mpm/sub-s008_ses-mpm_task-vw_acq-mb4mesl56_run-1_desc-confounds_timeseries.tsv;/mnt/ceph/groups_hdd/SCCGroup/neurocognition_lab/ANCLANG/data/sub-s008/ses-mpm/sub-s008_ses-mpm_task-vw_acq-mb4mesl56_run-2_desc-confounds_timeseries.tsv
sub-s008	7	/mnt/ceph/groups_hdd/SCCGroup/neurocognition_lab/ANCLANG/data/sub-s008/ses-mov/s_sub-s008_ses-mov_task-vw_run-1_desc-denoised_space-MNI152NLin6Asym_bold.nii;/mnt/ceph/groups_hdd/SCCGroup/neurocognition_lab/ANCLANG/data/sub-s008/ses-mov/s_sub-s008_ses-mov_task-vw_run-2_desc-denoised_space-MNI152NLin6Asym_bold.nii;/mnt/ceph/groups_hdd/SCCGroup/neurocognition_lab/ANCLANG/data/sub-s008/ses-t2w/s_sub-s008_ses-t2w_task-vw_run-1_desc-denoised_space-MNI152NLin6Asym_bold.nii;/mnt/ceph/groups_hdd/SCCGroup/neurocognition_lab/ANCLANG/data/sub-s008/ses-t2w/s_sub-s008_ses-t2w_task-vw_run-2_desc-denoised_space-MNI152NLin6Asym_bold.nii;/mnt/ceph/groups_hdd/SCCGroup/neurocognition_lab/ANCLANG/data/sub-s008/ses-mpm/s_sub-s008_ses-mpm_task-vw_run-1_desc-denoised_space-MNI152NLin6Asym_bold.nii;/mnt/ceph/groups_hdd/SCCGroup/neurocognition_lab/ANCLANG/data/sub-s008/ses-mpm/s_sub-s008_ses-mpm_task-vw_run-2_desc-denoised_space-MNI152NLin6Asym_bold.nii;/mnt/ceph/groups_hdd/SCCGroup/neurocognition_lab/ANCLANG/data/sub-s008/ses-dwi/s_sub-s008_ses-dwi_task-vw_run-1_desc-denoised_space-MNI152NLin6Asym_bold.nii	/mnt/ceph/groups_hdd/SCCGroup/neurocognition_lab/ANCLANG/anclang/sub-s008/ses-mov/func/sub-s008_ses-mov_task-vw_acq-mb4mesl56_run-1_events.tsv;/mnt/ceph/groups_hdd/SCCGroup/neurocognition_lab/ANCLANG/anclang/sub-s008/ses-mov/func/sub-s008_ses-mov_task-vw_acq-mb4mesl56_run-2_events.tsv;/mnt/ceph/groups_hdd/SCCGroup/neurocognition_lab/ANCLANG/anclang/sub-s008/ses-t2w/func/sub-s008_ses-t2w_task-vw_acq-mb4mesl56_run-1_events.tsv;/mnt/ceph/groups_hdd/SCCGroup/neurocognition_lab/ANCLANG/anclang/sub-s008/ses-t2w/func/sub-s008_ses-t2w_task-vw_acq-mb4mesl56_run-2_events.tsv;/mnt/ceph/groups_hdd/SCCGroup/neurocognition_lab/ANCLANG/anclang/sub-s008/ses-mpm/func/sub-s008_ses-mpm_task-vw_acq-mb4mesl56_run-1_events.tsv;/mnt/ceph/groups_hdd/SCCGroup/neurocognition_lab/ANCLANG/anclang/sub-s008/ses-mpm/func/sub-s008_ses-mpm_task-vw_acq-mb4mesl56_run-2_events.tsv;/mnt/ceph/groups_hdd/SCCGroup/neurocognition_lab/ANCLANG/anclang/sub-s008/ses-dwi/func/sub-s008_ses-dwi_task-vw_acq-mb4mesl56_run-1_events.tsv	/mnt/ceph/groups_hdd/SCCGroup/neurocognition_lab/ANCLANG/data/sub-s008/ses-mov/sub-s008_ses-mov_task-vw_acq-mb4mesl56_run-1_desc-confounds_timeseries.tsv;/mnt/ceph/groups_hdd/SCCGroup/neurocognition_lab/ANCLANG/data/sub-s008/ses-mov/sub-s008_ses-mov_task-vw_acq-mb4mesl56_run-2_desc-confounds_timeseries.tsv;/mnt/ceph/groups_hdd/SCCGroup/neurocognition_lab/ANCLANG/data/sub-s008/ses-t2w/sub-s008_ses-t2w_task-vw_acq-mb4mesl56_run-1_desc-confounds_timeseries.tsv;/mnt/ceph/groups_hdd/SCCGroup/neurocognition_lab/ANCLANG/data/sub-s008/ses-t2w/sub-s008_ses-t2w_task-vw_acq-mb4mesl56_run-2_desc-confounds_timeseries.tsv;/mnt/ceph/groups_hdd/SCCGroup/neurocognition_lab/ANCLANG/data/sub-s008/ses-mpm/sub-s008_ses-mpm_task-vw_acq-mb4mesl56_run-1_desc-confounds_timeseries.tsv;/mnt/ceph/groups_hdd/SCCGroup/neurocognition_lab/ANCLANG/data/sub-s008/ses-mpm/sub-s008_ses-mpm_task-vw_acq-mb4mesl56_run-2_desc-confounds_timeseries.tsv;/mnt/ceph/groups_hdd/SCCGroup/neurocognition_lab/ANCLANG/data/sub-s008/ses-dwi/sub-s008_ses-dwi_task-vw_acq-mb4mesl56_run-1_desc-confounds_timeseries.tsv
sub-s008	8	/mnt/ceph/groups_hdd/SCCGroup/neurocognition_lab/ANCLANG/data/sub-s008/ses-mov/s_sub-s008_ses-mov_task-vw_run-1_desc-denoised_space-MNI152NLin6Asym_bold.nii;/mnt/ceph/groups_hdd/SCCGroup/neurocognition_lab/ANCLANG/data/sub-s008/ses-mov/s_sub-s008_ses-mov_task-vw_run-2_desc-denoised_space-MNI152NLin6Asym_bold.nii;/mnt/ceph/groups_hdd/SCCGroup/neurocognition_lab/ANCLANG/data/sub-s008/ses-t2w/s_sub-s008_ses-t2w_task-vw_run-1_desc-denoised_space-MNI152NLin6Asym_bold.nii;/mnt/ceph/groups_hdd/SCCGroup/neurocognition_lab/ANCLANG/data/sub-s008/ses-t2w/s_sub-s008_ses-t2w_task-vw_run-2_desc-denoised_space-MNI152NLin6Asym_bold.nii;/mnt/ceph/groups_hdd/SCCGroup/neurocognition_lab/ANCLANG/data/sub-s008/ses-mpm/s_sub-s008_ses-mpm_task-vw_run-1_desc-denoised_space-MNI152NLin6Asym_bold.nii;/mnt/ceph/groups_hdd/SCCGroup/neurocognition_lab/ANCLANG/data/sub-s008/ses-mpm/s_sub-s008_ses-mpm_task-vw_run-2_desc-denoised_space-MNI152NLin6Asym_bold.nii;/mnt/ceph/groups_hdd/SCCGroup/neurocognition_lab/ANCLANG/data/sub-s008/ses-dwi/s_sub-s008_ses-dwi_task-vw_run-1_desc-denoised_space-MNI152NLin6Asym_bold.nii;/mnt/ceph/groups_hdd/SCCGroup/neurocognition_lab/ANCLANG/data/sub-s008/ses-dwi/s_sub-s008_ses-dwi_task-vw_run-2_desc-denoised_space-MNI152NLin6Asym_bold.nii	/mnt/ceph/groups_hdd/SCCGroup/neurocognition_lab/ANCLANG/anclang/sub-s008/ses-mov/func/sub-s008_ses-mov_task-vw_acq-mb4mesl56_run-1_events.tsv;/mnt/ceph/groups_hdd/SCCGroup/neurocognition_lab/ANCLANG/anclang/sub-s008/ses-mov/func/sub-s008_ses-mov_task-vw_acq-mb4mesl56_run-2_events.tsv;/mnt/ceph/groups_hdd/SCCGroup/neurocognition_lab/ANCLANG/anclang/sub-s008/ses-t2w/func/sub-s008_ses-t2w_task-vw_acq-mb4mesl56_run-1_events.tsv;/mnt/ceph/groups_hdd/SCCGroup/neurocognition_lab/ANCLANG/anclang/sub-s008/ses-t2w/func/sub-s008_ses-t2w_task-vw_acq-mb4mesl56_run-2_events.tsv;/mnt/ceph/groups_hdd/SCCGroup/neurocognition_lab/ANCLANG/anclang/sub-s008/ses-mpm/func/sub-s008_ses-mpm_task-vw_acq-mb4mesl56_run-1_events.tsv;/mnt/ceph/groups_hdd/SCCGroup/neurocognition_lab/ANCLANG/anclang/sub-s008/ses-mpm/func/sub-s008_ses-mpm_task-vw_acq-mb4mesl56_run-2_events.tsv;/mnt/ceph/groups_hdd/SCCGroup/neurocognition_lab/ANCLANG/anclang/sub-s008/ses-dwi/func/sub-s008_ses-dwi_task-vw_acq-mb4mesl56_run-1_events.tsv;/mnt/ceph/groups_hdd/SCCGroup/neurocognition_lab/ANCLANG/anclang/sub-s008/ses-dwi/func/sub-s008_ses-dwi_task-vw_acq-mb4mesl56_run-2_events.tsv	/mnt/ceph/groups_hdd/SCCGroup/neurocognition_lab/ANCLANG/data/sub-s008/ses-mov/sub-s008_ses-mov_task-vw_acq-mb4mesl56_run-1_desc-confounds_timeseries.tsv;/mnt/ceph/groups_hdd/SCCGroup/neurocognition_lab/ANCLANG/data/sub-s008/ses-mov/sub-s008_ses-mov_task-vw_acq-mb4mesl56_run-2_desc-confounds_timeseries.tsv;/mnt/ceph/groups_hdd/SCCGroup/neurocognition_lab/ANCLANG/data/sub-s008/ses-t2w/sub-s008_ses-t2w_task-vw_acq-mb4mesl56_run-1_desc-confounds_timeseries.tsv;/mnt/ceph/groups_hdd/SCCGroup/neurocognition_lab/ANCLANG/data/sub-s008/ses-t2w/sub-s008_ses-t2w_task-vw_acq-mb4mesl56_run-2_desc-confounds_timeseries.tsv;/mnt/ceph/groups_hdd/SCCGroup/neurocognition_lab/ANCLANG/data/sub-s008/ses-mpm/sub-s008_ses-mpm_task-vw_acq-mb4mesl56_run-1_desc-confounds_timeseries.tsv;/mnt/ceph/groups_hdd/SCCGroup/neurocognition_lab/ANCLANG/data/sub-s008/ses-mpm/sub-s008_ses-mpm_task-vw_acq-mb4mesl56_run-2_desc-confounds_timeseries.tsv;/mnt/ceph/groups_hdd/SCCGroup/neurocognition_lab/ANCLANG/data/sub-s008/ses-dwi/sub-s008_ses-dwi_task-vw_acq-mb4mesl56_run-1_desc-confounds_timeseries.tsv;/mnt/ceph/groups_hdd/SCCGroup/neurocognition_lab/ANCLANG/data/sub-s008/ses-dwi/sub-s008_ses-dwi_task-vw_acq-mb4mesl56_run-2_desc-confounds_timeseries.tsv
sub-s011	1	/mnt/ceph/groups_hdd/SCCGroup/neurocognition_lab/ANCLANG/data/sub-s011/ses-mpm/s_sub-s011_ses-mpm_task-vw_run-1_desc-denoised_space-MNI152NLin6Asym_bold.nii	/mnt/ceph/groups_hdd/SCCGroup/neurocognition_lab/ANCLANG/anclang/sub-s011/ses-mpm/func/sub-s011_ses-mpm_task-vw_acq-mb4mesl56_run-1_events.tsv	/mnt/ceph/groups_hdd/SCCGroup/neurocognition_lab/ANCLANG/data/sub-s011/ses-mpm/sub-s011_ses-mpm_task-vw_acq-mb4mesl56_run-1_desc-confounds_timeseries.tsv
sub-s011	2	/mnt/ceph/groups_hdd/SCCGroup/neurocognition_lab/ANCLANG/data/sub-s011/ses-mpm/s_sub-s011_ses-mpm_task-vw_run-1_desc-denoised_space-MNI152NLin6Asym_bold.nii;/mnt/ceph/groups_hdd/SCCGroup/neurocognition_lab/ANCLANG/data/sub-s011/ses-mpm/s_sub-s011_ses-mpm_task-vw_run-2_desc-denoised_space-MNI152NLin6Asym_bold.nii	/mnt/ceph/groups_hdd/SCCGroup/neurocognition_lab/ANCLANG/anclang/sub-s011/ses-mpm/func/sub-s011_ses-mpm_task-vw_acq-mb4mesl56_run-1_events.tsv;/mnt/ceph/groups_hdd/SCCGroup/neurocognition_lab/ANCLANG/anclang/sub-s011/ses-mpm/func/sub-s011_ses-mpm_task-vw_acq-mb4mesl56_run-2_events.tsv	/mnt/ceph/groups_hdd/SCCGroup/neurocognition_lab/ANCLANG/data/sub-s011/ses-mpm/sub-s011_ses-mpm_task-vw_acq-mb4mesl56_run-1_desc-confounds_timeseries.tsv;/mnt/ceph/groups_hdd/SCCGroup/neurocognition_lab/ANCLANG/data/sub-s011/ses-mpm/sub-s011_ses-mpm_task-vw_acq-mb4mesl56_run-2_desc-confounds_timeseries.tsv
sub-s011	3	/mnt/ceph/groups_hdd/SCCGroup/neurocognition_lab/ANCLANG/data/sub-s011/ses-mpm/s_sub-s011_ses-mpm_task-vw_run-1_desc-denoised_space-MNI152NLin6Asym_bold.nii;/mnt/ceph/groups_hdd/SCCGroup/neurocognition_lab/ANCLANG/data/sub-s011/ses-mpm/s_sub-s011_ses-mpm_task-vw_run-2_desc-denoised_space-MNI152NLin6Asym_bold.nii;/mnt/ceph/groups_hdd/SCCGroup/neurocognition_lab/ANCLANG/data/sub-s011/ses-mov/s_sub-s011_ses-mov_task-vw_run-1_desc-denoised_space-MNI152NLin6Asym_bold.nii	/mnt/ceph/groups_hdd/SCCGroup/neurocognition_lab/ANCLANG/anclang/sub-s011/ses-mpm/func/sub-s011_ses-mpm_task-vw_acq-mb4mesl56_run-1_events.tsv;/mnt/ceph/groups_hdd/SCCGroup/neurocognition_lab/ANCLANG/anclang/sub-s011/ses-mpm/func/sub-s011_ses-mpm_task-vw_acq-mb4mesl56_run-2_events.tsv;/mnt/ceph/groups_hdd/SCCGroup/neurocognition_lab/ANCLANG/anclang/sub-s011/ses-mov/func/sub-s011_ses-mov_task-vw_acq-mb4mesl56_run-1_events.tsv	/mnt/ceph/groups_hdd/SCCGroup/neurocognition_lab/ANCLANG/data/sub-s011/ses-mpm/sub-s011_ses-mpm_task-vw_acq-mb4mesl56_run-1_desc-confounds_timeseries.tsv;/mnt/ceph/groups_hdd/SCCGroup/neurocognition_lab/ANCLANG/data/sub-s011/ses-mpm/sub-s011_ses-mpm_task-vw_acq-mb4mesl56_run-2_desc-confounds_timeseries.tsv;/mnt/ceph/groups_hdd/SCCGroup/neurocognition_lab/ANCLANG/data/sub-s011/ses-mov/sub-s011_ses-mov_task-vw_acq-mb4mesl56_run-1_desc-confounds_timeseries.tsv
sub-s011	4	/mnt/ceph/groups_hdd/SCCGroup/neurocognition_lab/ANCLANG/data/sub-s011/ses-mpm/s_sub-s011_ses-mpm_task-vw_run-1_desc-denoised_space-MNI152NLin6Asym_bold.nii;/mnt/ceph/groups_hdd/SCCGroup/neurocognition_lab/ANCLANG/data/sub-s011/ses-mpm/s_sub-s011_ses-mpm_task-vw_run-2_desc-denoised_space-MNI152NLin6Asym_bold.nii;/mnt/ceph/groups_hdd/SCCGroup/neurocognition_lab/ANCLANG/data/sub-s011/ses-mov/s_sub-s011_ses-mov_task-vw_run-1_desc-denoised_space-MNI152NLin6Asym_bold.nii;/mnt/ceph/groups_hdd/SCCGroup/neurocognition_lab/ANCLANG/data/sub-s011/ses-mov/s_sub-s011_ses-mov_task-vw_run-2_desc-denoised_space-MNI152NLin6Asym_bold.nii	/mnt/ceph/groups_hdd/SCCGroup/neurocognition_lab/ANCLANG/anclang/sub-s011/ses-mpm/func/sub-s011_ses-mpm_task-vw_acq-mb4mesl56_run-1_events.tsv;/mnt/ceph/groups_hdd/SCCGroup/neurocognition_lab/ANCLANG/anclang/sub-s011/ses-mpm/func/sub-s011_ses-mpm_task-vw_acq-mb4mesl56_run-2_events.tsv;/mnt/ceph/groups_hdd/SCCGroup/neurocognition_lab/ANCLANG/anclang/sub-s011/ses-mov/func/sub-s011_ses-mov_task-vw_acq-mb4mesl56_run-1_events.tsv;/mnt/ceph/groups_hdd/SCCGroup/neurocognition_lab/ANCLANG/anclang/sub-s011/ses-mov/func/sub-s011_ses-mov_task-vw_acq-mb4mesl56_run-2_events.tsv	/mnt/ceph/groups_hdd/SCCGroup/neurocognition_lab/ANCLANG/data/sub-s011/ses-mpm/sub-s011_ses-mpm_task-vw_acq-mb4mesl56_run-1_desc-confounds_timeseries.tsv;/mnt/ceph/groups_hdd/SCCGroup/neurocognition_lab/ANCLANG/data/sub-s011/ses-mpm/sub-s011_ses-mpm_task-vw_acq-mb4mesl56_run-2_desc-confounds_timeseries.tsv;/mnt/ceph/groups_hdd/SCCGroup/neurocognition_lab/ANCLANG/data/sub-s011/ses-mov/sub-s011_ses-mov_task-vw_acq-mb4mesl56_run-1_desc-confounds_timeseries.tsv;/mnt/ceph/groups_hdd/SCCGroup/neurocognition_lab/ANCLANG/data/sub-s011/ses-mov/sub-s011_ses-mov_task-vw_acq-mb4mesl56_run-2_desc-confounds_timeseries.tsv
sub-s011	5	/mnt/ceph/groups_hdd/SCCGroup/neurocognition_lab/ANCLANG/data/sub-s011/ses-mpm/s_sub-s011_ses-mpm_task-vw_run-1_desc-denoised_space-MNI152NLin6Asym_bold.nii;/mnt/ceph/groups_hdd/SCCGroup/neurocognition_lab/ANCLANG/data/sub-s011/ses-mpm/s_sub-s011_ses-mpm_task-vw_run-2_desc-denoised_space-MNI152NLin6Asym_bold.nii;/mnt/ceph/groups_hdd/SCCGroup/neurocognition_lab/ANCLANG/data/sub-s011/ses-mov/s_sub-s011_ses-mov_task-vw_run-1_desc-denoised_space-MNI152NLin6Asym_bold.nii;/mnt/ceph/groups_hdd/SCCGroup/neurocognition_lab/ANCLANG/data/sub-s011/ses-mov/s_sub-s011_ses-mov_task-vw_run-2_desc-denoised_space-MNI152NLin6Asym_bold.nii;/mnt/ceph/groups_hdd/SCCGroup/neurocognition_lab/ANCLANG/data/sub-s011/ses-dwi/s_sub-s011_ses-dwi_task-vw_run-1_desc-denoised_space-MNI152NLin6Asym_bold.nii	/mnt/ceph/groups_hdd/SCCGroup/neurocognition_lab/ANCLANG/anclang/sub-s011/ses-mpm/func/sub-s011_ses-mpm_task-vw_acq-mb4mesl56_run-1_events.tsv;/mnt/ceph/groups_hdd/SCCGroup/neurocognition_lab/ANCLANG/anclang/sub-s011/ses-mpm/func/sub-s011_ses-mpm_task-vw_acq-mb4mesl56_run-2_events.tsv;/mnt/ceph/groups_hdd/SCCGroup/neurocognition_lab/ANCLANG/anclang/sub-s011/ses-mov/func/sub-s011_ses-mov_task-vw_acq-mb4mesl56_run-1_events.tsv;/mnt/ceph/groups_hdd/SCCGroup/neurocognition_lab/ANCLANG/anclang/sub-s011/ses-mov/func/sub-s011_ses-mov_task-vw_acq-mb4mesl56_run-2_events.tsv;/mnt/ceph/groups_hdd/SCCGroup/neurocognition_lab/ANCLANG/anclang/sub-s011/ses-dwi/func/sub-s011_ses-dwi_task-vw_acq-mb4mesl56_run-1_events.tsv	/mnt/ceph/groups_hdd/SCCGroup/neurocognition_lab/ANCLANG/data/sub-s011/ses-mpm/sub-s011_ses-mpm_task-vw_acq-mb4mesl56_run-1_desc-confounds_timeseries.tsv;/mnt/ceph/groups_hdd/SCCGroup/neurocognition_lab/ANCLANG/data/sub-s011/ses-mpm/sub-s011_ses-mpm_task-vw_acq-mb4mesl56_run-2_desc-confounds_timeseries.tsv;/mnt/ceph/groups_hdd/SCCGroup/neurocognition_lab/ANCLANG/data/sub-s011/ses-mov/sub-s011_ses-mov_task-vw_acq-mb4mesl56_run-1_desc-confounds_timeseries.tsv;/mnt/ceph/groups_hdd/SCCGroup/neurocognition_lab/ANCLANG/data/sub-s011/ses-mov/sub-s011_ses-mov_task-vw_acq-mb4mesl56_run-2_desc-confounds_timeseries.tsv;/mnt/ceph/groups_hdd/SCCGroup/neurocognition_lab/ANCLANG/data/sub-s011/ses-dwi/sub-s011_ses-dwi_task-vw_acq-mb4mesl56_run-1_desc-confounds_timeseries.tsv
sub-s011	6	/mnt/ceph/groups_hdd/SCCGroup/neurocognition_lab/ANCLANG/data/sub-s011/ses-mpm/s_sub-s011_ses-mpm_task-vw_run-1_desc-denoised_space-MNI152NLin6Asym_bold.nii;/mnt/ceph/groups_hdd/SCCGroup/neurocognition_lab/ANCLANG/data/sub-s011/ses-mpm/s_sub-s011_ses-mpm_task-vw_run-2_desc-denoised_space-MNI152NLin6Asym_bold.nii;/mnt/ceph/groups_hdd/SCCGroup/neurocognition_lab/ANCLANG/data/sub-s011/ses-mov/s_sub-s011_ses-mov_task-vw_run-1_desc-denoised_space-MNI152NLin6Asym_bold.nii;/mnt/ceph/groups_hdd/SCCGroup/neurocognition_lab/ANCLANG/data/sub-s011/ses-mov/s_sub-s011_ses-mov_task-vw_run-2_desc-denoised_space-MNI152NLin6Asym_bold.nii;/mnt/ceph/groups_hdd/SCCGroup/neurocognition_lab/ANCLANG/data/sub-s011/ses-dwi/s_sub-s011_ses-dwi_task-vw_run-1_desc-denoised_space-MNI152NLin6Asym_bold.nii;/mnt/ceph/groups_hdd/SCCGroup/neurocognition_lab/ANCLANG/data/sub-s011/ses-dwi/s_sub-s011_ses-dwi_task-vw_run-2_desc-denoised_space-MNI152NLin6Asym_bold.nii	/mnt/ceph/groups_hdd/SCCGroup/neurocognition_lab/ANCLANG/anclang/sub-s011/ses-mpm/func/sub-s011_ses-mpm_task-vw_acq-mb4mesl56_run-1_events.tsv;/mnt/ceph/groups_hdd/SCCGroup/neurocognition_lab/ANCLANG/anclang/sub-s011/ses-mpm/func/sub-s011_ses-mpm_task-vw_acq-mb4mesl56_run-2_events.tsv;/mnt/ceph/groups_hdd/SCCGroup/neurocognition_lab/ANCLANG/anclang/sub-s011/ses-mov/func/sub-s011_ses-mov_task-vw_acq-mb4mesl56_run-1_events.tsv;/mnt/ceph/groups_hdd/SCCGroup/neurocognition_lab/ANCLANG/anclang/sub-s011/ses-mov/func/sub-s011_ses-mov_task-vw_acq-mb4mesl56_run-2_events.tsv;/mnt/ceph/groups_hdd/SCCGroup/neurocognition_lab/ANCLANG/anclang/sub-s011/ses-dwi/func/sub-s011_ses-dwi_task-vw_acq-mb4mesl56_run-1_events.tsv;/mnt/ceph/groups_hdd/SCCGroup/neurocognition_lab/ANCLANG/anclang/sub-s011/ses-dwi/func/sub-s011_ses-dwi_task-vw_acq-mb4mesl56_run-2_events.tsv	/mnt/ceph/groups_hdd/SCCGroup/neurocognition_lab/ANCLANG/data/sub-s011/ses-mpm/sub-s011_ses-mpm_task-vw_acq-mb4mesl56_run-1_desc-confounds_timeseries.tsv;/mnt/ceph/groups_hdd/SCCGroup/neurocognition_lab/ANCLANG/data/sub-s011/ses-mpm/sub-s011_ses-mpm_task-vw_acq-mb4mesl56_run-2_desc-confounds_timeseries.tsv;/mnt/ceph/groups_hdd/SCCGroup/neurocognition_lab/ANCLANG/data/sub-s011/ses-mov/sub-s011_ses-mov_task-vw_acq-mb4mesl56_run-1_desc-confounds_timeseries.tsv;/mnt/ceph/groups_hdd/SCCGroup/neurocognition_lab/ANCLANG/data/sub-s011/ses-mov/sub-s011_ses-mov_task-vw_acq-mb4mesl56_run-2_desc-confounds_timeseries.tsv;/mnt/ceph/groups_hdd/SCCGroup/neurocognition_lab/ANCLANG/data/sub-s011/ses-dwi/sub-s011_ses-dwi_task-vw_acq-mb4mesl56_run-1_desc-confounds_timeseries.tsv;/mnt/ceph/groups_hdd/SCCGroup/neurocognition_lab/ANCLANG/data/sub-s011/ses-dwi/sub-s011_ses-dwi_task-vw_acq-mb4mesl56_run-2_desc-confounds_timeseries.tsv
sub-s011	7	/mnt/ceph/groups_hdd/SCCGroup/neurocognition_lab/ANCLANG/data/sub-s011/ses-mpm/s_sub-s011_ses-mpm_task-vw_run-1_desc-denoised_space-MNI152NLin6Asym_bold.nii;/mnt/ceph/groups_hdd/SCCGroup/neurocognition_lab/ANCLANG/data/sub-s011/ses-mpm/s_sub-s011_ses-mpm_task-vw_run-2_desc-denoised_space-MNI152NLin6Asym_bold.nii;/mnt/ceph/groups_hdd/SCCGroup/neurocognition_lab/ANCLANG/data/sub-s011/ses-mov/s_sub-s011_ses-mov_task-vw_run-1_desc-denoised_space-MNI152NLin6Asym_bold.nii;/mnt/ceph/groups_hdd/SCCGroup/neurocognition_lab/ANCLANG/data/sub-s011/ses-mov/s_sub-s011_ses-mov_task-vw_run-2_desc-denoised_space-MNI152NLin6Asym_bold.nii;/mnt/ceph/groups_hdd/SCCGroup/neurocognition_lab/ANCLANG/data/sub-s011/ses-dwi/s_sub-s011_ses-dwi_task-vw_run-1_desc-denoised_space-MNI152NLin6Asym_bold.nii;/mnt/ceph/groups_hdd/SCCGroup/neurocognition_lab/ANCLANG/data/sub-s011/ses-dwi/s_sub-s011_ses-dwi_task-vw_run-2_desc-denoised_space-MNI152NLin6Asym_bold.nii;/mnt/ceph/groups_hdd/SCCGroup/neurocognition_lab/ANCLANG/data/sub-s011/ses-t2w/s_sub-s011_ses-t2w_task-vw_run-1_desc-denoised_space-MNI152NLin6Asym_bold.nii	/mnt/ceph/groups_hdd/SCCGroup/neurocognition_lab/ANCLANG/anclang/sub-s011/ses-mpm/func/sub-s011_ses-mpm_task-vw_acq-mb4mesl56_run-1_events.tsv;/mnt/ceph/groups_hdd/SCCGroup/neurocognition_lab/ANCLANG/anclang/sub-s011/ses-mpm/func/sub-s011_ses-mpm_task-vw_acq-mb4mesl56_run-2_events.tsv;/mnt/ceph/groups_hdd/SCCGroup/neurocognition_lab/ANCLANG/anclang/sub-s011/ses-mov/func/sub-s011_ses-mov_task-vw_acq-mb4mesl56_run-1_events.tsv;/mnt/ceph/groups_hdd/SCCGroup/neurocognition_lab/ANCLANG/anclang/sub-s011/ses-mov/func/sub-s011_ses-mov_task-vw_acq-mb4mesl56_run-2_events.tsv;/mnt/ceph/groups_hdd/SCCGroup/neurocognition_lab/ANCLANG/anclang/sub-s011/ses-dwi/func/sub-s011_ses-dwi_task-vw_acq-mb4mesl56_run-1_events.tsv;/mnt/ceph/groups_hdd/SCCGroup/neurocognition_lab/ANCLANG/anclang/sub-s011/ses-dwi/func/sub-s011_ses-dwi_task-vw_acq-mb4mesl56_run-2_events.tsv;/mnt/ceph/groups_hdd/SCCGroup/neurocognition_lab/ANCLANG/anclang/sub-s011/ses-t2w/func/sub-s011_ses-t2w_task-vw_acq-mb4mesl56_run-1_events.tsv	/mnt/ceph/groups_hdd/SCCGroup/neurocognition_lab/ANCLANG/data/sub-s011/ses-mpm/sub-s011_ses-mpm_task-vw_acq-mb4mesl56_run-1_desc-confounds_timeseries.tsv;/mnt/ceph/groups_hdd/SCCGroup/neurocognition_lab/ANCLANG/data/sub-s011/ses-mpm/sub-s011_ses-mpm_task-vw_acq-mb4mesl56_run-2_desc-confounds_timeseries.tsv;/mnt/ceph/groups_hdd/SCCGroup/neurocognition_lab/ANCLANG/data/sub-s011/ses-mov/sub-s011_ses-mov_task-vw_acq-mb4mesl56_run-1_desc-confounds_timeseries.tsv;/mnt/ceph/groups_hdd/SCCGroup/neurocognition_lab/ANCLANG/data/sub-s011/ses-mov/sub-s011_ses-mov_task-vw_acq-mb4mesl56_run-2_desc-confounds_timeseries.tsv;/mnt/ceph/groups_hdd/SCCGroup/neurocognition_lab/ANCLANG/data/sub-s011/ses-dwi/sub-s011_ses-dwi_task-vw_acq-mb4mesl56_run-1_desc-confounds_timeseries.tsv;/mnt/ceph/groups_hdd/SCCGroup/neurocognition_lab/ANCLANG/data/sub-s011/ses-dwi/sub-s011_ses-dwi_task-vw_acq-mb4mesl56_run-2_desc-confounds_timeseries.tsv;/mnt/ceph/groups_hdd/SCCGroup/neurocognition_lab/ANCLANG/data/sub-s011/ses-t2w/sub-s011_ses-t2w_task-vw_acq-mb4mesl56_run-1_desc-confounds_timeseries.tsv
sub-s011	8	/mnt/ceph/groups_hdd/SCCGroup/neurocognition_lab/ANCLANG/data/sub-s011/ses-mpm/s_sub-s011_ses-mpm_task-vw_run-1_desc-denoised_space-MNI152NLin6Asym_bold.nii;/mnt/ceph/groups_hdd/SCCGroup/neurocognition_lab/ANCLANG/data/sub-s011/ses-mpm/s_sub-s011_ses-mpm_task-vw_run-2_desc-denoised_space-MNI152NLin6Asym_bold.nii;/mnt/ceph/groups_hdd/SCCGroup/neurocognition_lab/ANCLANG/data/sub-s011/ses-mov/s_sub-s011_ses-mov_task-vw_run-1_desc-denoised_space-MNI152NLin6Asym_bold.nii;/mnt/ceph/groups_hdd/SCCGroup/neurocognition_lab/ANCLANG/data/sub-s011/ses-mov/s_sub-s011_ses-mov_task-vw_run-2_desc-denoised_space-MNI152NLin6Asym_bold.nii;/mnt/ceph/groups_hdd/SCCGroup/neurocognition_lab/ANCLANG/data/sub-s011/ses-dwi/s_sub-s011_ses-dwi_task-vw_run-1_desc-denoised_space-MNI152NLin6Asym_bold.nii;/mnt/ceph/groups_hdd/SCCGroup/neurocognition_lab/ANCLANG/data/sub-s011/ses-dwi/s_sub-s011_ses-dwi_task-vw_run-2_desc-denoised_space-MNI152NLin6Asym_bold.nii;/mnt/ceph/groups_hdd/SCCGroup/neurocognition_lab/ANCLANG/data/sub-s011/ses-t2w/s_sub-s011_ses-t2w_task-vw_run-1_desc-denoised_space-MNI152NLin6Asym_bold.nii;/mnt/ceph/groups_hdd/SCCGroup/neurocognition_lab/ANCLANG/data/sub-s011/ses-t2w/s_sub-s011_ses-t2w_task-vw_run-2_desc-denoised_space-MNI152NLin6Asym_bold.nii	/mnt/ceph/groups_hdd/SCCGroup/neurocognition_lab/ANCLANG/anclang/sub-s011/ses-mpm/func/sub-s011_ses-mpm_task-vw_acq-mb4mesl56_run-1_events.tsv;/mnt/ceph/groups_hdd/SCCGroup/neurocognition_lab/ANCLANG/anclang/sub-s011/ses-mpm/func/sub-s011_ses-mpm_task-vw_acq-mb4mesl56_run-2_events.tsv;/mnt/ceph/groups_hdd/SCCGroup/neurocognition_lab/ANCLANG/anclang/sub-s011/ses-mov/func/sub-s011_ses-mov_task-vw_acq-mb4mesl56_run-1_events.tsv;/mnt/ceph/groups_hdd/SCCGroup/neurocognition_lab/ANCLANG/anclang/sub-s011/ses-mov/func/sub-s011_ses-mov_task-vw_acq-mb4mesl56_run-2_events.tsv;/mnt/ceph/groups_hdd/SCCGroup/neurocognition_lab/ANCLANG/anclang/sub-s011/ses-dwi/func/sub-s011_ses-dwi_task-vw_acq-mb4mesl56_run-1_events.tsv;/mnt/ceph/groups_hdd/SCCGroup/neurocognition_lab/ANCLANG/anclang/sub-s011/ses-dwi/func/sub-s011_ses-dwi_task-vw_acq-mb4mesl56_run-2_events.tsv;/mnt/ceph/groups_hdd/SCCGroup/neurocognition_lab/ANCLANG/anclang/sub-s011/ses-t2w/func/sub-s011_ses-t2w_task-vw_acq-mb4mesl56_run-1_events.tsv;/mnt/ceph/groups_hdd/SCCGroup/neurocognition_lab/ANCLANG/anclang/sub-s011/ses-t2w/func/sub-s011_ses-t2w_task-vw_acq-mb4mesl56_run-2_events.tsv	/mnt/ceph/groups_hdd/SCCGroup/neurocognition_lab/ANCLANG/data/sub-s011/ses-mpm/sub-s011_ses-mpm_task-vw_acq-mb4mesl56_run-1_desc-confounds_timeseries.tsv;/mnt/ceph/groups_hdd/SCCGroup/neurocognition_lab/ANCLANG/data/sub-s011/ses-mpm/sub-s011_ses-mpm_task-vw_acq-mb4mesl56_run-2_desc-confounds_timeseries.tsv;/mnt/ceph/groups_hdd/SCCGroup/neurocognition_lab/ANCLANG/data/sub-s011/ses-mov/sub-s011_ses-mov_task-vw_acq-mb4mesl56_run-1_desc-confounds_timeseries.tsv;/mnt/ceph/groups_hdd/SCCGroup/neurocognition_lab/ANCLANG/data/sub-s011/ses-mov/sub-s011_ses-mov_task-vw_acq-mb4mesl56_run-2_desc-confounds_timeseries.tsv;/mnt/ceph/groups_hdd/SCCGroup/neurocognition_lab/ANCLANG/data/sub-s011/ses-dwi/sub-s011_ses-dwi_task-vw_acq-mb4mesl56_run-1_desc-confounds_timeseries.tsv;/mnt/ceph/groups_hdd/SCCGroup/neurocognition_lab/ANCLANG/data/sub-s011/ses-dwi/sub-s011_ses-dwi_task-vw_acq-mb4mesl56_run-2_desc-confounds_timeseries.tsv;/mnt/ceph/groups_hdd/SCCGroup/neurocognition_lab/ANCLANG/data/sub-s011/ses-t2w/sub-s011_ses-t2w_task-vw_acq-mb4mesl56_run-1_desc-confounds_timeseries.tsv;/mnt/ceph/groups_hdd/SCCGroup/neurocognition_lab/ANCLANG/data/sub-s011/ses-t2w/sub-s011_ses-t2w_task-vw_acq-mb4mesl56_run-2_desc-confounds_timeseries.tsv
sub-s012	1	/mnt/ceph/groups_hdd/SCCGroup/neurocognition_lab/ANCLANG/data/sub-s012/ses-mpm/s_sub-s012_ses-mpm_task-vw_run-1_desc-denoised_space-MNI152NLin6Asym_bold.nii	/mnt/ceph/groups_hdd/SCCGroup/neurocognition_lab/ANCLANG/anclang/sub-s012/ses-mpm/func/sub-s012_ses-mpm_task-vw_acq-mb4mesl56_run-1_events.tsv	/mnt/ceph/groups_hdd/SCCGroup/neurocognition_lab/ANCLANG/data/sub-s012/ses-mpm/sub-s012_ses-mpm_task-vw_acq-mb4mesl56_run-1_desc-confounds_timeseries.tsv
sub-s012	2	/mnt/ceph/groups_hdd/SCCGroup/neurocognition_lab/ANCLANG/data/sub-s012/ses-mpm/s_sub-s012_ses-mpm_task-vw_run-1_desc-denoised_space-MNI152NLin6Asym_bold.nii;/mnt/ceph/groups_hdd/SCCGroup/neurocognition_lab/ANCLANG/data/sub-s012/ses-mpm/s_sub-s012_ses-mpm_task-vw_run-2_desc-denoised_space-MNI152NLin6Asym_bold.nii	/mnt/ceph/groups_hdd/SCCGroup/neurocognition_lab/ANCLANG/anclang/sub-s012/ses-mpm/func/sub-s012_ses-mpm_task-vw_acq-mb4mesl56_run-1_events.tsv;/mnt/ceph/groups_hdd/SCCGroup/neurocognition_lab/ANCLANG/anclang/sub-s012/ses-mpm/func/sub-s012_ses-mpm_task-vw_acq-mb4mesl56_run-2_events.tsv	/mnt/ceph/groups_hdd/SCCGroup/neurocognition_lab/ANCLANG/data/sub-s012/ses-mpm/sub-s012_ses-mpm_task-vw_acq-mb4mesl56_run-1_desc-confounds_timeseries.tsv;/mnt/ceph/groups_hdd/SCCGroup/neurocognition_lab/ANCLANG/data/sub-s012/ses-mpm/sub-s012_ses-mpm_task-vw_acq-mb4mesl56_run-2_desc-confounds_timeseries.tsv
sub-s012	3	/mnt/ceph/groups_hdd/SCCGroup/neurocognition_lab/ANCLANG/data/sub-s012/ses-mpm/s_sub-s012_ses-mpm_task-vw_run-1_desc-denoised_space-MNI152NLin6Asym_bold.nii;/mnt/ceph/groups_hdd/SCCGroup/neurocognition_lab/ANCLANG/data/sub-s012/ses-mpm/s_sub-s012_ses-mpm_task-vw_run-2_desc-denoised_space-MNI152NLin6Asym_bold.nii;/mnt/ceph/groups_hdd/SCCGroup/neurocognition_lab/ANCLANG/data/sub-s012/ses-mov/s_sub-s012_ses-mov_task-vw_run-1_desc-denoised_space-MNI152NLin6Asym_bold.nii	/mnt/ceph/groups_hdd/SCCGroup/neurocognition_lab/ANCLANG/anclang/sub-s012/ses-mpm/func/sub-s012_ses-mpm_task-vw_acq-mb4mesl56_run-1_events.tsv;/mnt/ceph/groups_hdd/SCCGroup/neurocognition_lab/ANCLANG/anclang/sub-s012/ses-mpm/func/sub-s012_ses-mpm_task-vw_acq-mb4mesl56_run-2_events.tsv;/mnt/ceph/groups_hdd/SCCGroup/neurocognition_lab/ANCLANG/anclang/sub-s012/ses-mov/func/sub-s012_ses-mov_task-vw_acq-mb4mesl56_run-1_events.tsv	/mnt/ceph/groups_hdd/SCCGroup/neurocognition_lab/ANCLANG/data/sub-s012/ses-mpm/sub-s012_ses-mpm_task-vw_acq-mb4mesl56_run-1_desc-confounds_timeseries.tsv;/mnt/ceph/groups_hdd/SCCGroup/neurocognition_lab/ANCLANG/data/sub-s012/ses-mpm/sub-s012_ses-mpm_task-vw_acq-mb4mesl56_run-2_desc-confounds_timeseries.tsv;/mnt/ceph/groups_hdd/SCCGroup/neurocognition_lab/ANCLANG/data/sub-s012/ses-mov/sub-s012_ses-mov_task-vw_acq-mb4mesl56_run-1_desc-confounds_timeseries.tsv
sub-s012	4	/mnt/ceph/groups_hdd/SCCGroup/neurocognition_lab/ANCLANG/data/sub-s012/ses-mpm/s_sub-s012_ses-mpm_task-vw_run-1_desc-denoised_space-MNI152NLin6Asym_bold.nii;/mnt/ceph/groups_hdd/SCCGroup/neurocognition_lab/ANCLANG/data/sub-s012/ses-mpm/s_sub-s012_ses-mpm_task-vw_run-2_desc-denoised_space-MNI152NLin6Asym_bold.nii;/mnt/ceph/groups_hdd/SCCGroup/neurocognition_lab/ANCLANG/data/sub-s012/ses-mov/s_sub-s012_ses-mov_task-vw_run-1_desc-denoised_space-MNI152NLin6Asym_bold.nii;/mnt/ceph/groups_hdd/SCCGroup/neurocognition_lab/ANCLANG/data/sub-s012/ses-mov/s_sub-s012_ses-mov_task-vw_run-2_desc-denoised_space-MNI152NLin6Asym_bold.nii	/mnt/ceph/groups_hdd/SCCGroup/neurocognition_lab/ANCLANG/anclang/sub-s012/ses-mpm/func/sub-s012_ses-mpm_task-vw_acq-mb4mesl56_run-1_events.tsv;/mnt/ceph/groups_hdd/SCCGroup/neurocognition_lab/ANCLANG/anclang/sub-s012/ses-mpm/func/sub-s012_ses-mpm_task-vw_acq-mb4mesl56_run-2_events.tsv;/mnt/ceph/groups_hdd/SCCGroup/neurocognition_lab/ANCLANG/anclang/sub-s012/ses-mov/func/sub-s012_ses-mov_task-vw_acq-mb4mesl56_run-1_events.tsv;/mnt/ceph/groups_hdd/SCCGroup/neurocognition_lab/ANCLANG/anclang/sub-s012/ses-mov/func/sub-s012_ses-mov_task-vw_acq-mb4mesl56_run-2_events.tsv	/mnt/ceph/groups_hdd/SCCGroup/neurocognition_lab/ANCLANG/data/sub-s012/ses-mpm/sub-s012_ses-mpm_task-vw_acq-mb4mesl56_run-1_desc-confounds_timeseries.tsv;/mnt/ceph/groups_hdd/SCCGroup/neurocognition_lab/ANCLANG/data/sub-s012/ses-mpm/sub-s012_ses-mpm_task-vw_acq-mb4mesl56_run-2_desc-confounds_timeseries.tsv;/mnt/ceph/groups_hdd/SCCGroup/neurocognition_lab/ANCLANG/data/sub-s012/ses-mov/sub-s012_ses-mov_task-vw_acq-mb4mesl56_run-1_desc-confounds_timeseries.tsv;/mnt/ceph/groups_hdd/SCCGroup/neurocognition_lab/ANCLANG/data/sub-s012/ses-mov/sub-s012_ses-mov_task-vw_acq-mb4mesl56_run-2_desc-confounds_timeseries.tsv
sub-s012	5	/mnt/ceph/groups_hdd/SCCGroup/neurocognition_lab/ANCLANG/data/sub-s012/ses-mpm/s_sub-s012_ses-mpm_task-vw_run-1_desc-denoised_space-MNI152NLin6Asym_bold.nii;/mnt/ceph/groups_hdd/SCCGroup/neurocognition_lab/ANCLANG/data/sub-s012/ses-mpm/s_sub-s012_ses-mpm_task-vw_run-2_desc-denoised_space-MNI152NLin6Asym_bold.nii;/mnt/ceph/groups_hdd/SCCGroup/neurocognition_lab/ANCLANG/data/sub-s012/ses-mov/s_sub-s012_ses-mov_task-vw_run-1_desc-denoised_space-MNI152NLin6Asym_bold.nii;/mnt/ceph/groups_hdd/SCCGroup/neurocognition_lab/ANCLANG/data/sub-s012/ses-mov/s_sub-s012_ses-mov_task-vw_run-2_desc-denoised_space-MNI152NLin6Asym_bold.nii;/mnt/ceph/groups_hdd/SCCGroup/neurocognition_lab/ANCLANG/data/sub-s012/ses-dwi/s_sub-s012_ses-dwi_task-vw_run-1_desc-denoised_space-MNI152NLin6Asym_bold.nii	/mnt/ceph/groups_hdd/SCCGroup/neurocognition_lab/ANCLANG/anclang/sub-s012/ses-mpm/func/sub-s012_ses-mpm_task-vw_acq-mb4mesl56_run-1_events.tsv;/mnt/ceph/groups_hdd/SCCGroup/neurocognition_lab/ANCLANG/anclang/sub-s012/ses-mpm/func/sub-s012_ses-mpm_task-vw_acq-mb4mesl56_run-2_events.tsv;/mnt/ceph/groups_hdd/SCCGroup/neurocognition_lab/ANCLANG/anclang/sub-s012/ses-mov/func/sub-s012_ses-mov_task-vw_acq-mb4mesl56_run-1_events.tsv;/mnt/ceph/groups_hdd/SCCGroup/neurocognition_lab/ANCLANG/anclang/sub-s012/ses-mov/func/sub-s012_ses-mov_task-vw_acq-mb4mesl56_run-2_events.tsv;/mnt/ceph/groups_hdd/SCCGroup/neurocognition_lab/ANCLANG/anclang/sub-s012/ses-dwi/func/sub-s012_ses-dwi_task-vw_acq-mb4mesl56_run-1_events.tsv	/mnt/ceph/groups_hdd/SCCGroup/neurocognition_lab/ANCLANG/data/sub-s012/ses-mpm/sub-s012_ses-mpm_task-vw_acq-mb4mesl56_run-1_desc-confounds_timeseries.tsv;/mnt/ceph/groups_hdd/SCCGroup/neurocognition_lab/ANCLANG/data/sub-s012/ses-mpm/sub-s012_ses-mpm_task-vw_acq-mb4mesl56_run-2_desc-confounds_timeseries.tsv;/mnt/ceph/groups_hdd/SCCGroup/neurocognition_lab/ANCLANG/data/sub-s012/ses-mov/sub-s012_ses-mov_task-vw_acq-mb4mesl56_run-1_desc-confounds_timeseries.tsv;/mnt/ceph/groups_hdd/SCCGroup/neurocognition_lab/ANCLANG/data/sub-s012/ses-mov/sub-s012_ses-mov_task-vw_acq-mb4mesl56_run-2_desc-confounds_timeseries.tsv;/mnt/ceph/groups_hdd/SCCGroup/neurocognition_lab/ANCLANG/data/sub-s012/ses-dwi/sub-s012_ses-dwi_task-vw_acq-mb4mesl56_run-1_desc-confounds_timeseries.tsv
sub-s012	6	/mnt/ceph/groups_hdd/SCCGroup/neurocognition_lab/ANCLANG/data/sub-s012/ses-mpm/s_sub-s012_ses-mpm_task-vw_run-1_desc-denoised_space-MNI152NLin6Asym_bold.nii;/mnt/ceph/groups_hdd/SCCGroup/neurocognition_lab/ANCLANG/data/sub-s012/ses-mpm/s_sub-s012_ses-mpm_task-vw_run-2_desc-denoised_space-MNI152NLin6Asym_bold.nii;/mnt/ceph/groups_hdd/SCCGroup/neurocognition_lab/ANCLANG/data/sub-s012/ses-mov/s_sub-s012_ses-mov_task-vw_run-1_desc-denoised_space-MNI152NLin6Asym_bold.nii;/mnt/ceph/groups_hdd/SCCGroup/neurocognition_lab/ANCLANG/data/sub-s012/ses-mov/s_sub-s012_ses-mov_task-vw_run-2_desc-denoised_space-MNI152NLin6Asym_bold.nii;/mnt/ceph/groups_hdd/SCCGroup/neurocognition_lab/ANCLANG/data/sub-s012/ses-dwi/s_sub-s012_ses-dwi_task-vw_run-1_desc-denoised_space-MNI152NLin6Asym_bold.nii;/mnt/ceph/groups_hdd/SCCGroup/neurocognition_lab/ANCLANG/data/sub-s012/ses-dwi/s_sub-s012_ses-dwi_task-vw_run-2_desc-denoised_space-MNI152NLin6Asym_bold.nii	/mnt/ceph/groups_hdd/SCCGroup/neurocognition_lab/ANCLANG/anclang/sub-s012/ses-mpm/func/sub-s012_ses-mpm_task-vw_acq-mb4mesl56_run-1_events.tsv;/mnt/ceph/groups_hdd/SCCGroup/neurocognition_lab/ANCLANG/anclang/sub-s012/ses-mpm/func/sub-s012_ses-mpm_task-vw_acq-mb4mesl56_run-2_events.tsv;/mnt/ceph/groups_hdd/SCCGroup/neurocognition_lab/ANCLANG/anclang/sub-s012/ses-mov/func/sub-s012_ses-mov_task-vw_acq-mb4mesl56_run-1_events.tsv;/mnt/ceph/groups_hdd/SCCGroup/neurocognition_lab/ANCLANG/anclang/sub-s012/ses-mov/func/sub-s012_ses-mov_task-vw_acq-mb4mesl56_run-2_events.tsv;/mnt/ceph/groups_hdd/SCCGroup/neurocognition_lab/ANCLANG/anclang/sub-s012/ses-dwi/func/sub-s012_ses-dwi_task-vw_acq-mb4mesl56_run-1_events.tsv;/mnt/ceph/groups_hdd/SCCGroup/neurocognition_lab/ANCLANG/anclang/sub-s012/ses-dwi/func/sub-s012_ses-dwi_task-vw_acq-mb4mesl56_run-2_events.tsv	/mnt/ceph/groups_hdd/SCCGroup/neurocognition_lab/ANCLANG/data/sub-s012/ses-mpm/sub-s012_ses-mpm_task-vw_acq-mb4mesl56_run-1_desc-confounds_timeseries.tsv;/mnt/ceph/groups_hdd/SCCGroup/neurocognition_lab/ANCLANG/data/sub-s012/ses-mpm/sub-s012_ses-mpm_task-vw_acq-mb4mesl56_run-2_desc-confounds_timeseries.tsv;/mnt/ceph/groups_hdd/SCCGroup/neurocognition_lab/ANCLANG/data/sub-s012/ses-mov/sub-s012_ses-mov_task-vw_acq-mb4mesl56_run-1_desc-confounds_timeseries.tsv;/mnt/ceph/groups_hdd/SCCGroup/neurocognition_lab/ANCLANG/data/sub-s012/ses-mov/sub-s012_ses-mov_task-vw_acq-mb4mesl56_run-2_desc-confounds_timeseries.tsv;/mnt/ceph/groups_hdd/SCCGroup/neurocognition_lab/ANCLANG/data/sub-s012/ses-dwi/sub-s012_ses-dwi_task-vw_acq-mb4mesl56_run-1_desc-confounds_timeseries.tsv;/mnt/ceph/groups_hdd/SCCGroup/neurocognition_lab/ANCLANG/data/sub-s012/ses-dwi/sub-s012_ses-dwi_task-vw_acq-mb4mesl56_run-2_desc-confounds_timeseries.tsv
sub-s012	7	/mnt/ceph/groups_hdd/SCCGroup/neurocognition_lab/ANCLANG/data/sub-s012/ses-mpm/s_sub-s012_ses-mpm_task-vw_run-1_desc-denoised_space-MNI152NLin6Asym_bold.nii;/mnt/ceph/groups_hdd/SCCGroup/neurocognition_lab/ANCLANG/data/sub-s012/ses-mpm/s_sub-s012_ses-mpm_task-vw_run-2_desc-denoised_space-MNI152NLin6Asym_bold.nii;/mnt/ceph/groups_hdd/SCCGroup/neurocognition_lab/ANCLANG/data/sub-s012/ses-mov/s_sub-s012_ses-mov_task-vw_run-1_desc-denoised_space-MNI152NLin6Asym_bold.nii;/mnt/ceph/groups_hdd/SCCGroup/neurocognition_lab/ANCLANG/data/sub-s012/ses-mov/s_sub-s012_ses-mov_task-vw_run-2_desc-denoised_space-MNI152NLin6Asym_bold.nii;/mnt/ceph/groups_hdd/SCCGroup/neurocognition_lab/ANCLANG/data/sub-s012/ses-dwi/s_sub-s012_ses-dwi_task-vw_run-1_desc-denoised_space-MNI152NLin6Asym_bold.nii;/mnt/ceph/groups_hdd/SCCGroup/neurocognition_lab/ANCLANG/data/sub-s012/ses-dwi/s_sub-s012_ses-dwi_task-vw_run-2_desc-denoised_space-MNI152NLin6Asym_bold.nii;/mnt/ceph/groups_hdd/SCCGroup/neurocognition_lab/ANCLANG/data/sub-s012/ses-t2w/s_sub-s012_ses-t2w_task-vw_run-1_desc-denoised_space-MNI152NLin6Asym_bold.nii	/mnt/ceph/groups_hdd/SCCGroup/neurocognition_lab/ANCLANG/anclang/sub-s012/ses-mpm/func/sub-s012_ses-mpm_task-vw_acq-mb4mesl56_run-1_events.tsv;/mnt/ceph/groups_hdd/SCCGroup/neurocognition_lab/ANCLANG/anclang/sub-s012/ses-mpm/func/sub-s012_ses-mpm_task-vw_acq-mb4mesl56_run-2_events.tsv;/mnt/ceph/groups_hdd/SCCGroup/neurocognition_lab/ANCLANG/anclang/sub-s012/ses-mov/func/sub-s012_ses-mov_task-vw_acq-mb4mesl56_run-1_events.tsv;/mnt/ceph/groups_hdd/SCCGroup/neurocognition_lab/ANCLANG/anclang/sub-s012/ses-mov/func/sub-s012_ses-mov_task-vw_acq-mb4mesl56_run-2_events.tsv;/mnt/ceph/groups_hdd/SCCGroup/neurocognition_lab/ANCLANG/anclang/sub-s012/ses-dwi/func/sub-s012_ses-dwi_task-vw_acq-mb4mesl56_run-1_events.tsv;/mnt/ceph/groups_hdd/SCCGroup/neurocognition_lab/ANCLANG/anclang/sub-s012/ses-dwi/func/sub-s012_ses-dwi_task-vw_acq-mb4mesl56_run-2_events.tsv;/mnt/ceph/groups_hdd/SCCGroup/neurocognition_lab/ANCLANG/anclang/sub-s012/ses-t2w/func/sub-s012_ses-t2w_task-vw_acq-mb4mesl56_run-1_events.tsv	/mnt/ceph/groups_hdd/SCCGroup/neurocognition_lab/ANCLANG/data/sub-s012/ses-mpm/sub-s012_ses-mpm_task-vw_acq-mb4mesl56_run-1_desc-confounds_timeseries.tsv;/mnt/ceph/groups_hdd/SCCGroup/neurocognition_lab/ANCLANG/data/sub-s012/ses-mpm/sub-s012_ses-mpm_task-vw_acq-mb4mesl56_run-2_desc-confounds_timeseries.tsv;/mnt/ceph/groups_hdd/SCCGroup/neurocognition_lab/ANCLANG/data/sub-s012/ses-mov/sub-s012_ses-mov_task-vw_acq-mb4mesl56_run-1_desc-confounds_timeseries.tsv;/mnt/ceph/groups_hdd/SCCGroup/neurocognition_lab/ANCLANG/data/sub-s012/ses-mov/sub-s012_ses-mov_task-vw_acq-mb4mesl56_run-2_desc-confounds_timeseries.tsv;/mnt/ceph/groups_hdd/SCCGroup/neurocognition_lab/ANCLANG/data/sub-s012/ses-dwi/sub-s012_ses-dwi_task-vw_acq-mb4mesl56_run-1_desc-confounds_timeseries.tsv;/mnt/ceph/groups_hdd/SCCGroup/neurocognition_lab/ANCLANG/data/sub-s012/ses-dwi/sub-s012_ses-dwi_task-vw_acq-mb4mesl56_run-2_desc-confounds_timeseries.tsv;/mnt/ceph/groups_hdd/SCCGroup/neurocognition_lab/ANCLANG/data/sub-s012/ses-t2w/sub-s012_ses-t2w_task-vw_acq-mb4mesl56_run-1_desc-confounds_timeseries.tsv
sub-s012	8	/mnt/ceph/groups_hdd/SCCGroup/neurocognition_lab/ANCLANG/data/sub-s012/ses-mpm/s_sub-s012_ses-mpm_task-vw_run-1_desc-denoised_space-MNI152NLin6Asym_bold.nii;/mnt/ceph/groups_hdd/SCCGroup/neurocognition_lab/ANCLANG/data/sub-s012/ses-mpm/s_sub-s012_ses-mpm_task-vw_run-2_desc-denoised_space-MNI152NLin6Asym_bold.nii;/mnt/ceph/groups_hdd/SCCGroup/neurocognition_lab/ANCLANG/data/sub-s012/ses-mov/s_sub-s012_ses-mov_task-vw_run-1_desc-denoised_space-MNI152NLin6Asym_bold.nii;/mnt/ceph/groups_hdd/SCCGroup/neurocognition_lab/ANCLANG/data/sub-s012/ses-mov/s_sub-s012_ses-mov_task-vw_run-2_desc-denoised_space-MNI152NLin6Asym_bold.nii;/mnt/ceph/groups_hdd/SCCGroup/neurocognition_lab/ANCLANG/data/sub-s012/ses-dwi/s_sub-s012_ses-dwi_task-vw_run-1_desc-denoised_space-MNI152NLin6Asym_bold.nii;/mnt/ceph/groups_hdd/SCCGroup/neurocognition_lab/ANCLANG/data/sub-s012/ses-dwi/s_sub-s012_ses-dwi_task-vw_run-2_desc-denoised_space-MNI152NLin6Asym_bold.nii;/mnt/ceph/groups_hdd/SCCGroup/neurocognition_lab/ANCLANG/data/sub-s012/ses-t2w/s_sub-s012_ses-t2w_task-vw_run-1_desc-denoised_space-MNI152NLin6Asym_bold.nii;/mnt/ceph/groups_hdd/SCCGroup/neurocognition_lab/ANCLANG/data/sub-s012/ses-t2w/s_sub-s012_ses-t2w_task-vw_run-2_desc-denoised_space-MNI152NLin6Asym_bold.nii	/mnt/ceph/groups_hdd/SCCGroup/neurocognition_lab/ANCLANG/anclang/sub-s012/ses-mpm/func/sub-s012_ses-mpm_task-vw_acq-mb4mesl56_run-1_events.tsv;/mnt/ceph/groups_hdd/SCCGroup/neurocognition_lab/ANCLANG/anclang/sub-s012/ses-mpm/func/sub-s012_ses-mpm_task-vw_acq-mb4mesl56_run-2_events.tsv;/mnt/ceph/groups_hdd/SCCGroup/neurocognition_lab/ANCLANG/anclang/sub-s012/ses-mov/func/sub-s012_ses-mov_task-vw_acq-mb4mesl56_run-1_events.tsv;/mnt/ceph/groups_hdd/SCCGroup/neurocognition_lab/ANCLANG/anclang/sub-s012/ses-mov/func/sub-s012_ses-mov_task-vw_acq-mb4mesl56_run-2_events.tsv;/mnt/ceph/groups_hdd/SCCGroup/neurocognition_lab/ANCLANG/anclang/sub-s012/ses-dwi/func/sub-s012_ses-dwi_task-vw_acq-mb4mesl56_run-1_events.tsv;/mnt/ceph/groups_hdd/SCCGroup/neurocognition_lab/ANCLANG/anclang/sub-s012/ses-dwi/func/sub-s012_ses-dwi_task-vw_acq-mb4mesl56_run-2_events.tsv;/mnt/ceph/groups_hdd/SCCGroup/neurocognition_lab/ANCLANG/anclang/sub-s012/ses-t2w/func/sub-s012_ses-t2w_task-vw_acq-mb4mesl56_run-1_events.tsv;/mnt/ceph/groups_hdd/SCCGroup/neurocognition_lab/ANCLANG/anclang/sub-s012/ses-t2w/func/sub-s012_ses-t2w_task-vw_acq-mb4mesl56_run-2_events.tsv	/mnt/ceph/groups_hdd/SCCGroup/neurocognition_lab/ANCLANG/data/sub-s012/ses-mpm/sub-s012_ses-mpm_task-vw_acq-mb4mesl56_run-1_desc-confounds_timeseries.tsv;/mnt/ceph/groups_hdd/SCCGroup/neurocognition_lab/ANCLANG/data/sub-s012/ses-mpm/sub-s012_ses-mpm_task-vw_acq-mb4mesl56_run-2_desc-confounds_timeseries.tsv;/mnt/ceph/groups_hdd/SCCGroup/neurocognition_lab/ANCLANG/data/sub-s012/ses-mov/sub-s012_ses-mov_task-vw_acq-mb4mesl56_run-1_desc-confounds_timeseries.tsv;/mnt/ceph/groups_hdd/SCCGroup/neurocognition_lab/ANCLANG/data/sub-s012/ses-mov/sub-s012_ses-mov_task-vw_acq-mb4mesl56_run-2_desc-confounds_timeseries.tsv;/mnt/ceph/groups_hdd/SCCGroup/neurocognition_lab/ANCLANG/data/sub-s012/ses-dwi/sub-s012_ses-dwi_task-vw_acq-mb4mesl56_run-1_desc-confounds_timeseries.tsv;/mnt/ceph/groups_hdd/SCCGroup/neurocognition_lab/ANCLANG/data/sub-s012/ses-dwi/sub-s012_ses-dwi_task-vw_acq-mb4mesl56_run-2_desc-confounds_timeseries.tsv;/mnt/ceph/groups_hdd/SCCGroup/neurocognition_lab/ANCLANG/data/sub-s012/ses-t2w/sub-s012_ses-t2w_task-vw_acq-mb4mesl56_run-1_desc-confounds_timeseries.tsv;/mnt/ceph/groups_hdd/SCCGroup/neurocognition_lab/ANCLANG/data/sub-s012/ses-t2w/sub-s012_ses-t2w_task-vw_acq-mb4mesl56_run-2_desc-confounds_timeseries.tsv
sub-s013	1	/mnt/ceph/groups_hdd/SCCGroup/neurocognition_lab/ANCLANG/data/sub-s013/ses-t2w/s_sub-s013_ses-t2w_task-vw_run-1_desc-denoised_space-MNI152NLin6Asym_bold.nii	/mnt/ceph/groups_hdd/SCCGroup/neurocognition_lab/ANCLANG/anclang/sub-s013/ses-t2w/func/sub-s013_ses-t2w_task-vw_acq-mb4mesl56_run-1_events.tsv	/mnt/ceph/groups_hdd/SCCGroup/neurocognition_lab/ANCLANG/data/sub-s013/ses-t2w/sub-s013_ses-t2w_task-vw_acq-mb4mesl56_run-1_desc-confounds_timeseries.tsv
sub-s013	2	/mnt/ceph/groups_hdd/SCCGroup/neurocognition_lab/ANCLANG/data/sub-s013/ses-t2w/s_sub-s013_ses-t2w_task-vw_run-1_desc-denoised_space-MNI152NLin6Asym_bold.nii;/mnt/ceph/groups_hdd/SCCGroup/neurocognition_lab/ANCLANG/data/sub-s013/ses-t2w/s_sub-s013_ses-t2w_task-vw_run-2_desc-denoised_space-MNI152NLin6Asym_bold.nii	/mnt/ceph/groups_hdd/SCCGroup/neurocognition_lab/ANCLANG/anclang/sub-s013/ses-t2w/func/sub-s013_ses-t2w_task-vw_acq-mb4mesl56_run-1_events.tsv;/mnt/ceph/groups_hdd/SCCGroup/neurocognition_lab/ANCLANG/anclang/sub-s013/ses-t2w/func/sub-s013_ses-t2w_task-vw_acq-mb4mesl56_run-2_events.tsv	/mnt/ceph/groups_hdd/SCCGroup/neurocognition_lab/ANCLANG/data/sub-s013/ses-t2w/sub-s013_ses-t2w_task-vw_acq-mb4mesl56_run-1_desc-confounds_timeseries.tsv;/mnt/ceph/groups_hdd/SCCGroup/neurocognition_lab/ANCLANG/data/sub-s013/ses-t2w/sub-s013_ses-t2w_task-vw_acq-mb4mesl56_run-2_desc-confounds_timeseries.tsv
sub-s013	3	/mnt/ceph/groups_hdd/SCCGroup/neurocognition_lab/ANCLANG/data/sub-s013/ses-t2w/s_sub-s013_ses-t2w_task-vw_run-1_desc-denoised_space-MNI152NLin6Asym_bold.nii;/mnt/ceph/groups_hdd/SCCGroup/neurocognition_lab/ANCLANG/data/sub-s013/ses-t2w/s_sub-s013_ses-t2w_task-vw_run-2_desc-denoised_space-MNI152NLin6Asym_bold.nii;/mnt/ceph/groups_hdd/SCCGroup/neurocognition_lab/ANCLANG/data/sub-s013/ses-dwi/s_sub-s013_ses-dwi_task-vw_run-1_desc-denoised_space-MNI152NLin6Asym_bold.nii	/mnt/ceph/groups_hdd/SCCGroup/neurocognition_lab/ANCLANG/anclang/sub-s013/ses-t2w/func/sub-s013_ses-t2w_task-vw_acq-mb4mesl56_run-1_events.tsv;/mnt/ceph/groups_hdd/SCCGroup/neurocognition_lab/ANCLANG/anclang/sub-s013/ses-t2w/func/sub-s013_ses-t2w_task-vw_acq-mb4mesl56_run-2_events.tsv;/mnt/ceph/groups_hdd/SCCGroup/neurocognition_lab/ANCLANG/anclang/sub-s013/ses-dwi/func/sub-s013_ses-dwi_task-vw_acq-mb4mesl56_run-1_events.tsv	/mnt/ceph/groups_hdd/SCCGroup/neurocognition_lab/ANCLANG/data/sub-s013/ses-t2w/sub-s013_ses-t2w_task-vw_acq-mb4mesl56_run-1_desc-confounds_timeseries.tsv;/mnt/ceph/groups_hdd/SCCGroup/neurocognition_lab/ANCLANG/data/sub-s013/ses-t2w/sub-s013_ses-t2w_task-vw_acq-mb4mesl56_run-2_desc-confounds_timeseries.tsv;/mnt/ceph/groups_hdd/SCCGroup/neurocognition_lab/ANCLANG/data/sub-s013/ses-dwi/sub-s013_ses-dwi_task-vw_acq-mb4mesl56_run-1_desc-confounds_timeseries.tsv
sub-s013	4	/mnt/ceph/groups_hdd/SCCGroup/neurocognition_lab/ANCLANG/data/sub-s013/ses-t2w/s_sub-s013_ses-t2w_task-vw_run-1_desc-denoised_space-MNI152NLin6Asym_bold.nii;/mnt/ceph/groups_hdd/SCCGroup/neurocognition_lab/ANCLANG/data/sub-s013/ses-t2w/s_sub-s013_ses-t2w_task-vw_run-2_desc-denoised_space-MNI152NLin6Asym_bold.nii;/mnt/ceph/groups_hdd/SCCGroup/neurocognition_lab/ANCLANG/data/sub-s013/ses-dwi/s_sub-s013_ses-dwi_task-vw_run-1_desc-denoised_space-MNI152NLin6Asym_bold.nii;/mnt/ceph/groups_hdd/SCCGroup/neurocognition_lab/ANCLANG/data/sub-s013/ses-dwi/s_sub-s013_ses-dwi_task-vw_run-2_desc-denoised_space-MNI152NLin6Asym_bold.nii	/mnt/ceph/groups_hdd/SCCGroup/neurocognition_lab/ANCLANG/anclang/sub-s013/ses-t2w/func/sub-s013_ses-t2w_task-vw_acq-mb4mesl56_run-1_events.tsv;/mnt/ceph/groups_hdd/SCCGroup/neurocognition_lab/ANCLANG/anclang/sub-s013/ses-t2w/func/sub-s013_ses-t2w_task-vw_acq-mb4mesl56_run-2_events.tsv;/mnt/ceph/groups_hdd/SCCGroup/neurocognition_lab/ANCLANG/anclang/sub-s013/ses-dwi/func/sub-s013_ses-dwi_task-vw_acq-mb4mesl56_run-1_events.tsv;/mnt/ceph/groups_hdd/SCCGroup/neurocognition_lab/ANCLANG/anclang/sub-s013/ses-dwi/func/sub-s013_ses-dwi_task-vw_acq-mb4mesl56_run-2_events.tsv	/mnt/ceph/groups_hdd/SCCGroup/neurocognition_lab/ANCLANG/data/sub-s013/ses-t2w/sub-s013_ses-t2w_task-vw_acq-mb4mesl56_run-1_desc-confounds_timeseries.tsv;/mnt/ceph/groups_hdd/SCCGroup/neurocognition_lab/ANCLANG/data/sub-s013/ses-t2w/sub-s013_ses-t2w_task-vw_acq-mb4mesl56_run-2_desc-confounds_timeseries.tsv;/mnt/ceph/groups_hdd/SCCGroup/neurocognition_lab/ANCLANG/data/sub-s013/ses-dwi/sub-s013_ses-dwi_task-vw_acq-mb4mesl56_run-1_desc-confounds_timeseries.tsv;/mnt/ceph/groups_hdd/SCCGroup/neurocognition_lab/ANCLANG/data/sub-s013/ses-dwi/sub-s013_ses-dwi_task-vw_acq-mb4mesl56_run-2_desc-confounds_timeseries.tsv
sub-s013	5	/mnt/ceph/groups_hdd/SCCGroup/neurocognition_lab/ANCLANG/data/sub-s013/ses-t2w/s_sub-s013_ses-t2w_task-vw_run-1_desc-denoised_space-MNI152NLin6Asym_bold.nii;/mnt/ceph/groups_hdd/SCCGroup/neurocognition_lab/ANCLANG/data/sub-s013/ses-t2w/s_sub-s013_ses-t2w_task-vw_run-2_desc-denoised_space-MNI152NLin6Asym_bold.nii;/mnt/ceph/groups_hdd/SCCGroup/neurocognition_lab/ANCLANG/data/sub-s013/ses-dwi/s_sub-s013_ses-dwi_task-vw_run-1_desc-denoised_space-MNI152NLin6Asym_bold.nii;/mnt/ceph/groups_hdd/SCCGroup/neurocognition_lab/ANCLANG/data/sub-s013/ses-dwi/s_sub-s013_ses-dwi_task-vw_run-2_desc-denoised_space-MNI152NLin6Asym_bold.nii;/mnt/ceph/groups_hdd/SCCGroup/neurocognition_lab/ANCLANG/data/sub-s013/ses-mov/s_sub-s013_ses-mov_task-vw_run-1_desc-denoised_space-MNI152NLin6Asym_bold.nii	/mnt/ceph/groups_hdd/SCCGroup/neurocognition_lab/ANCLANG/anclang/sub-s013/ses-t2w/func/sub-s013_ses-t2w_task-vw_acq-mb4mesl56_run-1_events.tsv;/mnt/ceph/groups_hdd/SCCGroup/neurocognition_lab/ANCLANG/anclang/sub-s013/ses-t2w/func/sub-s013_ses-t2w_task-vw_acq-mb4mesl56_run-2_events.tsv;/mnt/ceph/groups_hdd/SCCGroup/neurocognition_lab/ANCLANG/anclang/sub-s013/ses-dwi/func/sub-s013_ses-dwi_task-vw_acq-mb4mesl56_run-1_events.tsv;/mnt/ceph/groups_hdd/SCCGroup/neurocognition_lab/ANCLANG/anclang/sub-s013/ses-dwi/func/sub-s013_ses-dwi_task-vw_acq-mb4mesl56_run-2_events.tsv;/mnt/ceph/groups_hdd/SCCGroup/neurocognition_lab/ANCLANG/anclang/sub-s013/ses-mov/func/sub-s013_ses-mov_task-vw_acq-mb4mesl56_run-1_events.tsv	/mnt/ceph/groups_hdd/SCCGroup/neurocognition_lab/ANCLANG/data/sub-s013/ses-t2w/sub-s013_ses-t2w_task-vw_acq-mb4mesl56_run-1_desc-confounds_timeseries.tsv;/mnt/ceph/groups_hdd/SCCGroup/neurocognition_lab/ANCLANG/data/sub-s013/ses-t2w/sub-s013_ses-t2w_task-vw_acq-mb4mesl56_run-2_desc-confounds_timeseries.tsv;/mnt/ceph/groups_hdd/SCCGroup/neurocognition_lab/ANCLANG/data/sub-s013/ses-dwi/sub-s013_ses-dwi_task-vw_acq-mb4mesl56_run-1_desc-confounds_timeseries.tsv;/mnt/ceph/groups_hdd/SCCGroup/neurocognition_lab/ANCLANG/data/sub-s013/ses-dwi/sub-s013_ses-dwi_task-vw_acq-mb4mesl56_run-2_desc-confounds_timeseries.tsv;/mnt/ceph/groups_hdd/SCCGroup/neurocognition_lab/ANCLANG/data/sub-s013/ses-mov/sub-s013_ses-mov_task-vw_acq-mb4mesl56_run-1_desc-confounds_timeseries.tsv
sub-s013	6	/mnt/ceph/groups_hdd/SCCGroup/neurocognition_lab/ANCLANG/data/sub-s013/ses-t2w/s_sub-s013_ses-t2w_task-vw_run-1_desc-denoised_space-MNI152NLin6Asym_bold.nii;/mnt/ceph/groups_hdd/SCCGroup/neurocognition_lab/ANCLANG/data/sub-s013/ses-t2w/s_sub-s013_ses-t2w_task-vw_run-2_desc-denoised_space-MNI152NLin6Asym_bold.nii;/mnt/ceph/groups_hdd/SCCGroup/neurocognition_lab/ANCLANG/data/sub-s013/ses-dwi/s_sub-s013_ses-dwi_task-vw_run-1_desc-denoised_space-MNI152NLin6Asym_bold.nii;/mnt/ceph/groups_hdd/SCCGroup/neurocognition_lab/ANCLANG/data/sub-s013/ses-dwi/s_sub-s013_ses-dwi_task-vw_run-2_desc-denoised_space-MNI152NLin6Asym_bold.nii;/mnt/ceph/groups_hdd/SCCGroup/neurocognition_lab/ANCLANG/data/sub-s013/ses-mov/s_sub-s013_ses-mov_task-vw_run-1_desc-denoised_space-MNI152NLin6Asym_bold.nii;/mnt/ceph/groups_hdd/SCCGroup/neurocognition_lab/ANCLANG/data/sub-s013/ses-mov/s_sub-s013_ses-mov_task-vw_run-2_desc-denoised_space-MNI152NLin6Asym_bold.nii	/mnt/ceph/groups_hdd/SCCGroup/neurocognition_lab/ANCLANG/anclang/sub-s013/ses-t2w/func/sub-s013_ses-t2w_task-vw_acq-mb4mesl56_run-1_events.tsv;/mnt/ceph/groups_hdd/SCCGroup/neurocognition_lab/ANCLANG/anclang/sub-s013/ses-t2w/func/sub-s013_ses-t2w_task-vw_acq-mb4mesl56_run-2_events.tsv;/mnt/ceph/groups_hdd/SCCGroup/neurocognition_lab/ANCLANG/anclang/sub-s013/ses-dwi/func/sub-s013_ses-dwi_task-vw_acq-mb4mesl56_run-1_events.tsv;/mnt/ceph/groups_hdd/SCCGroup/neurocognition_lab/ANCLANG/anclang/sub-s013/ses-dwi/func/sub-s013_ses-dwi_task-vw_acq-mb4mesl56_run-2_events.tsv;/mnt/ceph/groups_hdd/SCCGroup/neurocognition_lab/ANCLANG/anclang/sub-s013/ses-mov/func/sub-s013_ses-mov_task-vw_acq-mb4mesl56_run-1_events.tsv;/mnt/ceph/groups_hdd/SCCGroup/neurocognition_lab/ANCLANG/anclang/sub-s013/ses-mov/func/sub-s013_ses-mov_task-vw_acq-mb4mesl56_run-2_events.tsv	/mnt/ceph/groups_hdd/SCCGroup/neurocognition_lab/ANCLANG/data/sub-s013/ses-t2w/sub-s013_ses-t2w_task-vw_acq-mb4mesl56_run-1_desc-confounds_timeseries.tsv;/mnt/ceph/groups_hdd/SCCGroup/neurocognition_lab/ANCLANG/data/sub-s013/ses-t2w/sub-s013_ses-t2w_task-vw_acq-mb4mesl56_run-2_desc-confounds_timeseries.tsv;/mnt/ceph/groups_hdd/SCCGroup/neurocognition_lab/ANCLANG/data/sub-s013/ses-dwi/sub-s013_ses-dwi_task-vw_acq-mb4mesl56_run-1_desc-confounds_timeseries.tsv;/mnt/ceph/groups_hdd/SCCGroup/neurocognition_lab/ANCLANG/data/sub-s013/ses-dwi/sub-s013_ses-dwi_task-vw_acq-mb4mesl56_run-2_desc-confounds_timeseries.tsv;/mnt/ceph/groups_hdd/SCCGroup/neurocognition_lab/ANCLANG/data/sub-s013/ses-mov/sub-s013_ses-mov_task-vw_acq-mb4mesl56_run-1_desc-confounds_timeseries.tsv;/mnt/ceph/groups_hdd/SCCGroup/neurocognition_lab/ANCLANG/data/sub-s013/ses-mov/sub-s013_ses-mov_task-vw_acq-mb4mesl56_run-2_desc-confounds_timeseries.tsv
sub-s013	7	/mnt/ceph/groups_hdd/SCCGroup/neurocognition_lab/ANCLANG/data/sub-s013/ses-t2w/s_sub-s013_ses-t2w_task-vw_run-1_desc-denoised_space-MNI152NLin6Asym_bold.nii;/mnt/ceph/groups_hdd/SCCGroup/neurocognition_lab/ANCLANG/data/sub-s013/ses-t2w/s_sub-s013_ses-t2w_task-vw_run-2_desc-denoised_space-MNI152NLin6Asym_bold.nii;/mnt/ceph/groups_hdd/SCCGroup/neurocognition_lab/ANCLANG/data/sub-s013/ses-dwi/s_sub-s013_ses-dwi_task-vw_run-1_desc-denoised_space-MNI152NLin6Asym_bold.nii;/mnt/ceph/groups_hdd/SCCGroup/neurocognition_lab/ANCLANG/data/sub-s013/ses-dwi/s_sub-s013_ses-dwi_task-vw_run-2_desc-denoised_space-MNI152NLin6Asym_bold.nii;/mnt/ceph/groups_hdd/SCCGroup/neurocognition_lab/ANCLANG/data/sub-s013/ses-mov/s_sub-s013_ses-mov_task-vw_run-1_desc-denoised_space-MNI152NLin6Asym_bold.nii;/mnt/ceph/groups_hdd/SCCGroup/neurocognition_lab/ANCLANG/data/sub-s013/ses-mov/s_sub-s013_ses-mov_task-vw_run-2_desc-denoised_space-MNI152NLin6Asym_bold.nii;/mnt/ceph/groups_hdd/SCCGroup/neurocognition_lab/ANCLANG/data/sub-s013/ses-mpm/s_sub-s013_ses-mpm_task-vw_run-1_desc-denoised_space-MNI152NLin6Asym_bold.nii	/mnt/ceph/groups_hdd/SCCGroup/neurocognition_lab/ANCLANG/anclang/sub-s013/ses-t2w/func/sub-s013_ses-t2w_task-vw_acq-mb4mesl56_run-1_events.tsv;/mnt/ceph/groups_hdd/SCCGroup/neurocognition_lab/ANCLANG/anclang/sub-s013/ses-t2w/func/sub-s013_ses-t2w_task-vw_acq-mb4mesl56_run-2_events.tsv;/mnt/ceph/groups_hdd/SCCGroup/neurocognition_lab/ANCLANG/anclang/sub-s013/ses-dwi/func/sub-s013_ses-dwi_task-vw_acq-mb4mesl56_run-1_events.tsv;/mnt/ceph/groups_hdd/SCCGroup/neurocognition_lab/ANCLANG/anclang/sub-s013/ses-dwi/func/sub-s013_ses-dwi_task-vw_acq-mb4mesl56_run-2_events.tsv;/mnt/ceph/groups_hdd/SCCGroup/neurocognition_lab/ANCLANG/anclang/sub-s013/ses-mov/func/sub-s013_ses-mov_task-vw_acq-mb4mesl56_run-1_events.tsv;/mnt/ceph/groups_hdd/SCCGroup/neurocognition_lab/ANCLANG/anclang/sub-s013/ses-mov/func/sub-s013_ses-mov_task-vw_acq-mb4mesl56_run-2_events.tsv;/mnt/ceph/groups_hdd/SCCGroup/neurocognition_lab/ANCLANG/anclang/sub-s013/ses-mpm/func/sub-s013_ses-mpm_task-vw_acq-mb4mesl56_run-1_events.tsv	/mnt/ceph/groups_hdd/SCCGroup/neurocognition_lab/ANCLANG/data/sub-s013/ses-t2w/sub-s013_ses-t2w_task-vw_acq-mb4mesl56_run-1_desc-confounds_timeseries.tsv;/mnt/ceph/groups_hdd/SCCGroup/neurocognition_lab/ANCLANG/data/sub-s013/ses-t2w/sub-s013_ses-t2w_task-vw_acq-mb4mesl56_run-2_desc-confounds_timeseries.tsv;/mnt/ceph/groups_hdd/SCCGroup/neurocognition_lab/ANCLANG/data/sub-s013/ses-dwi/sub-s013_ses-dwi_task-vw_acq-mb4mesl56_run-1_desc-confounds_timeseries.tsv;/mnt/ceph/groups_hdd/SCCGroup/neurocognition_lab/ANCLANG/data/sub-s013/ses-dwi/sub-s013_ses-dwi_task-vw_acq-mb4mesl56_run-2_desc-confounds_timeseries.tsv;/mnt/ceph/groups_hdd/SCCGroup/neurocognition_lab/ANCLANG/data/sub-s013/ses-mov/sub-s013_ses-mov_task-vw_acq-mb4mesl56_run-1_desc-confounds_timeseries.tsv;/mnt/ceph/groups_hdd/SCCGroup/neurocognition_lab/ANCLANG/data/sub-s013/ses-mov/sub-s013_ses-mov_task-vw_acq-mb4mesl56_run-2_desc-confounds_timeseries.tsv;/mnt/ceph/groups_hdd/SCCGroup/neurocognition_lab/ANCLANG/data/sub-s013/ses-mpm/sub-s013_ses-mpm_task-vw_acq-mb4mesl56_run-1_desc-confounds_timeseries.tsv
sub-s013	8	/mnt/ceph/groups_hdd/SCCGroup/neurocognition_lab/ANCLANG/data/sub-s013/ses-t2w/s_sub-s013_ses-t2w_task-vw_run-1_desc-denoised_space-MNI152NLin6Asym_bold.nii;/mnt/ceph/groups_hdd/SCCGroup/neurocognition_lab/ANCLANG/data/sub-s013/ses-t2w/s_sub-s013_ses-t2w_task-vw_run-2_desc-denoised_space-MNI152NLin6Asym_bold.nii;/mnt/ceph/groups_hdd/SCCGroup/neurocognition_lab/ANCLANG/data/sub-s013/ses-dwi/s_sub-s013_ses-dwi_task-vw_run-1_desc-denoised_space-MNI152NLin6Asym_bold.nii;/mnt/ceph/groups_hdd/SCCGroup/neurocognition_lab/ANCLANG/data/sub-s013/ses-dwi/s_sub-s013_ses-dwi_task-vw_run-2_desc-denoised_space-MNI152NLin6Asym_bold.nii;/mnt/ceph/groups_hdd/SCCGroup/neurocognition_lab/ANCLANG/data/sub-s013/ses-mov/s_sub-s013_ses-mov_task-vw_run-1_desc-denoised_space-MNI152NLin6Asym_bold.nii;/mnt/ceph/groups_hdd/SCCGroup/neurocognition_lab/ANCLANG/data/sub-s013/ses-mov/s_sub-s013_ses-mov_task-vw_run-2_desc-denoised_space-MNI152NLin6Asym_bold.nii;/mnt/ceph/groups_hdd/SCCGroup/neurocognition_lab/ANCLANG/data/sub-s013/ses-mpm/s_sub-s013_ses-mpm_task-vw_run-1_desc-denoised_space-MNI152NLin6Asym_bold.nii;/mnt/ceph/groups_hdd/SCCGroup/neurocognition_lab/ANCLANG/data/sub-s013/ses-mpm/s_sub-s013_ses-mpm_task-vw_run-2_desc-denoised_space-MNI152NLin6Asym_bold.nii	/mnt/ceph/groups_hdd/SCCGroup/neurocognition_lab/ANCLANG/anclang/sub-s013/ses-t2w/func/sub-s013_ses-t2w_task-vw_acq-mb4mesl56_run-1_events.tsv;/mnt/ceph/groups_hdd/SCCGroup/neurocognition_lab/ANCLANG/anclang/sub-s013/ses-t2w/func/sub-s013_ses-t2w_task-vw_acq-mb4mesl56_run-2_events.tsv;/mnt/ceph/groups_hdd/SCCGroup/neurocognition_lab/ANCLANG/anclang/sub-s013/ses-dwi/func/sub-s013_ses-dwi_task-vw_acq-mb4mesl56_run-1_events.tsv;/mnt/ceph/groups_hdd/SCCGroup/neurocognition_lab/ANCLANG/anclang/sub-s013/ses-dwi/func/sub-s013_ses-dwi_task-vw_acq-mb4mesl56_run-2_events.tsv;/mnt/ceph/groups_hdd/SCCGroup/neurocognition_lab/ANCLANG/anclang/sub-s013/ses-mov/func/sub-s013_ses-mov_task-vw_acq-mb4mesl56_run-1_events.tsv;/mnt/ceph/groups_hdd/SCCGroup/neurocognition_lab/ANCLANG/anclang/sub-s013/ses-mov/func/sub-s013_ses-mov_task-vw_acq-mb4mesl56_run-2_events.tsv;/mnt/ceph/groups_hdd/SCCGroup/neurocognition_lab/ANCLANG/anclang/sub-s013/ses-mpm/func/sub-s013_ses-mpm_task-vw_acq-mb4mesl56_run-1_events.tsv;/mnt/ceph/groups_hdd/SCCGroup/neurocognition_lab/ANCLANG/anclang/sub-s013/ses-mpm/func/sub-s013_ses-mpm_task-vw_acq-mb4mesl56_run-2_events.tsv	/mnt/ceph/groups_hdd/SCCGroup/neurocognition_lab/ANCLANG/data/sub-s013/ses-t2w/sub-s013_ses-t2w_task-vw_acq-mb4mesl56_run-1_desc-confounds_timeseries.tsv;/mnt/ceph/groups_hdd/SCCGroup/neurocognition_lab/ANCLANG/data/sub-s013/ses-t2w/sub-s013_ses-t2w_task-vw_acq-mb4mesl56_run-2_desc-confounds_timeseries.tsv;/mnt/ceph/groups_hdd/SCCGroup/neurocognition_lab/ANCLANG/data/sub-s013/ses-dwi/sub-s013_ses-dwi_task-vw_acq-mb4mesl56_run-1_desc-confounds_timeseries.tsv;/mnt/ceph/groups_hdd/SCCGroup/neurocognition_lab/ANCLANG/data/sub-s013/ses-dwi/sub-s013_ses-dwi_task-vw_acq-mb4mesl56_run-2_desc-confounds_timeseries.tsv;/mnt/ceph/groups_hdd/SCCGroup/neurocognition_lab/ANCLANG/data/sub-s013/ses-mov/sub-s013_ses-mov_task-vw_acq-mb4mesl56_run-1_desc-confounds_timeseries.tsv;/mnt/ceph/groups_hdd/SCCGroup/neurocognition_lab/ANCLANG/data/sub-s013/ses-mov/sub-s013_ses-mov_task-vw_acq-mb4mesl56_run-2_desc-confounds_timeseries.tsv;/mnt/ceph/groups_hdd/SCCGroup/neurocognition_lab/ANCLANG/data/sub-s013/ses-mpm/sub-s013_ses-mpm_task-vw_acq-mb4mesl56_run-1_desc-confounds_timeseries.tsv;/mnt/ceph/groups_hdd/SCCGroup/neurocognition_lab/ANCLANG/data/sub-s013/ses-mpm/sub-s013_ses-mpm_task-vw_acq-mb4mesl56_run-2_desc-confounds_timeseries.tsv
sub-s015	1	/mnt/ceph/groups_hdd/SCCGroup/neurocognition_lab/ANCLANG/data/sub-s015/ses-t2w/s_sub-s015_ses-t2w_task-vw_run-1_desc-denoised_space-MNI152NLin6Asym_bold.nii	/mnt/ceph/groups_hdd/SCCGroup/neurocognition_lab/ANCLANG/anclang/sub-s015/ses-t2w/func/sub-s015_ses-t2w_task-vw_acq-mb4mesl56_run-1_events.tsv	/mnt/ceph/groups_hdd/SCCGroup/neurocognition_lab/ANCLANG/data/sub-s015/ses-t2w/sub-s015_ses-t2w_task-vw_acq-mb4mesl56_run-1_desc-confounds_timeseries.tsv
sub-s015	2	/mnt/ceph/groups_hdd/SCCGroup/neurocognition_lab/ANCLANG/data/sub-s015/ses-t2w/s_sub-s015_ses-t2w_task-vw_run-1_desc-denoised_space-MNI152NLin6Asym_bold.nii;/mnt/ceph/groups_hdd/SCCGroup/neurocognition_lab/ANCLANG/data/sub-s015/ses-t2w/s_sub-s015_ses-t2w_task-vw_run-2_desc-denoised_space-MNI152NLin6Asym_bold.nii	/mnt/ceph/groups_hdd/SCCGroup/neurocognition_lab/ANCLANG/anclang/sub-s015/ses-t2w/func/sub-s015_ses-t2w_task-vw_acq-mb4mesl56_run-1_events.tsv;/mnt/ceph/groups_hdd/SCCGroup/neurocognition_lab/ANCLANG/anclang/sub-s015/ses-t2w/func/sub-s015_ses-t2w_task-vw_acq-mb4mesl56_run-2_events.tsv	/mnt/ceph/groups_hdd/SCCGroup/neurocognition_lab/ANCLANG/data/sub-s015/ses-t2w/sub-s015_ses-t2w_task-vw_acq-mb4mesl56_run-1_desc-confounds_timeseries.tsv;/mnt/ceph/groups_hdd/SCCGroup/neurocognition_lab/ANCLANG/data/sub-s015/ses-t2w/sub-s015_ses-t2w_task-vw_acq-mb4mesl56_run-2_desc-confounds_timeseries.tsv
sub-s015	3	/mnt/ceph/groups_hdd/SCCGroup/neurocognition_lab/ANCLANG/data/sub-s015/ses-t2w/s_sub-s015_ses-t2w_task-vw_run-1_desc-denoised_space-MNI152NLin6Asym_bold.nii;/mnt/ceph/groups_hdd/SCCGroup/neurocognition_lab/ANCLANG/data/sub-s015/ses-t2w/s_sub-s015_ses-t2w_task-vw_run-2_desc-denoised_space-MNI152NLin6Asym_bold.nii;/mnt/ceph/groups_hdd/SCCGroup/neurocognition_lab/ANCLANG/data/sub-s015/ses-dwi/s_sub-s015_ses-dwi_task-vw_run-1_desc-denoised_space-MNI152NLin6Asym_bold.nii	/mnt/ceph/groups_hdd/SCCGroup/neurocognition_lab/ANCLANG/anclang/sub-s015/ses-t2w/func/sub-s015_ses-t2w_task-vw_acq-mb4mesl56_run-1_events.tsv;/mnt/ceph/groups_hdd/SCCGroup/neurocognition_lab/ANCLANG/anclang/sub-s015/ses-t2w/func/sub-s015_ses-t2w_task-vw_acq-mb4mesl56_run-2_events.tsv;/mnt/ceph/groups_hdd/SCCGroup/neurocognition_lab/ANCLANG/anclang/sub-s015/ses-dwi/func/sub-s015_ses-dwi_task-vw_acq-mb4mesl56_run-1_events.tsv	/mnt/ceph/groups_hdd/SCCGroup/neurocognition_lab/ANCLANG/data/sub-s015/ses-t2w/sub-s015_ses-t2w_task-vw_acq-mb4mesl56_run-1_desc-confounds_timeseries.tsv;/mnt/ceph/groups_hdd/SCCGroup/neurocognition_lab/ANCLANG/data/sub-s015/ses-t2w/sub-s015_ses-t2w_task-vw_acq-mb4mesl56_run-2_desc-confounds_timeseries.tsv;/mnt/ceph/groups_hdd/SCCGroup/neurocognition_lab/ANCLANG/data/sub-s015/ses-dwi/sub-s015_ses-dwi_task-vw_acq-mb4mesl56_run-1_desc-confounds_timeseries.tsv
sub-s015	4	/mnt/ceph/groups_hdd/SCCGroup/neurocognition_lab/ANCLANG/data/sub-s015/ses-t2w/s_sub-s015_ses-t2w_task-vw_run-1_desc-denoised_space-MNI152NLin6Asym_bold.nii;/mnt/ceph/groups_hdd/SCCGroup/neurocognition_lab/ANCLANG/data/sub-s015/ses-t2w/s_sub-s015_ses-t2w_task-vw_run-2_desc-denoised_space-MNI152NLin6Asym_bold.nii;/mnt/ceph/groups_hdd/SCCGroup/neurocognition_lab/ANCLANG/data/sub-s015/ses-dwi/s_sub-s015_ses-dwi_task-vw_run-1_desc-denoised_space-MNI152NLin6Asym_bold.nii;/mnt/ceph/groups_hdd/SCCGroup/neurocognition_lab/ANCLANG/data/sub-s015/ses-dwi/s_sub-s015_ses-dwi_task-vw_run-2_desc-denoised_space-MNI152NLin6Asym_bold.nii	/mnt/ceph/groups_hdd/SCCGroup/neurocognition_lab/ANCLANG/anclang/sub-s015/ses-t2w/func/sub-s015_ses-t2w_task-vw_acq-mb4mesl56_run-1_events.tsv;/mnt/ceph/groups_hdd/SCCGroup/neurocognition_lab/ANCLANG/anclang/sub-s015/ses-t2w/func/sub-s015_ses-t2w_task-vw_acq-mb4mesl56_run-2_events.tsv;/mnt/ceph/groups_hdd/SCCGroup/neurocognition_lab/ANCLANG/anclang/sub-s015/ses-dwi/func/sub-s015_ses-dwi_task-vw_acq-mb4mesl56_run-1_events.tsv;/mnt/ceph/groups_hdd/SCCGroup/neurocognition_lab/ANCLANG/anclang/sub-s015/ses-dwi/func/sub-s015_ses-dwi_task-vw_acq-mb4mesl56_run-2_events.tsv	/mnt/ceph/groups_hdd/SCCGroup/neurocognition_lab/ANCLANG/data/sub-s015/ses-t2w/sub-s015_ses-t2w_task-vw_acq-mb4mesl56_run-1_desc-confounds_timeseries.tsv;/mnt/ceph/groups_hdd/SCCGroup/neurocognition_lab/ANCLANG/data/sub-s015/ses-t2w/sub-s015_ses-t2w_task-vw_acq-mb4mesl56_run-2_desc-confounds_timeseries.tsv;/mnt/ceph/groups_hdd/SCCGroup/neurocognition_lab/ANCLANG/data/sub-s015/ses-dwi/sub-s015_ses-dwi_task-vw_acq-mb4mesl56_run-1_desc-confounds_timeseries.tsv;/mnt/ceph/groups_hdd/SCCGroup/neurocognition_lab/ANCLANG/data/sub-s015/ses-dwi/sub-s015_ses-dwi_task-vw_acq-mb4mesl56_run-2_desc-confounds_timeseries.tsv
sub-s015	5	/mnt/ceph/groups_hdd/SCCGroup/neurocognition_lab/ANCLANG/data/sub-s015/ses-t2w/s_sub-s015_ses-t2w_task-vw_run-1_desc-denoised_space-MNI152NLin6Asym_bold.nii;/mnt/ceph/groups_hdd/SCCGroup/neurocognition_lab/ANCLANG/data/sub-s015/ses-t2w/s_sub-s015_ses-t2w_task-vw_run-2_desc-denoised_space-MNI152NLin6Asym_bold.nii;/mnt/ceph/groups_hdd/SCCGroup/neurocognition_lab/ANCLANG/data/sub-s015/ses-dwi/s_sub-s015_ses-dwi_task-vw_run-1_desc-denoised_space-MNI152NLin6Asym_bold.nii;/mnt/ceph/groups_hdd/SCCGroup/neurocognition_lab/ANCLANG/data/sub-s015/ses-dwi/s_sub-s015_ses-dwi_task-vw_run-2_desc-denoised_space-MNI152NLin6Asym_bold.nii;/mnt/ceph/groups_hdd/SCCGroup/neurocognition_lab/ANCLANG/data/sub-s015/ses-mov/s_sub-s015_ses-mov_task-vw_run-1_desc-denoised_space-MNI152NLin6Asym_bold.nii	/mnt/ceph/groups_hdd/SCCGroup/neurocognition_lab/ANCLANG/anclang/sub-s015/ses-t2w/func/sub-s015_ses-t2w_task-vw_acq-mb4mesl56_run-1_events.tsv;/mnt/ceph/groups_hdd/SCCGroup/neurocognition_lab/ANCLANG/anclang/sub-s015/ses-t2w/func/sub-s015_ses-t2w_task-vw_acq-mb4mesl56_run-2_events.tsv;/mnt/ceph/groups_hdd/SCCGroup/neurocognition_lab/ANCLANG/anclang/sub-s015/ses-dwi/func/sub-s015_ses-dwi_task-vw_acq-mb4mesl56_run-1_events.tsv;/mnt/ceph/groups_hdd/SCCGroup/neurocognition_lab/ANCLANG/anclang/sub-s015/ses-dwi/func/sub-s015_ses-dwi_task-vw_acq-mb4mesl56_run-2_events.tsv;/mnt/ceph/groups_hdd/SCCGroup/neurocognition_lab/ANCLANG/anclang/sub-s015/ses-mov/func/sub-s015_ses-mov_task-vw_acq-mb4mesl56_run-1_events.tsv	/mnt/ceph/groups_hdd/SCCGroup/neurocognition_lab/ANCLANG/data/sub-s015/ses-t2w/sub-s015_ses-t2w_task-vw_acq-mb4mesl56_run-1_desc-confounds_timeseries.tsv;/mnt/ceph/groups_hdd/SCCGroup/neurocognition_lab/ANCLANG/data/sub-s015/ses-t2w/sub-s015_ses-t2w_task-vw_acq-mb4mesl56_run-2_desc-confounds_timeseries.tsv;/mnt/ceph/groups_hdd/SCCGroup/neurocognition_lab/ANCLANG/data/sub-s015/ses-dwi/sub-s015_ses-dwi_task-vw_acq-mb4mesl56_run-1_desc-confounds_timeseries.tsv;/mnt/ceph/groups_hdd/SCCGroup/neurocognition_lab/ANCLANG/data/sub-s015/ses-dwi/sub-s015_ses-dwi_task-vw_acq-mb4mesl56_run-2_desc-confounds_timeseries.tsv;/mnt/ceph/groups_hdd/SCCGroup/neurocognition_lab/ANCLANG/data/sub-s015/ses-mov/sub-s015_ses-mov_task-vw_acq-mb4mesl56_run-1_desc-confounds_timeseries.tsv
sub-s015	6	/mnt/ceph/groups_hdd/SCCGroup/neurocognition_lab/ANCLANG/data/sub-s015/ses-t2w/s_sub-s015_ses-t2w_task-vw_run-1_desc-denoised_space-MNI152NLin6Asym_bold.nii;/mnt/ceph/groups_hdd/SCCGroup/neurocognition_lab/ANCLANG/data/sub-s015/ses-t2w/s_sub-s015_ses-t2w_task-vw_run-2_desc-denoised_space-MNI152NLin6Asym_bold.nii;/mnt/ceph/groups_hdd/SCCGroup/neurocognition_lab/ANCLANG/data/sub-s015/ses-dwi/s_sub-s015_ses-dwi_task-vw_run-1_desc-denoised_space-MNI152NLin6Asym_bold.nii;/mnt/ceph/groups_hdd/SCCGroup/neurocognition_lab/ANCLANG/data/sub-s015/ses-dwi/s_sub-s015_ses-dwi_task-vw_run-2_desc-denoised_space-MNI152NLin6Asym_bold.nii;/mnt/ceph/groups_hdd/SCCGroup/neurocognition_lab/ANCLANG/data/sub-s015/ses-mov/s_sub-s015_ses-mov_task-vw_run-1_desc-denoised_space-MNI152NLin6Asym_bold.nii;/mnt/ceph/groups_hdd/SCCGroup/neurocognition_lab/ANCLANG/data/sub-s015/ses-mov/s_sub-s015_ses-mov_task-vw_run-2_desc-denoised_space-MNI152NLin6Asym_bold.nii	/mnt/ceph/groups_hdd/SCCGroup/neurocognition_lab/ANCLANG/anclang/sub-s015/ses-t2w/func/sub-s015_ses-t2w_task-vw_acq-mb4mesl56_run-1_events.tsv;/mnt/ceph/groups_hdd/SCCGroup/neurocognition_lab/ANCLANG/anclang/sub-s015/ses-t2w/func/sub-s015_ses-t2w_task-vw_acq-mb4mesl56_run-2_events.tsv;/mnt/ceph/groups_hdd/SCCGroup/neurocognition_lab/ANCLANG/anclang/sub-s015/ses-dwi/func/sub-s015_ses-dwi_task-vw_acq-mb4mesl56_run-1_events.tsv;/mnt/ceph/groups_hdd/SCCGroup/neurocognition_lab/ANCLANG/anclang/sub-s015/ses-dwi/func/sub-s015_ses-dwi_task-vw_acq-mb4mesl56_run-2_events.tsv;/mnt/ceph/groups_hdd/SCCGroup/neurocognition_lab/ANCLANG/anclang/sub-s015/ses-mov/func/sub-s015_ses-mov_task-vw_acq-mb4mesl56_run-1_events.tsv;/mnt/ceph/groups_hdd/SCCGroup/neurocognition_lab/ANCLANG/anclang/sub-s015/ses-mov/func/sub-s015_ses-mov_task-vw_acq-mb4mesl56_run-2_events.tsv	/mnt/ceph/groups_hdd/SCCGroup/neurocognition_lab/ANCLANG/data/sub-s015/ses-t2w/sub-s015_ses-t2w_task-vw_acq-mb4mesl56_run-1_desc-confounds_timeseries.tsv;/mnt/ceph/groups_hdd/SCCGroup/neurocognition_lab/ANCLANG/data/sub-s015/ses-t2w/sub-s015_ses-t2w_task-vw_acq-mb4mesl56_run-2_desc-confounds_timeseries.tsv;/mnt/ceph/groups_hdd/SCCGroup/neurocognition_lab/ANCLANG/data/sub-s015/ses-dwi/sub-s015_ses-dwi_task-vw_acq-mb4mesl56_run-1_desc-confounds_timeseries.tsv;/mnt/ceph/groups_hdd/SCCGroup/neurocognition_lab/ANCLANG/data/sub-s015/ses-dwi/sub-s015_ses-dwi_task-vw_acq-mb4mesl56_run-2_desc-confounds_timeseries.tsv;/mnt/ceph/groups_hdd/SCCGroup/neurocognition_lab/ANCLANG/data/sub-s015/ses-mov/sub-s015_ses-mov_task-vw_acq-mb4mesl56_run-1_desc-confounds_timeseries.tsv;/mnt/ceph/groups_hdd/SCCGroup/neurocognition_lab/ANCLANG/data/sub-s015/ses-mov/sub-s015_ses-mov_task-vw_acq-mb4mesl56_run-2_desc-confounds_timeseries.tsv
sub-s015	7	/mnt/ceph/groups_hdd/SCCGroup/neurocognition_lab/ANCLANG/data/sub-s015/ses-t2w/s_sub-s015_ses-t2w_task-vw_run-1_desc-denoised_space-MNI152NLin6Asym_bold.nii;/mnt/ceph/groups_hdd/SCCGroup/neurocognition_lab/ANCLANG/data/sub-s015/ses-t2w/s_sub-s015_ses-t2w_task-vw_run-2_desc-denoised_space-MNI152NLin6Asym_bold.nii;/mnt/ceph/groups_hdd/SCCGroup/neurocognition_lab/ANCLANG/data/sub-s015/ses-dwi/s_sub-s015_ses-dwi_task-vw_run-1_desc-denoised_space-MNI152NLin6Asym_bold.nii;/mnt/ceph/groups_hdd/SCCGroup/neurocognition_lab/ANCLANG/data/sub-s015/ses-dwi/s_sub-s015_ses-dwi_task-vw_run-2_desc-denoised_space-MNI152NLin6Asym_bold.nii;/mnt/ceph/groups_hdd/SCCGroup/neurocognition_lab/ANCLANG/data/sub-s015/ses-mov/s_sub-s015_ses-mov_task-vw_run-1_desc-denoised_space-MNI152NLin6Asym_bold.nii;/mnt/ceph/groups_hdd/SCCGroup/neurocognition_lab/ANCLANG/data/sub-s015/ses-mov/s_sub-s015_ses-mov_task-vw_run-2_desc-denoised_space-MNI152NLin6Asym_bold.nii;/mnt/ceph/groups_hdd/SCCGroup/neurocognition_lab/ANCLANG/data/sub-s015/ses-mpm/s_sub-s015_ses-mpm_task-vw_run-1_desc-denoised_space-MNI152NLin6Asym_bold.nii	/mnt/ceph/groups_hdd/SCCGroup/neurocognition_lab/ANCLANG/anclang/sub-s015/ses-t2w/func/sub-s015_ses-t2w_task-vw_acq-mb4mesl56_run-1_events.tsv;/mnt/ceph/groups_hdd/SCCGroup/neurocognition_lab/ANCLANG/anclang/sub-s015/ses-t2w/func/sub-s015_ses-t2w_task-vw_acq-mb4mesl56_run-2_events.tsv;/mnt/ceph/groups_hdd/SCCGroup/neurocognition_lab/ANCLANG/anclang/sub-s015/ses-dwi/func/sub-s015_ses-dwi_task-vw_acq-mb4mesl56_run-1_events.tsv;/mnt/ceph/groups_hdd/SCCGroup/neurocognition_lab/ANCLANG/anclang/sub-s015/ses-dwi/func/sub-s015_ses-dwi_task-vw_acq-mb4mesl56_run-2_events.tsv;/mnt/ceph/groups_hdd/SCCGroup/neurocognition_lab/ANCLANG/anclang/sub-s015/ses-mov/func/sub-s015_ses-mov_task-vw_acq-mb4mesl56_run-1_events.tsv;/mnt/ceph/groups_hdd/SCCGroup/neurocognition_lab/ANCLANG/anclang/sub-s015/ses-mov/func/sub-s015_ses-mov_task-vw_acq-mb4mesl56_run-2_events.tsv;/mnt/ceph/groups_hdd/SCCGroup/neurocognition_lab/ANCLANG/anclang/sub-s015/ses-mpm/func/sub-s015_ses-mpm_task-vw_acq-mb4mesl56_run-1_events.tsv	/mnt/ceph/groups_hdd/SCCGroup/neurocognition_lab/ANCLANG/data/sub-s015/ses-t2w/sub-s015_ses-t2w_task-vw_acq-mb4mesl56_run-1_desc-confounds_timeseries.tsv;/mnt/ceph/groups_hdd/SCCGroup/neurocognition_lab/ANCLANG/data/sub-s015/ses-t2w/sub-s015_ses-t2w_task-vw_acq-mb4mesl56_run-2_desc-confounds_timeseries.tsv;/mnt/ceph/groups_hdd/SCCGroup/neurocognition_lab/ANCLANG/data/sub-s015/ses-dwi/sub-s015_ses-dwi_task-vw_acq-mb4mesl56_run-1_desc-confounds_timeseries.tsv;/mnt/ceph/groups_hdd/SCCGroup/neurocognition_lab/ANCLANG/data/sub-s015/ses-dwi/sub-s015_ses-dwi_task-vw_acq-mb4mesl56_run-2_desc-confounds_timeseries.tsv;/mnt/ceph/groups_hdd/SCCGroup/neurocognition_lab/ANCLANG/data/sub-s015/ses-mov/sub-s015_ses-mov_task-vw_acq-mb4mesl56_run-1_desc-confounds_timeseries.tsv;/mnt/ceph/groups_hdd/SCCGroup/neurocognition_lab/ANCLANG/data/sub-s015/ses-mov/sub-s015_ses-mov_task-vw_acq-mb4mesl56_run-2_desc-confounds_timeseries.tsv;/mnt/ceph/groups_hdd/SCCGroup/neurocognition_lab/ANCLANG/data/sub-s015/ses-mpm/sub-s015_ses-mpm_task-vw_acq-mb4mesl56_run-1_desc-confounds_timeseries.tsv
sub-s015	8	/mnt/ceph/groups_hdd/SCCGroup/neurocognition_lab/ANCLANG/data/sub-s015/ses-t2w/s_sub-s015_ses-t2w_task-vw_run-1_desc-denoised_space-MNI152NLin6Asym_bold.nii;/mnt/ceph/groups_hdd/SCCGroup/neurocognition_lab/ANCLANG/data/sub-s015/ses-t2w/s_sub-s015_ses-t2w_task-vw_run-2_desc-denoised_space-MNI152NLin6Asym_bold.nii;/mnt/ceph/groups_hdd/SCCGroup/neurocognition_lab/ANCLANG/data/sub-s015/ses-dwi/s_sub-s015_ses-dwi_task-vw_run-1_desc-denoised_space-MNI152NLin6Asym_bold.nii;/mnt/ceph/groups_hdd/SCCGroup/neurocognition_lab/ANCLANG/data/sub-s015/ses-dwi/s_sub-s015_ses-dwi_task-vw_run-2_desc-denoised_space-MNI152NLin6Asym_bold.nii;/mnt/ceph/groups_hdd/SCCGroup/neurocognition_lab/ANCLANG/data/sub-s015/ses-mov/s_sub-s015_ses-mov_task-vw_run-1_desc-denoised_space-MNI152NLin6Asym_bold.nii;/mnt/ceph/groups_hdd/SCCGroup/neurocognition_lab/ANCLANG/data/sub-s015/ses-mov/s_sub-s015_ses-mov_task-vw_run-2_desc-denoised_space-MNI152NLin6Asym_bold.nii;/mnt/ceph/groups_hdd/SCCGroup/neurocognition_lab/ANCLANG/data/sub-s015/ses-mpm/s_sub-s015_ses-mpm_task-vw_run-1_desc-denoised_space-MNI152NLin6Asym_bold.nii;/mnt/ceph/groups_hdd/SCCGroup/neurocognition_lab/ANCLANG/data/sub-s015/ses-mpm/s_sub-s015_ses-mpm_task-vw_run-2_desc-denoised_space-MNI152NLin6Asym_bold.nii	/mnt/ceph/groups_hdd/SCCGroup/neurocognition_lab/ANCLANG/anclang/sub-s015/ses-t2w/func/sub-s015_ses-t2w_task-vw_acq-mb4mesl56_run-1_events.tsv;/mnt/ceph/groups_hdd/SCCGroup/neurocognition_lab/ANCLANG/anclang/sub-s015/ses-t2w/func/sub-s015_ses-t2w_task-vw_acq-mb4mesl56_run-2_events.tsv;/mnt/ceph/groups_hdd/SCCGroup/neurocognition_lab/ANCLANG/anclang/sub-s015/ses-dwi/func/sub-s015_ses-dwi_task-vw_acq-mb4mesl56_run-1_events.tsv;/mnt/ceph/groups_hdd/SCCGroup/neurocognition_lab/ANCLANG/anclang/sub-s015/ses-dwi/func/sub-s015_ses-dwi_task-vw_acq-mb4mesl56_run-2_events.tsv;/mnt/ceph/groups_hdd/SCCGroup/neurocognition_lab/ANCLANG/anclang/sub-s015/ses-mov/func/sub-s015_ses-mov_task-vw_acq-mb4mesl56_run-1_events.tsv;/mnt/ceph/groups_hdd/SCCGroup/neurocognition_lab/ANCLANG/anclang/sub-s015/ses-mov/func/sub-s015_ses-mov_task-vw_acq-mb4mesl56_run-2_events.tsv;/mnt/ceph/groups_hdd/SCCGroup/neurocognition_lab/ANCLANG/anclang/sub-s015/ses-mpm/func/sub-s015_ses-mpm_task-vw_acq-mb4mesl56_run-1_events.tsv;/mnt/ceph/groups_hdd/SCCGroup/neurocognition_lab/ANCLANG/anclang/sub-s015/ses-mpm/func/sub-s015_ses-mpm_task-vw_acq-mb4mesl56_run-2_events.tsv	/mnt/ceph/groups_hdd/SCCGroup/neurocognition_lab/ANCLANG/data/sub-s015/ses-t2w/sub-s015_ses-t2w_task-vw_acq-mb4mesl56_run-1_desc-confounds_timeseries.tsv;/mnt/ceph/groups_hdd/SCCGroup/neurocognition_lab/ANCLANG/data/sub-s015/ses-t2w/sub-s015_ses-t2w_task-vw_acq-mb4mesl56_run-2_desc-confounds_timeseries.tsv;/mnt/ceph/groups_hdd/SCCGroup/neurocognition_lab/ANCLANG/data/sub-s015/ses-dwi/sub-s015_ses-dwi_task-vw_acq-mb4mesl56_run-1_desc-confounds_timeseries.tsv;/mnt/ceph/groups_hdd/SCCGroup/neurocognition_lab/ANCLANG/data/sub-s015/ses-dwi/sub-s015_ses-dwi_task-vw_acq-mb4mesl56_run-2_desc-confounds_timeseries.tsv;/mnt/ceph/groups_hdd/SCCGroup/neurocognition_lab/ANCLANG/data/sub-s015/ses-mov/sub-s015_ses-mov_task-vw_acq-mb4mesl56_run-1_desc-confounds_timeseries.tsv;/mnt/ceph/groups_hdd/SCCGroup/neurocognition_lab/ANCLANG/data/sub-s015/ses-mov/sub-s015_ses-mov_task-vw_acq-mb4mesl56_run-2_desc-confounds_timeseries.tsv;/mnt/ceph/groups_hdd/SCCGroup/neurocognition_lab/ANCLANG/data/sub-s015/ses-mpm/sub-s015_ses-mpm_task-vw_acq-mb4mesl56_run-1_desc-confounds_timeseries.tsv;/mnt/ceph/groups_hdd/SCCGroup/neurocognition_lab/ANCLANG/data/sub-s015/ses-mpm/sub-s015_ses-mpm_task-vw_acq-mb4mesl56_run-2_desc-confounds_timeseries.tsv
sub-s017	1	/mnt/ceph/groups_hdd/SCCGroup/neurocognition_lab/ANCLANG/data/sub-s017/ses-dwi/s_sub-s017_ses-dwi_task-vw_run-1_desc-denoised_space-MNI152NLin6Asym_bold.nii	/mnt/ceph/groups_hdd/SCCGroup/neurocognition_lab/ANCLANG/anclang/sub-s017/ses-dwi/func/sub-s017_ses-dwi_task-vw_acq-mb4mesl56_run-1_events.tsv	/mnt/ceph/groups_hdd/SCCGroup/neurocognition_lab/ANCLANG/data/sub-s017/ses-dwi/sub-s017_ses-dwi_task-vw_acq-mb4mesl56_run-1_desc-confounds_timeseries.tsv
sub-s017	2	/mnt/ceph/groups_hdd/SCCGroup/neurocognition_lab/ANCLANG/data/sub-s017/ses-dwi/s_sub-s017_ses-dwi_task-vw_run-1_desc-denoised_space-MNI152NLin6Asym_bold.nii;/mnt/ceph/groups_hdd/SCCGroup/neurocognition_lab/ANCLANG/data/sub-s017/ses-dwi/s_sub-s017_ses-dwi_task-vw_run-2_desc-denoised_space-MNI152NLin6Asym_bold.nii	/mnt/ceph/groups_hdd/SCCGroup/neurocognition_lab/ANCLANG/anclang/sub-s017/ses-dwi/func/sub-s017_ses-dwi_task-vw_acq-mb4mesl56_run-1_events.tsv;/mnt/ceph/groups_hdd/SCCGroup/neurocognition_lab/ANCLANG/anclang/sub-s017/ses-dwi/func/sub-s017_ses-dwi_task-vw_acq-mb4mesl56_run-2_events.tsv	/mnt/ceph/groups_hdd/SCCGroup/neurocognition_lab/ANCLANG/data/sub-s017/ses-dwi/sub-s017_ses-dwi_task-vw_acq-mb4mesl56_run-1_desc-confounds_timeseries.tsv;/mnt/ceph/groups_hdd/SCCGroup/neurocognition_lab/ANCLANG/data/sub-s017/ses-dwi/sub-s017_ses-dwi_task-vw_acq-mb4mesl56_run-2_desc-confounds_timeseries.tsv
sub-s017	3	/mnt/ceph/groups_hdd/SCCGroup/neurocognition_lab/ANCLANG/data/sub-s017/ses-dwi/s_sub-s017_ses-dwi_task-vw_run-1_desc-denoised_space-MNI152NLin6Asym_bold.nii;/mnt/ceph/groups_hdd/SCCGroup/neurocognition_lab/ANCLANG/data/sub-s017/ses-dwi/s_sub-s017_ses-dwi_task-vw_run-2_desc-denoised_space-MNI152NLin6Asym_bold.nii;/mnt/ceph/groups_hdd/SCCGroup/neurocognition_lab/ANCLANG/data/sub-s017/ses-mpm/s_sub-s017_ses-mpm_task-vw_run-1_desc-denoised_space-MNI152NLin6Asym_bold.nii	/mnt/ceph/groups_hdd/SCCGroup/neurocognition_lab/ANCLANG/anclang/sub-s017/ses-dwi/func/sub-s017_ses-dwi_task-vw_acq-mb4mesl56_run-1_events.tsv;/mnt/ceph/groups_hdd/SCCGroup/neurocognition_lab/ANCLANG/anclang/sub-s017/ses-dwi/func/sub-s017_ses-dwi_task-vw_acq-mb4mesl56_run-2_events.tsv;/mnt/ceph/groups_hdd/SCCGroup/neurocognition_lab/ANCLANG/anclang/sub-s017/ses-mpm/func/sub-s017_ses-mpm_task-vw_acq-mb4mesl56_run-1_events.tsv	/mnt/ceph/groups_hdd/SCCGroup/neurocognition_lab/ANCLANG/data/sub-s017/ses-dwi/sub-s017_ses-dwi_task-vw_acq-mb4mesl56_run-1_desc-confounds_timeseries.tsv;/mnt/ceph/groups_hdd/SCCGroup/neurocognition_lab/ANCLANG/data/sub-s017/ses-dwi/sub-s017_ses-dwi_task-vw_acq-mb4mesl56_run-2_desc-confounds_timeseries.tsv;/mnt/ceph/groups_hdd/SCCGroup/neurocognition_lab/ANCLANG/data/sub-s017/ses-mpm/sub-s017_ses-mpm_task-vw_acq-mb4mesl56_run-1_desc-confounds_timeseries.tsv
sub-s017	4	/mnt/ceph/groups_hdd/SCCGroup/neurocognition_lab/ANCLANG/data/sub-s017/ses-dwi/s_sub-s017_ses-dwi_task-vw_run-1_desc-denoised_space-MNI152NLin6Asym_bold.nii;/mnt/ceph/groups_hdd/SCCGroup/neurocognition_lab/ANCLANG/data/sub-s017/ses-dwi/s_sub-s017_ses-dwi_task-vw_run-2_desc-denoised_space-MNI152NLin6Asym_bold.nii;/mnt/ceph/groups_hdd/SCCGroup/neurocognition_lab/ANCLANG/data/sub-s017/ses-mpm/s_sub-s017_ses-mpm_task-vw_run-1_desc-denoised_space-MNI152NLin6Asym_bold.nii;/mnt/ceph/groups_hdd/SCCGroup/neurocognition_lab/ANCLANG/data/sub-s017/ses-mpm/s_sub-s017_ses-mpm_task-vw_run-2_desc-denoised_space-MNI152NLin6Asym_bold.nii	/mnt/ceph/groups_hdd/SCCGroup/neurocognition_lab/ANCLANG/anclang/sub-s017/ses-dwi/func/sub-s017_ses-dwi_task-vw_acq-mb4mesl56_run-1_events.tsv;/mnt/ceph/groups_hdd/SCCGroup/neurocognition_lab/ANCLANG/anclang/sub-s017/ses-dwi/func/sub-s017_ses-dwi_task-vw_acq-mb4mesl56_run-2_events.tsv;/mnt/ceph/groups_hdd/SCCGroup/neurocognition_lab/ANCLANG/anclang/sub-s017/ses-mpm/func/sub-s017_ses-mpm_task-vw_acq-mb4mesl56_run-1_events.tsv;/mnt/ceph/groups_hdd/SCCGroup/neurocognition_lab/ANCLANG/anclang/sub-s017/ses-mpm/func/sub-s017_ses-mpm_task-vw_acq-mb4mesl56_run-2_events.tsv	/mnt/ceph/groups_hdd/SCCGroup/neurocognition_lab/ANCLANG/data/sub-s017/ses-dwi/sub-s017_ses-dwi_task-vw_acq-mb4mesl56_run-1_desc-confounds_timeseries.tsv;/mnt/ceph/groups_hdd/SCCGroup/neurocognition_lab/ANCLANG/data/sub-s017/ses-dwi/sub-s017_ses-dwi_task-vw_acq-mb4mesl56_run-2_desc-confounds_timeseries.tsv;/mnt/ceph/groups_hdd/SCCGroup/neurocognition_lab/ANCLANG/data/sub-s017/ses-mpm/sub-s017_ses-mpm_task-vw_acq-mb4mesl56_run-1_desc-confounds_timeseries.tsv;/mnt/ceph/groups_hdd/SCCGroup/neurocognition_lab/ANCLANG/data/sub-s017/ses-mpm/sub-s017_ses-mpm_task-vw_acq-mb4mesl56_run-2_desc-confounds_timeseries.tsv
sub-s017	5	/mnt/ceph/groups_hdd/SCCGroup/neurocognition_lab/ANCLANG/data/sub-s017/ses-dwi/s_sub-s017_ses-dwi_task-vw_run-1_desc-denoised_space-MNI152NLin6Asym_bold.nii;/mnt/ceph/groups_hdd/SCCGroup/neurocognition_lab/ANCLANG/data/sub-s017/ses-dwi/s_sub-s017_ses-dwi_task-vw_run-2_desc-denoised_space-MNI152NLin6Asym_bold.nii;/mnt/ceph/groups_hdd/SCCGroup/neurocognition_lab/ANCLANG/data/sub-s017/ses-mpm/s_sub-s017_ses-mpm_task-vw_run-1_desc-denoised_space-MNI152NLin6Asym_bold.nii;/mnt/ceph/groups_hdd/SCCGroup/neurocognition_lab/ANCLANG/data/sub-s017/ses-mpm/s_sub-s017_ses-mpm_task-vw_run-2_desc-denoised_space-MNI152NLin6Asym_bold.nii;/mnt/ceph/groups_hdd/SCCGroup/neurocognition_lab/ANCLANG/data/sub-s017/ses-t2w/s_sub-s017_ses-t2w_task-vw_run-1_desc-denoised_space-MNI152NLin6Asym_bold.nii	/mnt/ceph/groups_hdd/SCCGroup/neurocognition_lab/ANCLANG/anclang/sub-s017/ses-dwi/func/sub-s017_ses-dwi_task-vw_acq-mb4mesl56_run-1_events.tsv;/mnt/ceph/groups_hdd/SCCGroup/neurocognition_lab/ANCLANG/anclang/sub-s017/ses-dwi/func/sub-s017_ses-dwi_task-vw_acq-mb4mesl56_run-2_events.tsv;/mnt/ceph/groups_hdd/SCCGroup/neurocognition_lab/ANCLANG/anclang/sub-s017/ses-mpm/func/sub-s017_ses-mpm_task-vw_acq-mb4mesl56_run-1_events.tsv;/mnt/ceph/groups_hdd/SCCGroup/neurocognition_lab/ANCLANG/anclang/sub-s017/ses-mpm/func/sub-s017_ses-mpm_task-vw_acq-mb4mesl56_run-2_events.tsv;/mnt/ceph/groups_hdd/SCCGroup/neurocognition_lab/ANCLANG/anclang/sub-s017/ses-t2w/func/sub-s017_ses-t2w_task-vw_acq-mb4mesl56_run-1_events.tsv	/mnt/ceph/groups_hdd/SCCGroup/neurocognition_lab/ANCLANG/data/sub-s017/ses-dwi/sub-s017_ses-dwi_task-vw_acq-mb4mesl56_run-1_desc-confounds_timeseries.tsv;/mnt/ceph/groups_hdd/SCCGroup/neurocognition_lab/ANCLANG/data/sub-s017/ses-dwi/sub-s017_ses-dwi_task-vw_acq-mb4mesl56_run-2_desc-confounds_timeseries.tsv;/mnt/ceph/groups_hdd/SCCGroup/neurocognition_lab/ANCLANG/data/sub-s017/ses-mpm/sub-s017_ses-mpm_task-vw_acq-mb4mesl56_run-1_desc-confounds_timeseries.tsv;/mnt/ceph/groups_hdd/SCCGroup/neurocognition_lab/ANCLANG/data/sub-s017/ses-mpm/sub-s017_ses-mpm_task-vw_acq-mb4mesl56_run-2_desc-confounds_timeseries.tsv;/mnt/ceph/groups_hdd/SCCGroup/neurocognition_lab/ANCLANG/data/sub-s017/ses-t2w/sub-s017_ses-t2w_task-vw_acq-mb4mesl56_run-1_desc-confounds_timeseries.tsv
sub-s017	6	/mnt/ceph/groups_hdd/SCCGroup/neurocognition_lab/ANCLANG/data/sub-s017/ses-dwi/s_sub-s017_ses-dwi_task-vw_run-1_desc-denoised_space-MNI152NLin6Asym_bold.nii;/mnt/ceph/groups_hdd/SCCGroup/neurocognition_lab/ANCLANG/data/sub-s017/ses-dwi/s_sub-s017_ses-dwi_task-vw_run-2_desc-denoised_space-MNI152NLin6Asym_bold.nii;/mnt/ceph/groups_hdd/SCCGroup/neurocognition_lab/ANCLANG/data/sub-s017/ses-mpm/s_sub-s017_ses-mpm_task-vw_run-1_desc-denoised_space-MNI152NLin6Asym_bold.nii;/mnt/ceph/groups_hdd/SCCGroup/neurocognition_lab/ANCLANG/data/sub-s017/ses-mpm/s_sub-s017_ses-mpm_task-vw_run-2_desc-denoised_space-MNI152NLin6Asym_bold.nii;/mnt/ceph/groups_hdd/SCCGroup/neurocognition_lab/ANCLANG/data/sub-s017/ses-t2w/s_sub-s017_ses-t2w_task-vw_run-1_desc-denoised_space-MNI152NLin6Asym_bold.nii;/mnt/ceph/groups_hdd/SCCGroup/neurocognition_lab/ANCLANG/data/sub-s017/ses-t2w/s_sub-s017_ses-t2w_task-vw_run-2_desc-denoised_space-MNI152NLin6Asym_bold.nii	/mnt/ceph/groups_hdd/SCCGroup/neurocognition_lab/ANCLANG/anclang/sub-s017/ses-dwi/func/sub-s017_ses-dwi_task-vw_acq-mb4mesl56_run-1_events.tsv;/mnt/ceph/groups_hdd/SCCGroup/neurocognition_lab/ANCLANG/anclang/sub-s017/ses-dwi/func/sub-s017_ses-dwi_task-vw_acq-mb4mesl56_run-2_events.tsv;/mnt/ceph/groups_hdd/SCCGroup/neurocognition_lab/ANCLANG/anclang/sub-s017/ses-mpm/func/sub-s017_ses-mpm_task-vw_acq-mb4mesl56_run-1_events.tsv;/mnt/ceph/groups_hdd/SCCGroup/neurocognition_lab/ANCLANG/anclang/sub-s017/ses-mpm/func/sub-s017_ses-mpm_task-vw_acq-mb4mesl56_run-2_events.tsv;/mnt/ceph/groups_hdd/SCCGroup/neurocognition_lab/ANCLANG/anclang/sub-s017/ses-t2w/func/sub-s017_ses-t2w_task-vw_acq-mb4mesl56_run-1_events.tsv;/mnt/ceph/groups_hdd/SCCGroup/neurocognition_lab/ANCLANG/anclang/sub-s017/ses-t2w/func/sub-s017_ses-t2w_task-vw_acq-mb4mesl56_run-2_events.tsv	/mnt/ceph/groups_hdd/SCCGroup/neurocognition_lab/ANCLANG/data/sub-s017/ses-dwi/sub-s017_ses-dwi_task-vw_acq-mb4mesl56_run-1_desc-confounds_timeseries.tsv;/mnt/ceph/groups_hdd/SCCGroup/neurocognition_lab/ANCLANG/data/sub-s017/ses-dwi/sub-s017_ses-dwi_task-vw_acq-mb4mesl56_run-2_desc-confounds_timeseries.tsv;/mnt/ceph/groups_hdd/SCCGroup/neurocognition_lab/ANCLANG/data/sub-s017/ses-mpm/sub-s017_ses-mpm_task-vw_acq-mb4mesl56_run-1_desc-confounds_timeseries.tsv;/mnt/ceph/groups_hdd/SCCGroup/neurocognition_lab/ANCLANG/data/sub-s017/ses-mpm/sub-s017_ses-mpm_task-vw_acq-mb4mesl56_run-2_desc-confounds_timeseries.tsv;/mnt/ceph/groups_hdd/SCCGroup/neurocognition_lab/ANCLANG/data/sub-s017/ses-t2w/sub-s017_ses-t2w_task-vw_acq-mb4mesl56_run-1_desc-confounds_timeseries.tsv;/mnt/ceph/groups_hdd/SCCGroup/neurocognition_lab/ANCLANG/data/sub-s017/ses-t2w/sub-s017_ses-t2w_task-vw_acq-mb4mesl56_run-2_desc-confounds_timeseries.tsv
sub-s017	7	/mnt/ceph/groups_hdd/SCCGroup/neurocognition_lab/ANCLANG/data/sub-s017/ses-dwi/s_sub-s017_ses-dwi_task-vw_run-1_desc-denoised_space-MNI152NLin6Asym_bold.nii;/mnt/ceph/groups_hdd/SCCGroup/neurocognition_lab/ANCLANG/data/sub-s017/ses-dwi/s_sub-s017_ses-dwi_task-vw_run-2_desc-denoised_space-MNI152NLin6Asym_bold.nii;/mnt/ceph/groups_hdd/SCCGroup/neurocognition_lab/ANCLANG/data/sub-s017/ses-mpm/s_sub-s017_ses-mpm_task-vw_run-1_desc-denoised_space-MNI152NLin6Asym_bold.nii;/mnt/ceph/groups_hdd/SCCGroup/neurocognition_lab/ANCLANG/data/sub-s017/ses-mpm/s_sub-s017_ses-mpm_task-vw_run-2_desc-denoised_space-MNI152NLin6Asym_bold.nii;/mnt/ceph/groups_hdd/SCCGroup/neurocognition_lab/ANCLANG/data/sub-s017/ses-t2w/s_sub-s017_ses-t2w_task-vw_run-1_desc-denoised_space-MNI152NLin6Asym_bold.nii;/mnt/ceph/groups_hdd/SCCGroup/neurocognition_lab/ANCLANG/data/sub-s017/ses-t2w/s_sub-s017_ses-t2w_task-vw_run-2_desc-denoised_space-MNI152NLin6Asym_bold.nii;/mnt/ceph/groups_hdd/SCCGroup/neurocognition_lab/ANCLANG/data/sub-s017/ses-mov/s_sub-s017_ses-mov_task-vw_run-1_desc-denoised_space-MNI152NLin6Asym_bold.nii	/mnt/ceph/groups_hdd/SCCGroup/neurocognition_lab/ANCLANG/anclang/sub-s017/ses-dwi/func/sub-s017_ses-dwi_task-vw_acq-mb4mesl56_run-1_events.tsv;/mnt/ceph/groups_hdd/SCCGroup/neurocognition_lab/ANCLANG/anclang/sub-s017/ses-dwi/func/sub-s017_ses-dwi_task-vw_acq-mb4mesl56_run-2_events.tsv;/mnt/ceph/groups_hdd/SCCGroup/neurocognition_lab/ANCLANG/anclang/sub-s017/ses-mpm/func/sub-s017_ses-mpm_task-vw_acq-mb4mesl56_run-1_events.tsv;/mnt/ceph/groups_hdd/SCCGroup/neurocognition_lab/ANCLANG/anclang/sub-s017/ses-mpm/func/sub-s017_ses-mpm_task-vw_acq-mb4mesl56_run-2_events.tsv;/mnt/ceph/groups_hdd/SCCGroup/neurocognition_lab/ANCLANG/anclang/sub-s017/ses-t2w/func/sub-s017_ses-t2w_task-vw_acq-mb4mesl56_run-1_events.tsv;/mnt/ceph/groups_hdd/SCCGroup/neurocognition_lab/ANCLANG/anclang/sub-s017/ses-t2w/func/sub-s017_ses-t2w_task-vw_acq-mb4mesl56_run-2_events.tsv;/mnt/ceph/groups_hdd/SCCGroup/neurocognition_lab/ANCLANG/anclang/sub-s017/ses-mov/func/sub-s017_ses-mov_task-vw_acq-mb4mesl56_run-1_events.tsv	/mnt/ceph/groups_hdd/SCCGroup/neurocognition_lab/ANCLANG/data/sub-s017/ses-dwi/sub-s017_ses-dwi_task-vw_acq-mb4mesl56_run-1_desc-confounds_timeseries.tsv;/mnt/ceph/groups_hdd/SCCGroup/neurocognition_lab/ANCLANG/data/sub-s017/ses-dwi/sub-s017_ses-dwi_task-vw_acq-mb4mesl56_run-2_desc-confounds_timeseries.tsv;/mnt/ceph/groups_hdd/SCCGroup/neurocognition_lab/ANCLANG/data/sub-s017/ses-mpm/sub-s017_ses-mpm_task-vw_acq-mb4mesl56_run-1_desc-confounds_timeseries.tsv;/mnt/ceph/groups_hdd/SCCGroup/neurocognition_lab/ANCLANG/data/sub-s017/ses-mpm/sub-s017_ses-mpm_task-vw_acq-mb4mesl56_run-2_desc-confounds_timeseries.tsv;/mnt/ceph/groups_hdd/SCCGroup/neurocognition_lab/ANCLANG/data/sub-s017/ses-t2w/sub-s017_ses-t2w_task-vw_acq-mb4mesl56_run-1_desc-confounds_timeseries.tsv;/mnt/ceph/groups_hdd/SCCGroup/neurocognition_lab/ANCLANG/data/sub-s017/ses-t2w/sub-s017_ses-t2w_task-vw_acq-mb4mesl56_run-2_desc-confounds_timeseries.tsv;/mnt/ceph/groups_hdd/SCCGroup/neurocognition_lab/ANCLANG/data/sub-s017/ses-mov/sub-s017_ses-mov_task-vw_acq-mb4mesl56_run-1_desc-confounds_timeseries.tsv
sub-s017	8	/mnt/ceph/groups_hdd/SCCGroup/neurocognition_lab/ANCLANG/data/sub-s017/ses-dwi/s_sub-s017_ses-dwi_task-vw_run-1_desc-denoised_space-MNI152NLin6Asym_bold.nii;/mnt/ceph/groups_hdd/SCCGroup/neurocognition_lab/ANCLANG/data/sub-s017/ses-dwi/s_sub-s017_ses-dwi_task-vw_run-2_desc-denoised_space-MNI152NLin6Asym_bold.nii;/mnt/ceph/groups_hdd/SCCGroup/neurocognition_lab/ANCLANG/data/sub-s017/ses-mpm/s_sub-s017_ses-mpm_task-vw_run-1_desc-denoised_space-MNI152NLin6Asym_bold.nii;/mnt/ceph/groups_hdd/SCCGroup/neurocognition_lab/ANCLANG/data/sub-s017/ses-mpm/s_sub-s017_ses-mpm_task-vw_run-2_desc-denoised_space-MNI152NLin6Asym_bold.nii;/mnt/ceph/groups_hdd/SCCGroup/neurocognition_lab/ANCLANG/data/sub-s017/ses-t2w/s_sub-s017_ses-t2w_task-vw_run-1_desc-denoised_space-MNI152NLin6Asym_bold.nii;/mnt/ceph/groups_hdd/SCCGroup/neurocognition_lab/ANCLANG/data/sub-s017/ses-t2w/s_sub-s017_ses-t2w_task-vw_run-2_desc-denoised_space-MNI152NLin6Asym_bold.nii;/mnt/ceph/groups_hdd/SCCGroup/neurocognition_lab/ANCLANG/data/sub-s017/ses-mov/s_sub-s017_ses-mov_task-vw_run-1_desc-denoised_space-MNI152NLin6Asym_bold.nii;/mnt/ceph/groups_hdd/SCCGroup/neurocognition_lab/ANCLANG/data/sub-s017/ses-mov/s_sub-s017_ses-mov_task-vw_run-2_desc-denoised_space-MNI152NLin6Asym_bold.nii	/mnt/ceph/groups_hdd/SCCGroup/neurocognition_lab/ANCLANG/anclang/sub-s017/ses-dwi/func/sub-s017_ses-dwi_task-vw_acq-mb4mesl56_run-1_events.tsv;/mnt/ceph/groups_hdd/SCCGroup/neurocognition_lab/ANCLANG/anclang/sub-s017/ses-dwi/func/sub-s017_ses-dwi_task-vw_acq-mb4mesl56_run-2_events.tsv;/mnt/ceph/groups_hdd/SCCGroup/neurocognition_lab/ANCLANG/anclang/sub-s017/ses-mpm/func/sub-s017_ses-mpm_task-vw_acq-mb4mesl56_run-1_events.tsv;/mnt/ceph/groups_hdd/SCCGroup/neurocognition_lab/ANCLANG/anclang/sub-s017/ses-mpm/func/sub-s017_ses-mpm_task-vw_acq-mb4mesl56_run-2_events.tsv;/mnt/ceph/groups_hdd/SCCGroup/neurocognition_lab/ANCLANG/anclang/sub-s017/ses-t2w/func/sub-s017_ses-t2w_task-vw_acq-mb4mesl56_run-1_events.tsv;/mnt/ceph/groups_hdd/SCCGroup/neurocognition_lab/ANCLANG/anclang/sub-s017/ses-t2w/func/sub-s017_ses-t2w_task-vw_acq-mb4mesl56_run-2_events.tsv;/mnt/ceph/groups_hdd/SCCGroup/neurocognition_lab/ANCLANG/anclang/sub-s017/ses-mov/func/sub-s017_ses-mov_task-vw_acq-mb4mesl56_run-1_events.tsv;/mnt/ceph/groups_hdd/SCCGroup/neurocognition_lab/ANCLANG/anclang/sub-s017/ses-mov/func/sub-s017_ses-mov_task-vw_acq-mb4mesl56_run-2_events.tsv	/mnt/ceph/groups_hdd/SCCGroup/neurocognition_lab/ANCLANG/data/sub-s017/ses-dwi/sub-s017_ses-dwi_task-vw_acq-mb4mesl56_run-1_desc-confounds_timeseries.tsv;/mnt/ceph/groups_hdd/SCCGroup/neurocognition_lab/ANCLANG/data/sub-s017/ses-dwi/sub-s017_ses-dwi_task-vw_acq-mb4mesl56_run-2_desc-confounds_timeseries.tsv;/mnt/ceph/groups_hdd/SCCGroup/neurocognition_lab/ANCLANG/data/sub-s017/ses-mpm/sub-s017_ses-mpm_task-vw_acq-mb4mesl56_run-1_desc-confounds_timeseries.tsv;/mnt/ceph/groups_hdd/SCCGroup/neurocognition_lab/ANCLANG/data/sub-s017/ses-mpm/sub-s017_ses-mpm_task-vw_acq-mb4mesl56_run-2_desc-confounds_timeseries.tsv;/mnt/ceph/groups_hdd/SCCGroup/neurocognition_lab/ANCLANG/data/sub-s017/ses-t2w/sub-s017_ses-t2w_task-vw_acq-mb4mesl56_run-1_desc-confounds_timeseries.tsv;/mnt/ceph/groups_hdd/SCCGroup/neurocognition_lab/ANCLANG/data/sub-s017/ses-t2w/sub-s017_ses-t2w_task-vw_acq-mb4mesl56_run-2_desc-confounds_timeseries.tsv;/mnt/ceph/groups_hdd/SCCGroup/neurocognition_lab/ANCLANG/data/sub-s017/ses-mov/sub-s017_ses-mov_task-vw_acq-mb4mesl56_run-1_desc-confounds_timeseries.tsv;/mnt/ceph/groups_hdd/SCCGroup/neurocognition_lab/ANCLANG/data/sub-s017/ses-mov/sub-s017_ses-mov_task-vw_acq-mb4mesl56_run-2_desc-confounds_timeseries.tsv
sub-s019	1	/mnt/ceph/groups_hdd/SCCGroup/neurocognition_lab/ANCLANG/data/sub-s019/ses-mov/s_sub-s019_ses-mov_task-vw_run-1_desc-denoised_space-MNI152NLin6Asym_bold.nii	/mnt/ceph/groups_hdd/SCCGroup/neurocognition_lab/ANCLANG/anclang/sub-s019/ses-mov/func/sub-s019_ses-mov_task-vw_acq-mb4mesl56_run-1_events.tsv	/mnt/ceph/groups_hdd/SCCGroup/neurocognition_lab/ANCLANG/data/sub-s019/ses-mov/sub-s019_ses-mov_task-vw_acq-mb4mesl56_run-1_desc-confounds_timeseries.tsv
sub-s019	2	/mnt/ceph/groups_hdd/SCCGroup/neurocognition_lab/ANCLANG/data/sub-s019/ses-mov/s_sub-s019_ses-mov_task-vw_run-1_desc-denoised_space-MNI152NLin6Asym_bold.nii;/mnt/ceph/groups_hdd/SCCGroup/neurocognition_lab/ANCLANG/data/sub-s019/ses-mov/s_sub-s019_ses-mov_task-vw_run-2_desc-denoised_space-MNI152NLin6Asym_bold.nii	/mnt/ceph/groups_hdd/SCCGroup/neurocognition_lab/ANCLANG/anclang/sub-s019/ses-mov/func/sub-s019_ses-mov_task-vw_acq-mb4mesl56_run-1_events.tsv;/mnt/ceph/groups_hdd/SCCGroup/neurocognition_lab/ANCLANG/anclang/sub-s019/ses-mov/func/sub-s019_ses-mov_task-vw_acq-mb4mesl56_run-2_events.tsv	/mnt/ceph/groups_hdd/SCCGroup/neurocognition_lab/ANCLANG/data/sub-s019/ses-mov/sub-s019_ses-mov_task-vw_acq-mb4mesl56_run-1_desc-confounds_timeseries.tsv;/mnt/ceph/groups_hdd/SCCGroup/neurocognition_lab/ANCLANG/data/sub-s019/ses-mov/sub-s019_ses-mov_task-vw_acq-mb4mesl56_run-2_desc-confounds_timeseries.tsv
sub-s019	3	/mnt/ceph/groups_hdd/SCCGroup/neurocognition_lab/ANCLANG/data/sub-s019/ses-mov/s_sub-s019_ses-mov_task-vw_run-1_desc-denoised_space-MNI152NLin6Asym_bold.nii;/mnt/ceph/groups_hdd/SCCGroup/neurocognition_lab/ANCLANG/data/sub-s019/ses-mov/s_sub-s019_ses-mov_task-vw_run-2_desc-denoised_space-MNI152NLin6Asym_bold.nii;/mnt/ceph/groups_hdd/SCCGroup/neurocognition_lab/ANCLANG/data/sub-s019/ses-t2w/s_sub-s019_ses-t2w_task-vw_run-1_desc-denoised_space-MNI152NLin6Asym_bold.nii	/mnt/ceph/groups_hdd/SCCGroup/neurocognition_lab/ANCLANG/anclang/sub-s019/ses-mov/func/sub-s019_ses-mov_task-vw_acq-mb4mesl56_run-1_events.tsv;/mnt/ceph/groups_hdd/SCCGroup/neurocognition_lab/ANCLANG/anclang/sub-s019/ses-mov/func/sub-s019_ses-mov_task-vw_acq-mb4mesl56_run-2_events.tsv;/mnt/ceph/groups_hdd/SCCGroup/neurocognition_lab/ANCLANG/anclang/sub-s019/ses-t2w/func/sub-s019_ses-t2w_task-vw_acq-mb4mesl56_run-1_events.tsv	/mnt/ceph/groups_hdd/SCCGroup/neurocognition_lab/ANCLANG/data/sub-s019/ses-mov/sub-s019_ses-mov_task-vw_acq-mb4mesl56_run-1_desc-confounds_timeseries.tsv;/mnt/ceph/groups_hdd/SCCGroup/neurocognition_lab/ANCLANG/data/sub-s019/ses-mov/sub-s019_ses-mov_task-vw_acq-mb4mesl56_run-2_desc-confounds_timeseries.tsv;/mnt/ceph/groups_hdd/SCCGroup/neurocognition_lab/ANCLANG/data/sub-s019/ses-t2w/sub-s019_ses-t2w_task-vw_acq-mb4mesl56_run-1_desc-confounds_timeseries.tsv
sub-s019	4	/mnt/ceph/groups_hdd/SCCGroup/neurocognition_lab/ANCLANG/data/sub-s019/ses-mov/s_sub-s019_ses-mov_task-vw_run-1_desc-denoised_space-MNI152NLin6Asym_bold.nii;/mnt/ceph/groups_hdd/SCCGroup/neurocognition_lab/ANCLANG/data/sub-s019/ses-mov/s_sub-s019_ses-mov_task-vw_run-2_desc-denoised_space-MNI152NLin6Asym_bold.nii;/mnt/ceph/groups_hdd/SCCGroup/neurocognition_lab/ANCLANG/data/sub-s019/ses-t2w/s_sub-s019_ses-t2w_task-vw_run-1_desc-denoised_space-MNI152NLin6Asym_bold.nii;/mnt/ceph/groups_hdd/SCCGroup/neurocognition_lab/ANCLANG/data/sub-s019/ses-t2w/s_sub-s019_ses-t2w_task-vw_run-2_desc-denoised_space-MNI152NLin6Asym_bold.nii	/mnt/ceph/groups_hdd/SCCGroup/neurocognition_lab/ANCLANG/anclang/sub-s019/ses-mov/func/sub-s019_ses-mov_task-vw_acq-mb4mesl56_run-1_events.tsv;/mnt/ceph/groups_hdd/SCCGroup/neurocognition_lab/ANCLANG/anclang/sub-s019/ses-mov/func/sub-s019_ses-mov_task-vw_acq-mb4mesl56_run-2_events.tsv;/mnt/ceph/groups_hdd/SCCGroup/neurocognition_lab/ANCLANG/anclang/sub-s019/ses-t2w/func/sub-s019_ses-t2w_task-vw_acq-mb4mesl56_run-1_events.tsv;/mnt/ceph/groups_hdd/SCCGroup/neurocognition_lab/ANCLANG/anclang/sub-s019/ses-t2w/func/sub-s019_ses-t2w_task-vw_acq-mb4mesl56_run-2_events.tsv	/mnt/ceph/groups_hdd/SCCGroup/neurocognition_lab/ANCLANG/data/sub-s019/ses-mov/sub-s019_ses-mov_task-vw_acq-mb4mesl56_run-1_desc-confounds_timeseries.tsv;/mnt/ceph/groups_hdd/SCCGroup/neurocognition_lab/ANCLANG/data/sub-s019/ses-mov/sub-s019_ses-mov_task-vw_acq-mb4mesl56_run-2_desc-confounds_timeseries.tsv;/mnt/ceph/groups_hdd/SCCGroup/neurocognition_lab/ANCLANG/data/sub-s019/ses-t2w/sub-s019_ses-t2w_task-vw_acq-mb4mesl56_run-1_desc-confounds_timeseries.tsv;/mnt/ceph/groups_hdd/SCCGroup/neurocognition_lab/ANCLANG/data/sub-s019/ses-t2w/sub-s019_ses-t2w_task-vw_acq-mb4mesl56_run-2_desc-confounds_timeseries.tsv
sub-s019	5	/mnt/ceph/groups_hdd/SCCGroup/neurocognition_lab/ANCLANG/data/sub-s019/ses-mov/s_sub-s019_ses-mov_task-vw_run-1_desc-denoised_space-MNI152NLin6Asym_bold.nii;/mnt/ceph/groups_hdd/SCCGroup/neurocognition_lab/ANCLANG/data/sub-s019/ses-mov/s_sub-s019_ses-mov_task-vw_run-2_desc-denoised_space-MNI152NLin6Asym_bold.nii;/mnt/ceph/groups_hdd/SCCGroup/neurocognition_lab/ANCLANG/data/sub-s019/ses-t2w/s_sub-s019_ses-t2w_task-vw_run-1_desc-denoised_space-MNI152NLin6Asym_bold.nii;/mnt/ceph/groups_hdd/SCCGroup/neurocognition_lab/ANCLANG/data/sub-s019/ses-t2w/s_sub-s019_ses-t2w_task-vw_run-2_desc-denoised_space-MNI152NLin6Asym_bold.nii;/mnt/ceph/groups_hdd/SCCGroup/neurocognition_lab/ANCLANG/data/sub-s019/ses-mpm/s_sub-s019_ses-mpm_task-vw_run-1_desc-denoised_space-MNI152NLin6Asym_bold.nii	/mnt/ceph/groups_hdd/SCCGroup/neurocognition_lab/ANCLANG/anclang/sub-s019/ses-mov/func/sub-s019_ses-mov_task-vw_acq-mb4mesl56_run-1_events.tsv;/mnt/ceph/groups_hdd/SCCGroup/neurocognition_lab/ANCLANG/anclang/sub-s019/ses-mov/func/sub-s019_ses-mov_task-vw_acq-mb4mesl56_run-2_events.tsv;/mnt/ceph/groups_hdd/SCCGroup/neurocognition_lab/ANCLANG/anclang/sub-s019/ses-t2w/func/sub-s019_ses-t2w_task-vw_acq-mb4mesl56_run-1_events.tsv;/mnt/ceph/groups_hdd/SCCGroup/neurocognition_lab/ANCLANG/anclang/sub-s019/ses-t2w/func/sub-s019_ses-t2w_task-vw_acq-mb4mesl56_run-2_events.tsv;/mnt/ceph/groups_hdd/SCCGroup/neurocognition_lab/ANCLANG/anclang/sub-s019/ses-mpm/func/sub-s019_ses-mpm_task-vw_acq-mb4mesl56_run-1_events.tsv	/mnt/ceph/groups_hdd/SCCGroup/neurocognition_lab/ANCLANG/data/sub-s019/ses-mov/sub-s019_ses-mov_task-vw_acq-mb4mesl56_run-1_desc-confounds_timeseries.tsv;/mnt/ceph/groups_hdd/SCCGroup/neurocognition_lab/ANCLANG/data/sub-s019/ses-mov/sub-s019_ses-mov_task-vw_acq-mb4mesl56_run-2_desc-confounds_timeseries.tsv;/mnt/ceph/groups_hdd/SCCGroup/neurocognition_lab/ANCLANG/data/sub-s019/ses-t2w/sub-s019_ses-t2w_task-vw_acq-mb4mesl56_run-1_desc-confounds_timeseries.tsv;/mnt/ceph/groups_hdd/SCCGroup/neurocognition_lab/ANCLANG/data/sub-s019/ses-t2w/sub-s019_ses-t2w_task-vw_acq-mb4mesl56_run-2_desc-confounds_timeseries.tsv;/mnt/ceph/groups_hdd/SCCGroup/neurocognition_lab/ANCLANG/data/sub-s019/ses-mpm/sub-s019_ses-mpm_task-vw_acq-mb4mesl56_run-1_desc-confounds_timeseries.tsv
sub-s019	6	/mnt/ceph/groups_hdd/SCCGroup/neurocognition_lab/ANCLANG/data/sub-s019/ses-mov/s_sub-s019_ses-mov_task-vw_run-1_desc-denoised_space-MNI152NLin6Asym_bold.nii;/mnt/ceph/groups_hdd/SCCGroup/neurocognition_lab/ANCLANG/data/sub-s019/ses-mov/s_sub-s019_ses-mov_task-vw_run-2_desc-denoised_space-MNI152NLin6Asym_bold.nii;/mnt/ceph/groups_hdd/SCCGroup/neurocognition_lab/ANCLANG/data/sub-s019/ses-t2w/s_sub-s019_ses-t2w_task-vw_run-1_desc-denoised_space-MNI152NLin6Asym_bold.nii;/mnt/ceph/groups_hdd/SCCGroup/neurocognition_lab/ANCLANG/data/sub-s019/ses-t2w/s_sub-s019_ses-t2w_task-vw_run-2_desc-denoised_space-MNI152NLin6Asym_bold.nii;/mnt/ceph/groups_hdd/SCCGroup/neurocognition_lab/ANCLANG/data/sub-s019/ses-mpm/s_sub-s019_ses-mpm_task-vw_run-1_desc-denoised_space-MNI152NLin6Asym_bold.nii;/mnt/ceph/groups_hdd/SCCGroup/neurocognition_lab/ANCLANG/data/sub-s019/ses-mpm/s_sub-s019_ses-mpm_task-vw_run-2_desc-denoised_space-MNI152NLin6Asym_bold.nii	/mnt/ceph/groups_hdd/SCCGroup/neurocognition_lab/ANCLANG/anclang/sub-s019/ses-mov/func/sub-s019_ses-mov_task-vw_acq-mb4mesl56_run-1_events.tsv;/mnt/ceph/groups_hdd/SCCGroup/neurocognition_lab/ANCLANG/anclang/sub-s019/ses-mov/func/sub-s019_ses-mov_task-vw_acq-mb4mesl56_run-2_events.tsv;/mnt/ceph/groups_hdd/SCCGroup/neurocognition_lab/ANCLANG/anclang/sub-s019/ses-t2w/func/sub-s019_ses-t2w_task-vw_acq-mb4mesl56_run-1_events.tsv;/mnt/ceph/groups_hdd/SCCGroup/neurocognition_lab/ANCLANG/anclang/sub-s019/ses-t2w/func/sub-s019_ses-t2w_task-vw_acq-mb4mesl56_run-2_events.tsv;/mnt/ceph/groups_hdd/SCCGroup/neurocognition_lab/ANCLANG/anclang/sub-s019/ses-mpm/func/sub-s019_ses-mpm_task-vw_acq-mb4mesl56_run-1_events.tsv;/mnt/ceph/groups_hdd/SCCGroup/neurocognition_lab/ANCLANG/anclang/sub-s019/ses-mpm/func/sub-s019_ses-mpm_task-vw_acq-mb4mesl56_run-2_events.tsv	/mnt/ceph/groups_hdd/SCCGroup/neurocognition_lab/ANCLANG/data/sub-s019/ses-mov/sub-s019_ses-mov_task-vw_acq-mb4mesl56_run-1_desc-confounds_timeseries.tsv;/mnt/ceph/groups_hdd/SCCGroup/neurocognition_lab/ANCLANG/data/sub-s019/ses-mov/sub-s019_ses-mov_task-vw_acq-mb4mesl56_run-2_desc-confounds_timeseries.tsv;/mnt/ceph/groups_hdd/SCCGroup/neurocognition_lab/ANCLANG/data/sub-s019/ses-t2w/sub-s019_ses-t2w_task-vw_acq-mb4mesl56_run-1_desc-confounds_timeseries.tsv;/mnt/ceph/groups_hdd/SCCGroup/neurocognition_lab/ANCLANG/data/sub-s019/ses-t2w/sub-s019_ses-t2w_task-vw_acq-mb4mesl56_run-2_desc-confounds_timeseries.tsv;/mnt/ceph/groups_hdd/SCCGroup/neurocognition_lab/ANCLANG/data/sub-s019/ses-mpm/sub-s019_ses-mpm_task-vw_acq-mb4mesl56_run-1_desc-confounds_timeseries.tsv;/mnt/ceph/groups_hdd/SCCGroup/neurocognition_lab/ANCLANG/data/sub-s019/ses-mpm/sub-s019_ses-mpm_task-vw_acq-mb4mesl56_run-2_desc-confounds_timeseries.tsv
sub-s019	7	/mnt/ceph/groups_hdd/SCCGroup/neurocognition_lab/ANCLANG/data/sub-s019/ses-mov/s_sub-s019_ses-mov_task-vw_run-1_desc-denoised_space-MNI152NLin6Asym_bold.nii;/mnt/ceph/groups_hdd/SCCGroup/neurocognition_lab/ANCLANG/data/sub-s019/ses-mov/s_sub-s019_ses-mov_task-vw_run-2_desc-denoised_space-MNI152NLin6Asym_bold.nii;/mnt/ceph/groups_hdd/SCCGroup/neurocognition_lab/ANCLANG/data/sub-s019/ses-t2w/s_sub-s019_ses-t2w_task-vw_run-1_desc-denoised_space-MNI152NLin6Asym_bold.nii;/mnt/ceph/groups_hdd/SCCGroup/neurocognition_lab/ANCLANG/data/sub-s019/ses-t2w/s_sub-s019_ses-t2w_task-vw_run-2_desc-denoised_space-MNI152NLin6Asym_bold.nii;/mnt/ceph/groups_hdd/SCCGroup/neurocognition_lab/ANCLANG/data/sub-s019/ses-mpm/s_sub-s019_ses-mpm_task-vw_run-1_desc-denoised_space-MNI152NLin6Asym_bold.nii;/mnt/ceph/groups_hdd/SCCGroup/neurocognition_lab/ANCLANG/data/sub-s019/ses-mpm/s_sub-s019_ses-mpm_task-vw_run-2_desc-denoised_space-MNI152NLin6Asym_bold.nii;/mnt/ceph/groups_hdd/SCCGroup/neurocognition_lab/ANCLANG/data/sub-s019/ses-dwi/s_sub-s019_ses-dwi_task-vw_run-1_desc-denoised_space-MNI152NLin6Asym_bold.nii	/mnt/ceph/groups_hdd/SCCGroup/neurocognition_lab/ANCLANG/anclang/sub-s019/ses-mov/func/sub-s019_ses-mov_task-vw_acq-mb4mesl56_run-1_events.tsv;/mnt/ceph/groups_hdd/SCCGroup/neurocognition_lab/ANCLANG/anclang/sub-s019/ses-mov/func/sub-s019_ses-mov_task-vw_acq-mb4mesl56_run-2_events.tsv;/mnt/ceph/groups_hdd/SCCGroup/neurocognition_lab/ANCLANG/anclang/sub-s019/ses-t2w/func/sub-s019_ses-t2w_task-vw_acq-mb4mesl56_run-1_events.tsv;/mnt/ceph/groups_hdd/SCCGroup/neurocognition_lab/ANCLANG/anclang/sub-s019/ses-t2w/func/sub-s019_ses-t2w_task-vw_acq-mb4mesl56_run-2_events.tsv;/mnt/ceph/groups_hdd/SCCGroup/neurocognition_lab/ANCLANG/anclang/sub-s019/ses-mpm/func/sub-s019_ses-mpm_task-vw_acq-mb4mesl56_run-1_events.tsv;/mnt/ceph/groups_hdd/SCCGroup/neurocognition_lab/ANCLANG/anclang/sub-s019/ses-mpm/func/sub-s019_ses-mpm_task-vw_acq-mb4mesl56_run-2_events.tsv;/mnt/ceph/groups_hdd/SCCGroup/neurocognition_lab/ANCLANG/anclang/sub-s019/ses-dwi/func/sub-s019_ses-dwi_task-vw_acq-mb4mesl56_run-1_events.tsv	/mnt/ceph/groups_hdd/SCCGroup/neurocognition_lab/ANCLANG/data/sub-s019/ses-mov/sub-s019_ses-mov_task-vw_acq-mb4mesl56_run-1_desc-confounds_timeseries.tsv;/mnt/ceph/groups_hdd/SCCGroup/neurocognition_lab/ANCLANG/data/sub-s019/ses-mov/sub-s019_ses-mov_task-vw_acq-mb4mesl56_run-2_desc-confounds_timeseries.tsv;/mnt/ceph/groups_hdd/SCCGroup/neurocognition_lab/ANCLANG/data/sub-s019/ses-t2w/sub-s019_ses-t2w_task-vw_acq-mb4mesl56_run-1_desc-confounds_timeseries.tsv;/mnt/ceph/groups_hdd/SCCGroup/neurocognition_lab/ANCLANG/data/sub-s019/ses-t2w/sub-s019_ses-t2w_task-vw_acq-mb4mesl56_run-2_desc-confounds_timeseries.tsv;/mnt/ceph/groups_hdd/SCCGroup/neurocognition_lab/ANCLANG/data/sub-s019/ses-mpm/sub-s019_ses-mpm_task-vw_acq-mb4mesl56_run-1_desc-confounds_timeseries.tsv;/mnt/ceph/groups_hdd/SCCGroup/neurocognition_lab/ANCLANG/data/sub-s019/ses-mpm/sub-s019_ses-mpm_task-vw_acq-mb4mesl56_run-2_desc-confounds_timeseries.tsv;/mnt/ceph/groups_hdd/SCCGroup/neurocognition_lab/ANCLANG/data/sub-s019/ses-dwi/sub-s019_ses-dwi_task-vw_acq-mb4mesl56_run-1_desc-confounds_timeseries.tsv
sub-s019	8	/mnt/ceph/groups_hdd/SCCGroup/neurocognition_lab/ANCLANG/data/sub-s019/ses-mov/s_sub-s019_ses-mov_task-vw_run-1_desc-denoised_space-MNI152NLin6Asym_bold.nii;/mnt/ceph/groups_hdd/SCCGroup/neurocognition_lab/ANCLANG/data/sub-s019/ses-mov/s_sub-s019_ses-mov_task-vw_run-2_desc-denoised_space-MNI152NLin6Asym_bold.nii;/mnt/ceph/groups_hdd/SCCGroup/neurocognition_lab/ANCLANG/data/sub-s019/ses-t2w/s_sub-s019_ses-t2w_task-vw_run-1_desc-denoised_space-MNI152NLin6Asym_bold.nii;/mnt/ceph/groups_hdd/SCCGroup/neurocognition_lab/ANCLANG/data/sub-s019/ses-t2w/s_sub-s019_ses-t2w_task-vw_run-2_desc-denoised_space-MNI152NLin6Asym_bold.nii;/mnt/ceph/groups_hdd/SCCGroup/neurocognition_lab/ANCLANG/data/sub-s019/ses-mpm/s_sub-s019_ses-mpm_task-vw_run-1_desc-denoised_space-MNI152NLin6Asym_bold.nii;/mnt/ceph/groups_hdd/SCCGroup/neurocognition_lab/ANCLANG/data/sub-s019/ses-mpm/s_sub-s019_ses-mpm_task-vw_run-2_desc-denoised_space-MNI152NLin6Asym_bold.nii;/mnt/ceph/groups_hdd/SCCGroup/neurocognition_lab/ANCLANG/data/sub-s019/ses-dwi/s_sub-s019_ses-dwi_task-vw_run-1_desc-denoised_space-MNI152NLin6Asym_bold.nii;/mnt/ceph/groups_hdd/SCCGroup/neurocognition_lab/ANCLANG/data/sub-s019/ses-dwi/s_sub-s019_ses-dwi_task-vw_run-2_desc-denoised_space-MNI152NLin6Asym_bold.nii	/mnt/ceph/groups_hdd/SCCGroup/neurocognition_lab/ANCLANG/anclang/sub-s019/ses-mov/func/sub-s019_ses-mov_task-vw_acq-mb4mesl56_run-1_events.tsv;/mnt/ceph/groups_hdd/SCCGroup/neurocognition_lab/ANCLANG/anclang/sub-s019/ses-mov/func/sub-s019_ses-mov_task-vw_acq-mb4mesl56_run-2_events.tsv;/mnt/ceph/groups_hdd/SCCGroup/neurocognition_lab/ANCLANG/anclang/sub-s019/ses-t2w/func/sub-s019_ses-t2w_task-vw_acq-mb4mesl56_run-1_events.tsv;/mnt/ceph/groups_hdd/SCCGroup/neurocognition_lab/ANCLANG/anclang/sub-s019/ses-t2w/func/sub-s019_ses-t2w_task-vw_acq-mb4mesl56_run-2_events.tsv;/mnt/ceph/groups_hdd/SCCGroup/neurocognition_lab/ANCLANG/anclang/sub-s019/ses-mpm/func/sub-s019_ses-mpm_task-vw_acq-mb4mesl56_run-1_events.tsv;/mnt/ceph/groups_hdd/SCCGroup/neurocognition_lab/ANCLANG/anclang/sub-s019/ses-mpm/func/sub-s019_ses-mpm_task-vw_acq-mb4mesl56_run-2_events.tsv;/mnt/ceph/groups_hdd/SCCGroup/neurocognition_lab/ANCLANG/anclang/sub-s019/ses-dwi/func/sub-s019_ses-dwi_task-vw_acq-mb4mesl56_run-1_events.tsv;/mnt/ceph/groups_hdd/SCCGroup/neurocognition_lab/ANCLANG/anclang/sub-s019/ses-dwi/func/sub-s019_ses-dwi_task-vw_acq-mb4mesl56_run-2_events.tsv	/mnt/ceph/groups_hdd/SCCGroup/neurocognition_lab/ANCLANG/data/sub-s019/ses-mov/sub-s019_ses-mov_task-vw_acq-mb4mesl56_run-1_desc-confounds_timeseries.tsv;/mnt/ceph/groups_hdd/SCCGroup/neurocognition_lab/ANCLANG/data/sub-s019/ses-mov/sub-s019_ses-mov_task-vw_acq-mb4mesl56_run-2_desc-confounds_timeseries.tsv;/mnt/ceph/groups_hdd/SCCGroup/neurocognition_lab/ANCLANG/data/sub-s019/ses-t2w/sub-s019_ses-t2w_task-vw_acq-mb4mesl56_run-1_desc-confounds_timeseries.tsv;/mnt/ceph/groups_hdd/SCCGroup/neurocognition_lab/ANCLANG/data/sub-s019/ses-t2w/sub-s019_ses-t2w_task-vw_acq-mb4mesl56_run-2_desc-confounds_timeseries.tsv;/mnt/ceph/groups_hdd/SCCGroup/neurocognition_lab/ANCLANG/data/sub-s019/ses-mpm/sub-s019_ses-mpm_task-vw_acq-mb4mesl56_run-1_desc-confounds_timeseries.tsv;/mnt/ceph/groups_hdd/SCCGroup/neurocognition_lab/ANCLANG/data/sub-s019/ses-mpm/sub-s019_ses-mpm_task-vw_acq-mb4mesl56_run-2_desc-confounds_timeseries.tsv;/mnt/ceph/groups_hdd/SCCGroup/neurocognition_lab/ANCLANG/data/sub-s019/ses-dwi/sub-s019_ses-dwi_task-vw_acq-mb4mesl56_run-1_desc-confounds_timeseries.tsv;/mnt/ceph/groups_hdd/SCCGroup/neurocognition_lab/ANCLANG/data/sub-s019/ses-dwi/sub-s019_ses-dwi_task-vw_acq-mb4mesl56_run-2_desc-confounds_timeseries.tsv
sub-s020	1	/mnt/ceph/groups_hdd/SCCGroup/neurocognition_lab/ANCLANG/data/sub-s020/ses-mov/s_sub-s020_ses-mov_task-vw_run-1_desc-denoised_space-MNI152NLin6Asym_bold.nii	/mnt/ceph/groups_hdd/SCCGroup/neurocognition_lab/ANCLANG/anclang/sub-s020/ses-mov/func/sub-s020_ses-mov_task-vw_acq-mb4mesl56_run-1_events.tsv	/mnt/ceph/groups_hdd/SCCGroup/neurocognition_lab/ANCLANG/data/sub-s020/ses-mov/sub-s020_ses-mov_task-vw_acq-mb4mesl56_run-1_desc-confounds_timeseries.tsv
sub-s020	2	/mnt/ceph/groups_hdd/SCCGroup/neurocognition_lab/ANCLANG/data/sub-s020/ses-mov/s_sub-s020_ses-mov_task-vw_run-1_desc-denoised_space-MNI152NLin6Asym_bold.nii;/mnt/ceph/groups_hdd/SCCGroup/neurocognition_lab/ANCLANG/data/sub-s020/ses-mov/s_sub-s020_ses-mov_task-vw_run-2_desc-denoised_space-MNI152NLin6Asym_bold.nii	/mnt/ceph/groups_hdd/SCCGroup/neurocognition_lab/ANCLANG/anclang/sub-s020/ses-mov/func/sub-s020_ses-mov_task-vw_acq-mb4mesl56_run-1_events.tsv;/mnt/ceph/groups_hdd/SCCGroup/neurocognition_lab/ANCLANG/anclang/sub-s020/ses-mov/func/sub-s020_ses-mov_task-vw_acq-mb4mesl56_run-2_events.tsv	/mnt/ceph/groups_hdd/SCCGroup/neurocognition_lab/ANCLANG/data/sub-s020/ses-mov/sub-s020_ses-mov_task-vw_acq-mb4mesl56_run-1_desc-confounds_timeseries.tsv;/mnt/ceph/groups_hdd/SCCGroup/neurocognition_lab/ANCLANG/data/sub-s020/ses-mov/sub-s020_ses-mov_task-vw_acq-mb4mesl56_run-2_desc-confounds_timeseries.tsv
sub-s020	3	/mnt/ceph/groups_hdd/SCCGroup/neurocognition_lab/ANCLANG/data/sub-s020/ses-mov/s_sub-s020_ses-mov_task-vw_run-1_desc-denoised_space-MNI152NLin6Asym_bold.nii;/mnt/ceph/groups_hdd/SCCGroup/neurocognition_lab/ANCLANG/data/sub-s020/ses-mov/s_sub-s020_ses-mov_task-vw_run-2_desc-denoised_space-MNI152NLin6Asym_bold.nii;/mnt/ceph/groups_hdd/SCCGroup/neurocognition_lab/ANCLANG/data/sub-s020/ses-t2w/s_sub-s020_ses-t2w_task-vw_run-1_desc-denoised_space-MNI152NLin6Asym_bold.nii	/mnt/ceph/groups_hdd/SCCGroup/neurocognition_lab/ANCLANG/anclang/sub-s020/ses-mov/func/sub-s020_ses-mov_task-vw_acq-mb4mesl56_run-1_events.tsv;/mnt/ceph/groups_hdd/SCCGroup/neurocognition_lab/ANCLANG/anclang/sub-s020/ses-mov/func/sub-s020_ses-mov_task-vw_acq-mb4mesl56_run-2_events.tsv;/mnt/ceph/groups_hdd/SCCGroup/neurocognition_lab/ANCLANG/anclang/sub-s020/ses-t2w/func/sub-s020_ses-t2w_task-vw_acq-mb4mesl56_run-1_events.tsv	/mnt/ceph/groups_hdd/SCCGroup/neurocognition_lab/ANCLANG/data/sub-s020/ses-mov/sub-s020_ses-mov_task-vw_acq-mb4mesl56_run-1_desc-confounds_timeseries.tsv;/mnt/ceph/groups_hdd/SCCGroup/neurocognition_lab/ANCLANG/data/sub-s020/ses-mov/sub-s020_ses-mov_task-vw_acq-mb4mesl56_run-2_desc-confounds_timeseries.tsv;/mnt/ceph/groups_hdd/SCCGroup/neurocognition_lab/ANCLANG/data/sub-s020/ses-t2w/sub-s020_ses-t2w_task-vw_acq-mb4mesl56_run-1_desc-confounds_timeseries.tsv
sub-s020	4	/mnt/ceph/groups_hdd/SCCGroup/neurocognition_lab/ANCLANG/data/sub-s020/ses-mov/s_sub-s020_ses-mov_task-vw_run-1_desc-denoised_space-MNI152NLin6Asym_bold.nii;/mnt/ceph/groups_hdd/SCCGroup/neurocognition_lab/ANCLANG/data/sub-s020/ses-mov/s_sub-s020_ses-mov_task-vw_run-2_desc-denoised_space-MNI152NLin6Asym_bold.nii;/mnt/ceph/groups_hdd/SCCGroup/neurocognition_lab/ANCLANG/data/sub-s020/ses-t2w/s_sub-s020_ses-t2w_task-vw_run-1_desc-denoised_space-MNI152NLin6Asym_bold.nii;/mnt/ceph/groups_hdd/SCCGroup/neurocognition_lab/ANCLANG/data/sub-s020/ses-t2w/s_sub-s020_ses-t2w_task-vw_run-2_desc-denoised_space-MNI152NLin6Asym_bold.nii	/mnt/ceph/groups_hdd/SCCGroup/neurocognition_lab/ANCLANG/anclang/sub-s020/ses-mov/func/sub-s020_ses-mov_task-vw_acq-mb4mesl56_run-1_events.tsv;/mnt/ceph/groups_hdd/SCCGroup/neurocognition_lab/ANCLANG/anclang/sub-s020/ses-mov/func/sub-s020_ses-mov_task-vw_acq-mb4mesl56_run-2_events.tsv;/mnt/ceph/groups_hdd/SCCGroup/neurocognition_lab/ANCLANG/anclang/sub-s020/ses-t2w/func/sub-s020_ses-t2w_task-vw_acq-mb4mesl56_run-1_events.tsv;/mnt/ceph/groups_hdd/SCCGroup/neurocognition_lab/ANCLANG/anclang/sub-s020/ses-t2w/func/sub-s020_ses-t2w_task-vw_acq-mb4mesl56_run-2_events.tsv	/mnt/ceph/groups_hdd/SCCGroup/neurocognition_lab/ANCLANG/data/sub-s020/ses-mov/sub-s020_ses-mov_task-vw_acq-mb4mesl56_run-1_desc-confounds_timeseries.tsv;/mnt/ceph/groups_hdd/SCCGroup/neurocognition_lab/ANCLANG/data/sub-s020/ses-mov/sub-s020_ses-mov_task-vw_acq-mb4mesl56_run-2_desc-confounds_timeseries.tsv;/mnt/ceph/groups_hdd/SCCGroup/neurocognition_lab/ANCLANG/data/sub-s020/ses-t2w/sub-s020_ses-t2w_task-vw_acq-mb4mesl56_run-1_desc-confounds_timeseries.tsv;/mnt/ceph/groups_hdd/SCCGroup/neurocognition_lab/ANCLANG/data/sub-s020/ses-t2w/sub-s020_ses-t2w_task-vw_acq-mb4mesl56_run-2_desc-confounds_timeseries.tsv
sub-s020	5	/mnt/ceph/groups_hdd/SCCGroup/neurocognition_lab/ANCLANG/data/sub-s020/ses-mov/s_sub-s020_ses-mov_task-vw_run-1_desc-denoised_space-MNI152NLin6Asym_bold.nii;/mnt/ceph/groups_hdd/SCCGroup/neurocognition_lab/ANCLANG/data/sub-s020/ses-mov/s_sub-s020_ses-mov_task-vw_run-2_desc-denoised_space-MNI152NLin6Asym_bold.nii;/mnt/ceph/groups_hdd/SCCGroup/neurocognition_lab/ANCLANG/data/sub-s020/ses-t2w/s_sub-s020_ses-t2w_task-vw_run-1_desc-denoised_space-MNI152NLin6Asym_bold.nii;/mnt/ceph/groups_hdd/SCCGroup/neurocognition_lab/ANCLANG/data/sub-s020/ses-t2w/s_sub-s020_ses-t2w_task-vw_run-2_desc-denoised_space-MNI152NLin6Asym_bold.nii;/mnt/ceph/groups_hdd/SCCGroup/neurocognition_lab/ANCLANG/data/sub-s020/ses-mpm/s_sub-s020_ses-mpm_task-vw_run-1_desc-denoised_space-MNI152NLin6Asym_bold.nii	/mnt/ceph/groups_hdd/SCCGroup/neurocognition_lab/ANCLANG/anclang/sub-s020/ses-mov/func/sub-s020_ses-mov_task-vw_acq-mb4mesl56_run-1_events.tsv;/mnt/ceph/groups_hdd/SCCGroup/neurocognition_lab/ANCLANG/anclang/sub-s020/ses-mov/func/sub-s020_ses-mov_task-vw_acq-mb4mesl56_run-2_events.tsv;/mnt/ceph/groups_hdd/SCCGroup/neurocognition_lab/ANCLANG/anclang/sub-s020/ses-t2w/func/sub-s020_ses-t2w_task-vw_acq-mb4mesl56_run-1_events.tsv;/mnt/ceph/groups_hdd/SCCGroup/neurocognition_lab/ANCLANG/anclang/sub-s020/ses-t2w/func/sub-s020_ses-t2w_task-vw_acq-mb4mesl56_run-2_events.tsv;/mnt/ceph/groups_hdd/SCCGroup/neurocognition_lab/ANCLANG/anclang/sub-s020/ses-mpm/func/sub-s020_ses-mpm_task-vw_acq-mb4mesl56_run-1_events.tsv	/mnt/ceph/groups_hdd/SCCGroup/neurocognition_lab/ANCLANG/data/sub-s020/ses-mov/sub-s020_ses-mov_task-vw_acq-mb4mesl56_run-1_desc-confounds_timeseries.tsv;/mnt/ceph/groups_hdd/SCCGroup/neurocognition_lab/ANCLANG/data/sub-s020/ses-mov/sub-s020_ses-mov_task-vw_acq-mb4mesl56_run-2_desc-confounds_timeseries.tsv;/mnt/ceph/groups_hdd/SCCGroup/neurocognition_lab/ANCLANG/data/sub-s020/ses-t2w/sub-s020_ses-t2w_task-vw_acq-mb4mesl56_run-1_desc-confounds_timeseries.tsv;/mnt/ceph/groups_hdd/SCCGroup/neurocognition_lab/ANCLANG/data/sub-s020/ses-t2w/sub-s020_ses-t2w_task-vw_acq-mb4mesl56_run-2_desc-confounds_timeseries.tsv;/mnt/ceph/groups_hdd/SCCGroup/neurocognition_lab/ANCLANG/data/sub-s020/ses-mpm/sub-s020_ses-mpm_task-vw_acq-mb4mesl56_run-1_desc-confounds_timeseries.tsv
sub-s020	6	/mnt/ceph/groups_hdd/SCCGroup/neurocognition_lab/ANCLANG/data/sub-s020/ses-mov/s_sub-s020_ses-mov_task-vw_run-1_desc-denoised_space-MNI152NLin6Asym_bold.nii;/mnt/ceph/groups_hdd/SCCGroup/neurocognition_lab/ANCLANG/data/sub-s020/ses-mov/s_sub-s020_ses-mov_task-vw_run-2_desc-denoised_space-MNI152NLin6Asym_bold.nii;/mnt/ceph/groups_hdd/SCCGroup/neurocognition_lab/ANCLANG/data/sub-s020/ses-t2w/s_sub-s020_ses-t2w_task-vw_run-1_desc-denoised_space-MNI152NLin6Asym_bold.nii;/mnt/ceph/groups_hdd/SCCGroup/neurocognition_lab/ANCLANG/data/sub-s020/ses-t2w/s_sub-s020_ses-t2w_task-vw_run-2_desc-denoised_space-MNI152NLin6Asym_bold.nii;/mnt/ceph/groups_hdd/SCCGroup/neurocognition_lab/ANCLANG/data/sub-s020/ses-mpm/s_sub-s020_ses-mpm_task-vw_run-1_desc-denoised_space-MNI152NLin6Asym_bold.nii;/mnt/ceph/groups_hdd/SCCGroup/neurocognition_lab/ANCLANG/data/sub-s020/ses-mpm/s_sub-s020_ses-mpm_task-vw_run-2_desc-denoised_space-MNI152NLin6Asym_bold.nii	/mnt/ceph/groups_hdd/SCCGroup/neurocognition_lab/ANCLANG/anclang/sub-s020/ses-mov/func/sub-s020_ses-mov_task-vw_acq-mb4mesl56_run-1_events.tsv;/mnt/ceph/groups_hdd/SCCGroup/neurocognition_lab/ANCLANG/anclang/sub-s020/ses-mov/func/sub-s020_ses-mov_task-vw_acq-mb4mesl56_run-2_events.tsv;/mnt/ceph/groups_hdd/SCCGroup/neurocognition_lab/ANCLANG/anclang/sub-s020/ses-t2w/func/sub-s020_ses-t2w_task-vw_acq-mb4mesl56_run-1_events.tsv;/mnt/ceph/groups_hdd/SCCGroup/neurocognition_lab/ANCLANG/anclang/sub-s020/ses-t2w/func/sub-s020_ses-t2w_task-vw_acq-mb4mesl56_run-2_events.tsv;/mnt/ceph/groups_hdd/SCCGroup/neurocognition_lab/ANCLANG/anclang/sub-s020/ses-mpm/func/sub-s020_ses-mpm_task-vw_acq-mb4mesl56_run-1_events.tsv;/mnt/ceph/groups_hdd/SCCGroup/neurocognition_lab/ANCLANG/anclang/sub-s020/ses-mpm/func/sub-s020_ses-mpm_task-vw_acq-mb4mesl56_run-2_events.tsv	/mnt/ceph/groups_hdd/SCCGroup/neurocognition_lab/ANCLANG/data/sub-s020/ses-mov/sub-s020_ses-mov_task-vw_acq-mb4mesl56_run-1_desc-confounds_timeseries.tsv;/mnt/ceph/groups_hdd/SCCGroup/neurocognition_lab/ANCLANG/data/sub-s020/ses-mov/sub-s020_ses-mov_task-vw_acq-mb4mesl56_run-2_desc-confounds_timeseries.tsv;/mnt/ceph/groups_hdd/SCCGroup/neurocognition_lab/ANCLANG/data/sub-s020/ses-t2w/sub-s020_ses-t2w_task-vw_acq-mb4mesl56_run-1_desc-confounds_timeseries.tsv;/mnt/ceph/groups_hdd/SCCGroup/neurocognition_lab/ANCLANG/data/sub-s020/ses-t2w/sub-s020_ses-t2w_task-vw_acq-mb4mesl56_run-2_desc-confounds_timeseries.tsv;/mnt/ceph/groups_hdd/SCCGroup/neurocognition_lab/ANCLANG/data/sub-s020/ses-mpm/sub-s020_ses-mpm_task-vw_acq-mb4mesl56_run-1_desc-confounds_timeseries.tsv;/mnt/ceph/groups_hdd/SCCGroup/neurocognition_lab/ANCLANG/data/sub-s020/ses-mpm/sub-s020_ses-mpm_task-vw_acq-mb4mesl56_run-2_desc-confounds_timeseries.tsv
sub-s020	7	/mnt/ceph/groups_hdd/SCCGroup/neurocognition_lab/ANCLANG/data/sub-s020/ses-mov/s_sub-s020_ses-mov_task-vw_run-1_desc-denoised_space-MNI152NLin6Asym_bold.nii;/mnt/ceph/groups_hdd/SCCGroup/neurocognition_lab/ANCLANG/data/sub-s020/ses-mov/s_sub-s020_ses-mov_task-vw_run-2_desc-denoised_space-MNI152NLin6Asym_bold.nii;/mnt/ceph/groups_hdd/SCCGroup/neurocognition_lab/ANCLANG/data/sub-s020/ses-t2w/s_sub-s020_ses-t2w_task-vw_run-1_desc-denoised_space-MNI152NLin6Asym_bold.nii;/mnt/ceph/groups_hdd/SCCGroup/neurocognition_lab/ANCLANG/data/sub-s020/ses-t2w/s_sub-s020_ses-t2w_task-vw_run-2_desc-denoised_space-MNI152NLin6Asym_bold.nii;/mnt/ceph/groups_hdd/SCCGroup/neurocognition_lab/ANCLANG/data/sub-s020/ses-mpm/s_sub-s020_ses-mpm_task-vw_run-1_desc-denoised_space-MNI152NLin6Asym_bold.nii;/mnt/ceph/groups_hdd/SCCGroup/neurocognition_lab/ANCLANG/data/sub-s020/ses-mpm/s_sub-s020_ses-mpm_task-vw_run-2_desc-denoised_space-MNI152NLin6Asym_bold.nii;/mnt/ceph/groups_hdd/SCCGroup/neurocognition_lab/ANCLANG/data/sub-s020/ses-dwi/s_sub-s020_ses-dwi_task-vw_run-1_desc-denoised_space-MNI152NLin6Asym_bold.nii	/mnt/ceph/groups_hdd/SCCGroup/neurocognition_lab/ANCLANG/anclang/sub-s020/ses-mov/func/sub-s020_ses-mov_task-vw_acq-mb4mesl56_run-1_events.tsv;/mnt/ceph/groups_hdd/SCCGroup/neurocognition_lab/ANCLANG/anclang/sub-s020/ses-mov/func/sub-s020_ses-mov_task-vw_acq-mb4mesl56_run-2_events.tsv;/mnt/ceph/groups_hdd/SCCGroup/neurocognition_lab/ANCLANG/anclang/sub-s020/ses-t2w/func/sub-s020_ses-t2w_task-vw_acq-mb4mesl56_run-1_events.tsv;/mnt/ceph/groups_hdd/SCCGroup/neurocognition_lab/ANCLANG/anclang/sub-s020/ses-t2w/func/sub-s020_ses-t2w_task-vw_acq-mb4mesl56_run-2_events.tsv;/mnt/ceph/groups_hdd/SCCGroup/neurocognition_lab/ANCLANG/anclang/sub-s020/ses-mpm/func/sub-s020_ses-mpm_task-vw_acq-mb4mesl56_run-1_events.tsv;/mnt/ceph/groups_hdd/SCCGroup/neurocognition_lab/ANCLANG/anclang/sub-s020/ses-mpm/func/sub-s020_ses-mpm_task-vw_acq-mb4mesl56_run-2_events.tsv;/mnt/ceph/groups_hdd/SCCGroup/neurocognition_lab/ANCLANG/anclang/sub-s020/ses-dwi/func/sub-s020_ses-dwi_task-vw_acq-mb4mesl56_run-1_events.tsv	/mnt/ceph/groups_hdd/SCCGroup/neurocognition_lab/ANCLANG/data/sub-s020/ses-mov/sub-s020_ses-mov_task-vw_acq-mb4mesl56_run-1_desc-confounds_timeseries.tsv;/mnt/ceph/groups_hdd/SCCGroup/neurocognition_lab/ANCLANG/data/sub-s020/ses-mov/sub-s020_ses-mov_task-vw_acq-mb4mesl56_run-2_desc-confounds_timeseries.tsv;/mnt/ceph/groups_hdd/SCCGroup/neurocognition_lab/ANCLANG/data/sub-s020/ses-t2w/sub-s020_ses-t2w_task-vw_acq-mb4mesl56_run-1_desc-confounds_timeseries.tsv;/mnt/ceph/groups_hdd/SCCGroup/neurocognition_lab/ANCLANG/data/sub-s020/ses-t2w/sub-s020_ses-t2w_task-vw_acq-mb4mesl56_run-2_desc-confounds_timeseries.tsv;/mnt/ceph/groups_hdd/SCCGroup/neurocognition_lab/ANCLANG/data/sub-s020/ses-mpm/sub-s020_ses-mpm_task-vw_acq-mb4mesl56_run-1_desc-confounds_timeseries.tsv;/mnt/ceph/groups_hdd/SCCGroup/neurocognition_lab/ANCLANG/data/sub-s020/ses-mpm/sub-s020_ses-mpm_task-vw_acq-mb4mesl56_run-2_desc-confounds_timeseries.tsv;/mnt/ceph/groups_hdd/SCCGroup/neurocognition_lab/ANCLANG/data/sub-s020/ses-dwi/sub-s020_ses-dwi_task-vw_acq-mb4mesl56_run-1_desc-confounds_timeseries.tsv
sub-s020	8	/mnt/ceph/groups_hdd/SCCGroup/neurocognition_lab/ANCLANG/data/sub-s020/ses-mov/s_sub-s020_ses-mov_task-vw_run-1_desc-denoised_space-MNI152NLin6Asym_bold.nii;/mnt/ceph/groups_hdd/SCCGroup/neurocognition_lab/ANCLANG/data/sub-s020/ses-mov/s_sub-s020_ses-mov_task-vw_run-2_desc-denoised_space-MNI152NLin6Asym_bold.nii;/mnt/ceph/groups_hdd/SCCGroup/neurocognition_lab/ANCLANG/data/sub-s020/ses-t2w/s_sub-s020_ses-t2w_task-vw_run-1_desc-denoised_space-MNI152NLin6Asym_bold.nii;/mnt/ceph/groups_hdd/SCCGroup/neurocognition_lab/ANCLANG/data/sub-s020/ses-t2w/s_sub-s020_ses-t2w_task-vw_run-2_desc-denoised_space-MNI152NLin6Asym_bold.nii;/mnt/ceph/groups_hdd/SCCGroup/neurocognition_lab/ANCLANG/data/sub-s020/ses-mpm/s_sub-s020_ses-mpm_task-vw_run-1_desc-denoised_space-MNI152NLin6Asym_bold.nii;/mnt/ceph/groups_hdd/SCCGroup/neurocognition_lab/ANCLANG/data/sub-s020/ses-mpm/s_sub-s020_ses-mpm_task-vw_run-2_desc-denoised_space-MNI152NLin6Asym_bold.nii;/mnt/ceph/groups_hdd/SCCGroup/neurocognition_lab/ANCLANG/data/sub-s020/ses-dwi/s_sub-s020_ses-dwi_task-vw_run-1_desc-denoised_space-MNI152NLin6Asym_bold.nii;/mnt/ceph/groups_hdd/SCCGroup/neurocognition_lab/ANCLANG/data/sub-s020/ses-dwi/s_sub-s020_ses-dwi_task-vw_run-2_desc-denoised_space-MNI152NLin6Asym_bold.nii	/mnt/ceph/groups_hdd/SCCGroup/neurocognition_lab/ANCLANG/anclang/sub-s020/ses-mov/func/sub-s020_ses-mov_task-vw_acq-mb4mesl56_run-1_events.tsv;/mnt/ceph/groups_hdd/SCCGroup/neurocognition_lab/ANCLANG/anclang/sub-s020/ses-mov/func/sub-s020_ses-mov_task-vw_acq-mb4mesl56_run-2_events.tsv;/mnt/ceph/groups_hdd/SCCGroup/neurocognition_lab/ANCLANG/anclang/sub-s020/ses-t2w/func/sub-s020_ses-t2w_task-vw_acq-mb4mesl56_run-1_events.tsv;/mnt/ceph/groups_hdd/SCCGroup/neurocognition_lab/ANCLANG/anclang/sub-s020/ses-t2w/func/sub-s020_ses-t2w_task-vw_acq-mb4mesl56_run-2_events.tsv;/mnt/ceph/groups_hdd/SCCGroup/neurocognition_lab/ANCLANG/anclang/sub-s020/ses-mpm/func/sub-s020_ses-mpm_task-vw_acq-mb4mesl56_run-1_events.tsv;/mnt/ceph/groups_hdd/SCCGroup/neurocognition_lab/ANCLANG/anclang/sub-s020/ses-mpm/func/sub-s020_ses-mpm_task-vw_acq-mb4mesl56_run-2_events.tsv;/mnt/ceph/groups_hdd/SCCGroup/neurocognition_lab/ANCLANG/anclang/sub-s020/ses-dwi/func/sub-s020_ses-dwi_task-vw_acq-mb4mesl56_run-1_events.tsv;/mnt/ceph/groups_hdd/SCCGroup/neurocognition_lab/ANCLANG/anclang/sub-s020/ses-dwi/func/sub-s020_ses-dwi_task-vw_acq-mb4mesl56_run-2_events.tsv	/mnt/ceph/groups_hdd/SCCGroup/neurocognition_lab/ANCLANG/data/sub-s020/ses-mov/sub-s020_ses-mov_task-vw_acq-mb4mesl56_run-1_desc-confounds_timeseries.tsv;/mnt/ceph/groups_hdd/SCCGroup/neurocognition_lab/ANCLANG/data/sub-s020/ses-mov/sub-s020_ses-mov_task-vw_acq-mb4mesl56_run-2_desc-confounds_timeseries.tsv;/mnt/ceph/groups_hdd/SCCGroup/neurocognition_lab/ANCLANG/data/sub-s020/ses-t2w/sub-s020_ses-t2w_task-vw_acq-mb4mesl56_run-1_desc-confounds_timeseries.tsv;/mnt/ceph/groups_hdd/SCCGroup/neurocognition_lab/ANCLANG/data/sub-s020/ses-t2w/sub-s020_ses-t2w_task-vw_acq-mb4mesl56_run-2_desc-confounds_timeseries.tsv;/mnt/ceph/groups_hdd/SCCGroup/neurocognition_lab/ANCLANG/data/sub-s020/ses-mpm/sub-s020_ses-mpm_task-vw_acq-mb4mesl56_run-1_desc-confounds_timeseries.tsv;/mnt/ceph/groups_hdd/SCCGroup/neurocognition_lab/ANCLANG/data/sub-s020/ses-mpm/sub-s020_ses-mpm_task-vw_acq-mb4mesl56_run-2_desc-confounds_timeseries.tsv;/mnt/ceph/groups_hdd/SCCGroup/neurocognition_lab/ANCLANG/data/sub-s020/ses-dwi/sub-s020_ses-dwi_task-vw_acq-mb4mesl56_run-1_desc-confounds_timeseries.tsv;/mnt/ceph/groups_hdd/SCCGroup/neurocognition_lab/ANCLANG/data/sub-s020/ses-dwi/sub-s020_ses-dwi_task-vw_acq-mb4mesl56_run-2_desc-confounds_timeseries.tsv
sub-s021	1	/mnt/ceph/groups_hdd/SCCGroup/neurocognition_lab/ANCLANG/data/sub-s021/ses-mov/s_sub-s021_ses-mov_task-vw_run-1_desc-denoised_space-MNI152NLin6Asym_bold.nii	/mnt/ceph/groups_hdd/SCCGroup/neurocognition_lab/ANCLANG/anclang/sub-s021/ses-mov/func/sub-s021_ses-mov_task-vw_acq-mb4mesl56_run-1_events.tsv	/mnt/ceph/groups_hdd/SCCGroup/neurocognition_lab/ANCLANG/data/sub-s021/ses-mov/sub-s021_ses-mov_task-vw_acq-mb4mesl56_run-1_desc-confounds_timeseries.tsv
sub-s021	2	/mnt/ceph/groups_hdd/SCCGroup/neurocognition_lab/ANCLANG/data/sub-s021/ses-mov/s_sub-s021_ses-mov_task-vw_run-1_desc-denoised_space-MNI152NLin6Asym_bold.nii;/mnt/ceph/groups_hdd/SCCGroup/neurocognition_lab/ANCLANG/data/sub-s021/ses-mov/s_sub-s021_ses-mov_task-vw_run-2_desc-denoised_space-MNI152NLin6Asym_bold.nii	/mnt/ceph/groups_hdd/SCCGroup/neurocognition_lab/ANCLANG/anclang/sub-s021/ses-mov/func/sub-s021_ses-mov_task-vw_acq-mb4mesl56_run-1_events.tsv;/mnt/ceph/groups_hdd/SCCGroup/neurocognition_lab/ANCLANG/anclang/sub-s021/ses-mov/func/sub-s021_ses-mov_task-vw_acq-mb4mesl56_run-2_events.tsv	/mnt/ceph/groups_hdd/SCCGroup/neurocognition_lab/ANCLANG/data/sub-s021/ses-mov/sub-s021_ses-mov_task-vw_acq-mb4mesl56_run-1_desc-confounds_timeseries.tsv;/mnt/ceph/groups_hdd/SCCGroup/neurocognition_lab/ANCLANG/data/sub-s021/ses-mov/sub-s021_ses-mov_task-vw_acq-mb4mesl56_run-2_desc-confounds_timeseries.tsv
sub-s021	3	/mnt/ceph/groups_hdd/SCCGroup/neurocognition_lab/ANCLANG/data/sub-s021/ses-mov/s_sub-s021_ses-mov_task-vw_run-1_desc-denoised_space-MNI152NLin6Asym_bold.nii;/mnt/ceph/groups_hdd/SCCGroup/neurocognition_lab/ANCLANG/data/sub-s021/ses-mov/s_sub-s021_ses-mov_task-vw_run-2_desc-denoised_space-MNI152NLin6Asym_bold.nii;/mnt/ceph/groups_hdd/SCCGroup/neurocognition_lab/ANCLANG/data/sub-s021/ses-t2w/s_sub-s021_ses-t2w_task-vw_run-1_desc-denoised_space-MNI152NLin6Asym_bold.nii	/mnt/ceph/groups_hdd/SCCGroup/neurocognition_lab/ANCLANG/anclang/sub-s021/ses-mov/func/sub-s021_ses-mov_task-vw_acq-mb4mesl56_run-1_events.tsv;/mnt/ceph/groups_hdd/SCCGroup/neurocognition_lab/ANCLANG/anclang/sub-s021/ses-mov/func/sub-s021_ses-mov_task-vw_acq-mb4mesl56_run-2_events.tsv;/mnt/ceph/groups_hdd/SCCGroup/neurocognition_lab/ANCLANG/anclang/sub-s021/ses-t2w/func/sub-s021_ses-t2w_task-vw_acq-mb4mesl56_run-1_events.tsv	/mnt/ceph/groups_hdd/SCCGroup/neurocognition_lab/ANCLANG/data/sub-s021/ses-mov/sub-s021_ses-mov_task-vw_acq-mb4mesl56_run-1_desc-confounds_timeseries.tsv;/mnt/ceph/groups_hdd/SCCGroup/neurocognition_lab/ANCLANG/data/sub-s021/ses-mov/sub-s021_ses-mov_task-vw_acq-mb4mesl56_run-2_desc-confounds_timeseries.tsv;/mnt/ceph/groups_hdd/SCCGroup/neurocognition_lab/ANCLANG/data/sub-s021/ses-t2w/sub-s021_ses-t2w_task-vw_acq-mb4mesl56_run-1_desc-confounds_timeseries.tsv
sub-s021	4	/mnt/ceph/groups_hdd/SCCGroup/neurocognition_lab/ANCLANG/data/sub-s021/ses-mov/s_sub-s021_ses-mov_task-vw_run-1_desc-denoised_space-MNI152NLin6Asym_bold.nii;/mnt/ceph/groups_hdd/SCCGroup/neurocognition_lab/ANCLANG/data/sub-s021/ses-mov/s_sub-s021_ses-mov_task-vw_run-2_desc-denoised_space-MNI152NLin6Asym_bold.nii;/mnt/ceph/groups_hdd/SCCGroup/neurocognition_lab/ANCLANG/data/sub-s021/ses-t2w/s_sub-s021_ses-t2w_task-vw_run-1_desc-denoised_space-MNI152NLin6Asym_bold.nii;/mnt/ceph/groups_hdd/SCCGroup/neurocognition_lab/ANCLANG/data/sub-s021/ses-t2w/s_sub-s021_ses-t2w_task-vw_run-2_desc-denoised_space-MNI152NLin6Asym_bold.nii	/mnt/ceph/groups_hdd/SCCGroup/neurocognition_lab/ANCLANG/anclang/sub-s021/ses-mov/func/sub-s021_ses-mov_task-vw_acq-mb4mesl56_run-1_events.tsv;/mnt/ceph/groups_hdd/SCCGroup/neurocognition_lab/ANCLANG/anclang/sub-s021/ses-mov/func/sub-s021_ses-mov_task-vw_acq-mb4mesl56_run-2_events.tsv;/mnt/ceph/groups_hdd/SCCGroup/neurocognition_lab/ANCLANG/anclang/sub-s021/ses-t2w/func/sub-s021_ses-t2w_task-vw_acq-mb4mesl56_run-1_events.tsv;/mnt/ceph/groups_hdd/SCCGroup/neurocognition_lab/ANCLANG/anclang/sub-s021/ses-t2w/func/sub-s021_ses-t2w_task-vw_acq-mb4mesl56_run-2_events.tsv	/mnt/ceph/groups_hdd/SCCGroup/neurocognition_lab/ANCLANG/data/sub-s021/ses-mov/sub-s021_ses-mov_task-vw_acq-mb4mesl56_run-1_desc-confounds_timeseries.tsv;/mnt/ceph/groups_hdd/SCCGroup/neurocognition_lab/ANCLANG/data/sub-s021/ses-mov/sub-s021_ses-mov_task-vw_acq-mb4mesl56_run-2_desc-confounds_timeseries.tsv;/mnt/ceph/groups_hdd/SCCGroup/neurocognition_lab/ANCLANG/data/sub-s021/ses-t2w/sub-s021_ses-t2w_task-vw_acq-mb4mesl56_run-1_desc-confounds_timeseries.tsv;/mnt/ceph/groups_hdd/SCCGroup/neurocognition_lab/ANCLANG/data/sub-s021/ses-t2w/sub-s021_ses-t2w_task-vw_acq-mb4mesl56_run-2_desc-confounds_timeseries.tsv
sub-s021	5	/mnt/ceph/groups_hdd/SCCGroup/neurocognition_lab/ANCLANG/data/sub-s021/ses-mov/s_sub-s021_ses-mov_task-vw_run-1_desc-denoised_space-MNI152NLin6Asym_bold.nii;/mnt/ceph/groups_hdd/SCCGroup/neurocognition_lab/ANCLANG/data/sub-s021/ses-mov/s_sub-s021_ses-mov_task-vw_run-2_desc-denoised_space-MNI152NLin6Asym_bold.nii;/mnt/ceph/groups_hdd/SCCGroup/neurocognition_lab/ANCLANG/data/sub-s021/ses-t2w/s_sub-s021_ses-t2w_task-vw_run-1_desc-denoised_space-MNI152NLin6Asym_bold.nii;/mnt/ceph/groups_hdd/SCCGroup/neurocognition_lab/ANCLANG/data/sub-s021/ses-t2w/s_sub-s021_ses-t2w_task-vw_run-2_desc-denoised_space-MNI152NLin6Asym_bold.nii;/mnt/ceph/groups_hdd/SCCGroup/neurocognition_lab/ANCLANG/data/sub-s021/ses-mpm/s_sub-s021_ses-mpm_task-vw_run-1_desc-denoised_space-MNI152NLin6Asym_bold.nii	/mnt/ceph/groups_hdd/SCCGroup/neurocognition_lab/ANCLANG/anclang/sub-s021/ses-mov/func/sub-s021_ses-mov_task-vw_acq-mb4mesl56_run-1_events.tsv;/mnt/ceph/groups_hdd/SCCGroup/neurocognition_lab/ANCLANG/anclang/sub-s021/ses-mov/func/sub-s021_ses-mov_task-vw_acq-mb4mesl56_run-2_events.tsv;/mnt/ceph/groups_hdd/SCCGroup/neurocognition_lab/ANCLANG/anclang/sub-s021/ses-t2w/func/sub-s021_ses-t2w_task-vw_acq-mb4mesl56_run-1_events.tsv;/mnt/ceph/groups_hdd/SCCGroup/neurocognition_lab/ANCLANG/anclang/sub-s021/ses-t2w/func/sub-s021_ses-t2w_task-vw_acq-mb4mesl56_run-2_events.tsv;/mnt/ceph/groups_hdd/SCCGroup/neurocognition_lab/ANCLANG/anclang/sub-s021/ses-mpm/func/sub-s021_ses-mpm_task-vw_acq-mb4mesl56_run-1_events.tsv	/mnt/ceph/groups_hdd/SCCGroup/neurocognition_lab/ANCLANG/data/sub-s021/ses-mov/sub-s021_ses-mov_task-vw_acq-mb4mesl56_run-1_desc-confounds_timeseries.tsv;/mnt/ceph/groups_hdd/SCCGroup/neurocognition_lab/ANCLANG/data/sub-s021/ses-mov/sub-s021_ses-mov_task-vw_acq-mb4mesl56_run-2_desc-confounds_timeseries.tsv;/mnt/ceph/groups_hdd/SCCGroup/neurocognition_lab/ANCLANG/data/sub-s021/ses-t2w/sub-s021_ses-t2w_task-vw_acq-mb4mesl56_run-1_desc-confounds_timeseries.tsv;/mnt/ceph/groups_hdd/SCCGroup/neurocognition_lab/ANCLANG/data/sub-s021/ses-t2w/sub-s021_ses-t2w_task-vw_acq-mb4mesl56_run-2_desc-confounds_timeseries.tsv;/mnt/ceph/groups_hdd/SCCGroup/neurocognition_lab/ANCLANG/data/sub-s021/ses-mpm/sub-s021_ses-mpm_task-vw_acq-mb4mesl56_run-1_desc-confounds_timeseries.tsv
sub-s021	6	/mnt/ceph/groups_hdd/SCCGroup/neurocognition_lab/ANCLANG/data/sub-s021/ses-mov/s_sub-s021_ses-mov_task-vw_run-1_desc-denoised_space-MNI152NLin6Asym_bold.nii;/mnt/ceph/groups_hdd/SCCGroup/neurocognition_lab/ANCLANG/data/sub-s021/ses-mov/s_sub-s021_ses-mov_task-vw_run-2_desc-denoised_space-MNI152NLin6Asym_bold.nii;/mnt/ceph/groups_hdd/SCCGroup/neurocognition_lab/ANCLANG/data/sub-s021/ses-t2w/s_sub-s021_ses-t2w_task-vw_run-1_desc-denoised_space-MNI152NLin6Asym_bold.nii;/mnt/ceph/groups_hdd/SCCGroup/neurocognition_lab/ANCLANG/data/sub-s021/ses-t2w/s_sub-s021_ses-t2w_task-vw_run-2_desc-denoised_space-MNI152NLin6Asym_bold.nii;/mnt/ceph/groups_hdd/SCCGroup/neurocognition_lab/ANCLANG/data/sub-s021/ses-mpm/s_sub-s021_ses-mpm_task-vw_run-1_desc-denoised_space-MNI152NLin6Asym_bold.nii;/mnt/ceph/groups_hdd/SCCGroup/neurocognition_lab/ANCLANG/data/sub-s021/ses-mpm/s_sub-s021_ses-mpm_task-vw_run-2_desc-denoised_space-MNI152NLin6Asym_bold.nii	/mnt/ceph/groups_hdd/SCCGroup/neurocognition_lab/ANCLANG/anclang/sub-s021/ses-mov/func/sub-s021_ses-mov_task-vw_acq-mb4mesl56_run-1_events.tsv;/mnt/ceph/groups_hdd/SCCGroup/neurocognition_lab/ANCLANG/anclang/sub-s021/ses-mov/func/sub-s021_ses-mov_task-vw_acq-mb4mesl56_run-2_events.tsv;/mnt/ceph/groups_hdd/SCCGroup/neurocognition_lab/ANCLANG/anclang/sub-s021/ses-t2w/func/sub-s021_ses-t2w_task-vw_acq-mb4mesl56_run-1_events.tsv;/mnt/ceph/groups_hdd/SCCGroup/neurocognition_lab/ANCLANG/anclang/sub-s021/ses-t2w/func/sub-s021_ses-t2w_task-vw_acq-mb4mesl56_run-2_events.tsv;/mnt/ceph/groups_hdd/SCCGroup/neurocognition_lab/ANCLANG/anclang/sub-s021/ses-mpm/func/sub-s021_ses-mpm_task-vw_acq-mb4mesl56_run-1_events.tsv;/mnt/ceph/groups_hdd/SCCGroup/neurocognition_lab/ANCLANG/anclang/sub-s021/ses-mpm/func/sub-s021_ses-mpm_task-vw_acq-mb4mesl56_run-2_events.tsv	/mnt/ceph/groups_hdd/SCCGroup/neurocognition_lab/ANCLANG/data/sub-s021/ses-mov/sub-s021_ses-mov_task-vw_acq-mb4mesl56_run-1_desc-confounds_timeseries.tsv;/mnt/ceph/groups_hdd/SCCGroup/neurocognition_lab/ANCLANG/data/sub-s021/ses-mov/sub-s021_ses-mov_task-vw_acq-mb4mesl56_run-2_desc-confounds_timeseries.tsv;/mnt/ceph/groups_hdd/SCCGroup/neurocognition_lab/ANCLANG/data/sub-s021/ses-t2w/sub-s021_ses-t2w_task-vw_acq-mb4mesl56_run-1_desc-confounds_timeseries.tsv;/mnt/ceph/groups_hdd/SCCGroup/neurocognition_lab/ANCLANG/data/sub-s021/ses-t2w/sub-s021_ses-t2w_task-vw_acq-mb4mesl56_run-2_desc-confounds_timeseries.tsv;/mnt/ceph/groups_hdd/SCCGroup/neurocognition_lab/ANCLANG/data/sub-s021/ses-mpm/sub-s021_ses-mpm_task-vw_acq-mb4mesl56_run-1_desc-confounds_timeseries.tsv;/mnt/ceph/groups_hdd/SCCGroup/neurocognition_lab/ANCLANG/data/sub-s021/ses-mpm/sub-s021_ses-mpm_task-vw_acq-mb4mesl56_run-2_desc-confounds_timeseries.tsv
sub-s021	7	/mnt/ceph/groups_hdd/SCCGroup/neurocognition_lab/ANCLANG/data/sub-s021/ses-mov/s_sub-s021_ses-mov_task-vw_run-1_desc-denoised_space-MNI152NLin6Asym_bold.nii;/mnt/ceph/groups_hdd/SCCGroup/neurocognition_lab/ANCLANG/data/sub-s021/ses-mov/s_sub-s021_ses-mov_task-vw_run-2_desc-denoised_space-MNI152NLin6Asym_bold.nii;/mnt/ceph/groups_hdd/SCCGroup/neurocognition_lab/ANCLANG/data/sub-s021/ses-t2w/s_sub-s021_ses-t2w_task-vw_run-1_desc-denoised_space-MNI152NLin6Asym_bold.nii;/mnt/ceph/groups_hdd/SCCGroup/neurocognition_lab/ANCLANG/data/sub-s021/ses-t2w/s_sub-s021_ses-t2w_task-vw_run-2_desc-denoised_space-MNI152NLin6Asym_bold.nii;/mnt/ceph/groups_hdd/SCCGroup/neurocognition_lab/ANCLANG/data/sub-s021/ses-mpm/s_sub-s021_ses-mpm_task-vw_run-1_desc-denoised_space-MNI152NLin6Asym_bold.nii;/mnt/ceph/groups_hdd/SCCGroup/neurocognition_lab/ANCLANG/data/sub-s021/ses-mpm/s_sub-s021_ses-mpm_task-vw_run-2_desc-denoised_space-MNI152NLin6Asym_bold.nii;/mnt/ceph/groups_hdd/SCCGroup/neurocognition_lab/ANCLANG/data/sub-s021/ses-dwi/s_sub-s021_ses-dwi_task-vw_run-1_desc-denoised_space-MNI152NLin6Asym_bold.nii	/mnt/ceph/groups_hdd/SCCGroup/neurocognition_lab/ANCLANG/anclang/sub-s021/ses-mov/func/sub-s021_ses-mov_task-vw_acq-mb4mesl56_run-1_events.tsv;/mnt/ceph/groups_hdd/SCCGroup/neurocognition_lab/ANCLANG/anclang/sub-s021/ses-mov/func/sub-s021_ses-mov_task-vw_acq-mb4mesl56_run-2_events.tsv;/mnt/ceph/groups_hdd/SCCGroup/neurocognition_lab/ANCLANG/anclang/sub-s021/ses-t2w/func/sub-s021_ses-t2w_task-vw_acq-mb4mesl56_run-1_events.tsv;/mnt/ceph/groups_hdd/SCCGroup/neurocognition_lab/ANCLANG/anclang/sub-s021/ses-t2w/func/sub-s021_ses-t2w_task-vw_acq-mb4mesl56_run-2_events.tsv;/mnt/ceph/groups_hdd/SCCGroup/neurocognition_lab/ANCLANG/anclang/sub-s021/ses-mpm/func/sub-s021_ses-mpm_task-vw_acq-mb4mesl56_run-1_events.tsv;/mnt/ceph/groups_hdd/SCCGroup/neurocognition_lab/ANCLANG/anclang/sub-s021/ses-mpm/func/sub-s021_ses-mpm_task-vw_acq-mb4mesl56_run-2_events.tsv;/mnt/ceph/groups_hdd/SCCGroup/neurocognition_lab/ANCLANG/anclang/sub-s021/ses-dwi/func/sub-s021_ses-dwi_task-vw_acq-mb4mesl56_run-1_events.tsv	/mnt/ceph/groups_hdd/SCCGroup/neurocognition_lab/ANCLANG/data/sub-s021/ses-mov/sub-s021_ses-mov_task-vw_acq-mb4mesl56_run-1_desc-confounds_timeseries.tsv;/mnt/ceph/groups_hdd/SCCGroup/neurocognition_lab/ANCLANG/data/sub-s021/ses-mov/sub-s021_ses-mov_task-vw_acq-mb4mesl56_run-2_desc-confounds_timeseries.tsv;/mnt/ceph/groups_hdd/SCCGroup/neurocognition_lab/ANCLANG/data/sub-s021/ses-t2w/sub-s021_ses-t2w_task-vw_acq-mb4mesl56_run-1_desc-confounds_timeseries.tsv;/mnt/ceph/groups_hdd/SCCGroup/neurocognition_lab/ANCLANG/data/sub-s021/ses-t2w/sub-s021_ses-t2w_task-vw_acq-mb4mesl56_run-2_desc-confounds_timeseries.tsv;/mnt/ceph/groups_hdd/SCCGroup/neurocognition_lab/ANCLANG/data/sub-s021/ses-mpm/sub-s021_ses-mpm_task-vw_acq-mb4mesl56_run-1_desc-confounds_timeseries.tsv;/mnt/ceph/groups_hdd/SCCGroup/neurocognition_lab/ANCLANG/data/sub-s021/ses-mpm/sub-s021_ses-mpm_task-vw_acq-mb4mesl56_run-2_desc-confounds_timeseries.tsv;/mnt/ceph/groups_hdd/SCCGroup/neurocognition_lab/ANCLANG/data/sub-s021/ses-dwi/sub-s021_ses-dwi_task-vw_acq-mb4mesl56_run-1_desc-confounds_timeseries.tsv
sub-s021	8	/mnt/ceph/groups_hdd/SCCGroup/neurocognition_lab/ANCLANG/data/sub-s021/ses-mov/s_sub-s021_ses-mov_task-vw_run-1_desc-denoised_space-MNI152NLin6Asym_bold.nii;/mnt/ceph/groups_hdd/SCCGroup/neurocognition_lab/ANCLANG/data/sub-s021/ses-mov/s_sub-s021_ses-mov_task-vw_run-2_desc-denoised_space-MNI152NLin6Asym_bold.nii;/mnt/ceph/groups_hdd/SCCGroup/neurocognition_lab/ANCLANG/data/sub-s021/ses-t2w/s_sub-s021_ses-t2w_task-vw_run-1_desc-denoised_space-MNI152NLin6Asym_bold.nii;/mnt/ceph/groups_hdd/SCCGroup/neurocognition_lab/ANCLANG/data/sub-s021/ses-t2w/s_sub-s021_ses-t2w_task-vw_run-2_desc-denoised_space-MNI152NLin6Asym_bold.nii;/mnt/ceph/groups_hdd/SCCGroup/neurocognition_lab/ANCLANG/data/sub-s021/ses-mpm/s_sub-s021_ses-mpm_task-vw_run-1_desc-denoised_space-MNI152NLin6Asym_bold.nii;/mnt/ceph/groups_hdd/SCCGroup/neurocognition_lab/ANCLANG/data/sub-s021/ses-mpm/s_sub-s021_ses-mpm_task-vw_run-2_desc-denoised_space-MNI152NLin6Asym_bold.nii;/mnt/ceph/groups_hdd/SCCGroup/neurocognition_lab/ANCLANG/data/sub-s021/ses-dwi/s_sub-s021_ses-dwi_task-vw_run-1_desc-denoised_space-MNI152NLin6Asym_bold.nii;/mnt/ceph/groups_hdd/SCCGroup/neurocognition_lab/ANCLANG/data/sub-s021/ses-dwi/s_sub-s021_ses-dwi_task-vw_run-2_desc-denoised_space-MNI152NLin6Asym_bold.nii	/mnt/ceph/groups_hdd/SCCGroup/neurocognition_lab/ANCLANG/anclang/sub-s021/ses-mov/func/sub-s021_ses-mov_task-vw_acq-mb4mesl56_run-1_events.tsv;/mnt/ceph/groups_hdd/SCCGroup/neurocognition_lab/ANCLANG/anclang/sub-s021/ses-mov/func/sub-s021_ses-mov_task-vw_acq-mb4mesl56_run-2_events.tsv;/mnt/ceph/groups_hdd/SCCGroup/neurocognition_lab/ANCLANG/anclang/sub-s021/ses-t2w/func/sub-s021_ses-t2w_task-vw_acq-mb4mesl56_run-1_events.tsv;/mnt/ceph/groups_hdd/SCCGroup/neurocognition_lab/ANCLANG/anclang/sub-s021/ses-t2w/func/sub-s021_ses-t2w_task-vw_acq-mb4mesl56_run-2_events.tsv;/mnt/ceph/groups_hdd/SCCGroup/neurocognition_lab/ANCLANG/anclang/sub-s021/ses-mpm/func/sub-s021_ses-mpm_task-vw_acq-mb4mesl56_run-1_events.tsv;/mnt/ceph/groups_hdd/SCCGroup/neurocognition_lab/ANCLANG/anclang/sub-s021/ses-mpm/func/sub-s021_ses-mpm_task-vw_acq-mb4mesl56_run-2_events.tsv;/mnt/ceph/groups_hdd/SCCGroup/neurocognition_lab/ANCLANG/anclang/sub-s021/ses-dwi/func/sub-s021_ses-dwi_task-vw_acq-mb4mesl56_run-1_events.tsv;/mnt/ceph/groups_hdd/SCCGroup/neurocognition_lab/ANCLANG/anclang/sub-s021/ses-dwi/func/sub-s021_ses-dwi_task-vw_acq-mb4mesl56_run-2_events.tsv	/mnt/ceph/groups_hdd/SCCGroup/neurocognition_lab/ANCLANG/data/sub-s021/ses-mov/sub-s021_ses-mov_task-vw_acq-mb4mesl56_run-1_desc-confounds_timeseries.tsv;/mnt/ceph/groups_hdd/SCCGroup/neurocognition_lab/ANCLANG/data/sub-s021/ses-mov/sub-s021_ses-mov_task-vw_acq-mb4mesl56_run-2_desc-confounds_timeseries.tsv;/mnt/ceph/groups_hdd/SCCGroup/neurocognition_lab/ANCLANG/data/sub-s021/ses-t2w/sub-s021_ses-t2w_task-vw_acq-mb4mesl56_run-1_desc-confounds_timeseries.tsv;/mnt/ceph/groups_hdd/SCCGroup/neurocognition_lab/ANCLANG/data/sub-s021/ses-t2w/sub-s021_ses-t2w_task-vw_acq-mb4mesl56_run-2_desc-confounds_timeseries.tsv;/mnt/ceph/groups_hdd/SCCGroup/neurocognition_lab/ANCLANG/data/sub-s021/ses-mpm/sub-s021_ses-mpm_task-vw_acq-mb4mesl56_run-1_desc-confounds_timeseries.tsv;/mnt/ceph/groups_hdd/SCCGroup/neurocognition_lab/ANCLANG/data/sub-s021/ses-mpm/sub-s021_ses-mpm_task-vw_acq-mb4mesl56_run-2_desc-confounds_timeseries.tsv;/mnt/ceph/groups_hdd/SCCGroup/neurocognition_lab/ANCLANG/data/sub-s021/ses-dwi/sub-s021_ses-dwi_task-vw_acq-mb4mesl56_run-1_desc-confounds_timeseries.tsv;/mnt/ceph/groups_hdd/SCCGroup/neurocognition_lab/ANCLANG/data/sub-s021/ses-dwi/sub-s021_ses-dwi_task-vw_acq-mb4mesl56_run-2_desc-confounds_timeseries.tsv
sub-s022	1	/mnt/ceph/groups_hdd/SCCGroup/neurocognition_lab/ANCLANG/data/sub-s022/ses-mpm/s_sub-s022_ses-mpm_task-vw_run-1_desc-denoised_space-MNI152NLin6Asym_bold.nii	/mnt/ceph/groups_hdd/SCCGroup/neurocognition_lab/ANCLANG/anclang/sub-s022/ses-mpm/func/sub-s022_ses-mpm_task-vw_acq-mb4mesl56_run-1_events.tsv	/mnt/ceph/groups_hdd/SCCGroup/neurocognition_lab/ANCLANG/data/sub-s022/ses-mpm/sub-s022_ses-mpm_task-vw_acq-mb4mesl56_run-1_desc-confounds_timeseries.tsv
sub-s022	2	/mnt/ceph/groups_hdd/SCCGroup/neurocognition_lab/ANCLANG/data/sub-s022/ses-mpm/s_sub-s022_ses-mpm_task-vw_run-1_desc-denoised_space-MNI152NLin6Asym_bold.nii;/mnt/ceph/groups_hdd/SCCGroup/neurocognition_lab/ANCLANG/data/sub-s022/ses-mpm/s_sub-s022_ses-mpm_task-vw_run-2_desc-denoised_space-MNI152NLin6Asym_bold.nii	/mnt/ceph/groups_hdd/SCCGroup/neurocognition_lab/ANCLANG/anclang/sub-s022/ses-mpm/func/sub-s022_ses-mpm_task-vw_acq-mb4mesl56_run-1_events.tsv;/mnt/ceph/groups_hdd/SCCGroup/neurocognition_lab/ANCLANG/anclang/sub-s022/ses-mpm/func/sub-s022_ses-mpm_task-vw_acq-mb4mesl56_run-2_events.tsv	/mnt/ceph/groups_hdd/SCCGroup/neurocognition_lab/ANCLANG/data/sub-s022/ses-mpm/sub-s022_ses-mpm_task-vw_acq-mb4mesl56_run-1_desc-confounds_timeseries.tsv;/mnt/ceph/groups_hdd/SCCGroup/neurocognition_lab/ANCLANG/data/sub-s022/ses-mpm/sub-s022_ses-mpm_task-vw_acq-mb4mesl56_run-2_desc-confounds_timeseries.tsv
sub-s022	3	/mnt/ceph/groups_hdd/SCCGroup/neurocognition_lab/ANCLANG/data/sub-s022/ses-mpm/s_sub-s022_ses-mpm_task-vw_run-1_desc-denoised_space-MNI152NLin6Asym_bold.nii;/mnt/ceph/groups_hdd/SCCGroup/neurocognition_lab/ANCLANG/data/sub-s022/ses-mpm/s_sub-s022_ses-mpm_task-vw_run-2_desc-denoised_space-MNI152NLin6Asym_bold.nii;/mnt/ceph/groups_hdd/SCCGroup/neurocognition_lab/ANCLANG/data/sub-s022/ses-mov/s_sub-s022_ses-mov_task-vw_run-1_desc-denoised_space-MNI152NLin6Asym_bold.nii	/mnt/ceph/groups_hdd/SCCGroup/neurocognition_lab/ANCLANG/anclang/sub-s022/ses-mpm/func/sub-s022_ses-mpm_task-vw_acq-mb4mesl56_run-1_events.tsv;/mnt/ceph/groups_hdd/SCCGroup/neurocognition_lab/ANCLANG/anclang/sub-s022/ses-mpm/func/sub-s022_ses-mpm_task-vw_acq-mb4mesl56_run-2_events.tsv;/mnt/ceph/groups_hdd/SCCGroup/neurocognition_lab/ANCLANG/anclang/sub-s022/ses-mov/func/sub-s022_ses-mov_task-vw_acq-mb4mesl56_run-1_events.tsv	/mnt/ceph/groups_hdd/SCCGroup/neurocognition_lab/ANCLANG/data/sub-s022/ses-mpm/sub-s022_ses-mpm_task-vw_acq-mb4mesl56_run-1_desc-confounds_timeseries.tsv;/mnt/ceph/groups_hdd/SCCGroup/neurocognition_lab/ANCLANG/data/sub-s022/ses-mpm/sub-s022_ses-mpm_task-vw_acq-mb4mesl56_run-2_desc-confounds_timeseries.tsv;/mnt/ceph/groups_hdd/SCCGroup/neurocognition_lab/ANCLANG/data/sub-s022/ses-mov/sub-s022_ses-mov_task-vw_acq-mb4mesl56_run-1_desc-confounds_timeseries.tsv
sub-s022	4	/mnt/ceph/groups_hdd/SCCGroup/neurocognition_lab/ANCLANG/data/sub-s022/ses-mpm/s_sub-s022_ses-mpm_task-vw_run-1_desc-denoised_space-MNI152NLin6Asym_bold.nii;/mnt/ceph/groups_hdd/SCCGroup/neurocognition_lab/ANCLANG/data/sub-s022/ses-mpm/s_sub-s022_ses-mpm_task-vw_run-2_desc-denoised_space-MNI152NLin6Asym_bold.nii;/mnt/ceph/groups_hdd/SCCGroup/neurocognition_lab/ANCLANG/data/sub-s022/ses-mov/s_sub-s022_ses-mov_task-vw_run-1_desc-denoised_space-MNI152NLin6Asym_bold.nii;/mnt/ceph/groups_hdd/SCCGroup/neurocognition_lab/ANCLANG/data/sub-s022/ses-mov/s_sub-s022_ses-mov_task-vw_run-2_desc-denoised_space-MNI152NLin6Asym_bold.nii	/mnt/ceph/groups_hdd/SCCGroup/neurocognition_lab/ANCLANG/anclang/sub-s022/ses-mpm/func/sub-s022_ses-mpm_task-vw_acq-mb4mesl56_run-1_events.tsv;/mnt/ceph/groups_hdd/SCCGroup/neurocognition_lab/ANCLANG/anclang/sub-s022/ses-mpm/func/sub-s022_ses-mpm_task-vw_acq-mb4mesl56_run-2_events.tsv;/mnt/ceph/groups_hdd/SCCGroup/neurocognition_lab/ANCLANG/anclang/sub-s022/ses-mov/func/sub-s022_ses-mov_task-vw_acq-mb4mesl56_run-1_events.tsv;/mnt/ceph/groups_hdd/SCCGroup/neurocognition_lab/ANCLANG/anclang/sub-s022/ses-mov/func/sub-s022_ses-mov_task-vw_acq-mb4mesl56_run-2_events.tsv	/mnt/ceph/groups_hdd/SCCGroup/neurocognition_lab/ANCLANG/data/sub-s022/ses-mpm/sub-s022_ses-mpm_task-vw_acq-mb4mesl56_run-1_desc-confounds_timeseries.tsv;/mnt/ceph/groups_hdd/SCCGroup/neurocognition_lab/ANCLANG/data/sub-s022/ses-mpm/sub-s022_ses-mpm_task-vw_acq-mb4mesl56_run-2_desc-confounds_timeseries.tsv;/mnt/ceph/groups_hdd/SCCGroup/neurocognition_lab/ANCLANG/data/sub-s022/ses-mov/sub-s022_ses-mov_task-vw_acq-mb4mesl56_run-1_desc-confounds_timeseries.tsv;/mnt/ceph/groups_hdd/SCCGroup/neurocognition_lab/ANCLANG/data/sub-s022/ses-mov/sub-s022_ses-mov_task-vw_acq-mb4mesl56_run-2_desc-confounds_timeseries.tsv
sub-s022	5	/mnt/ceph/groups_hdd/SCCGroup/neurocognition_lab/ANCLANG/data/sub-s022/ses-mpm/s_sub-s022_ses-mpm_task-vw_run-1_desc-denoised_space-MNI152NLin6Asym_bold.nii;/mnt/ceph/groups_hdd/SCCGroup/neurocognition_lab/ANCLANG/data/sub-s022/ses-mpm/s_sub-s022_ses-mpm_task-vw_run-2_desc-denoised_space-MNI152NLin6Asym_bold.nii;/mnt/ceph/groups_hdd/SCCGroup/neurocognition_lab/ANCLANG/data/sub-s022/ses-mov/s_sub-s022_ses-mov_task-vw_run-1_desc-denoised_space-MNI152NLin6Asym_bold.nii;/mnt/ceph/groups_hdd/SCCGroup/neurocognition_lab/ANCLANG/data/sub-s022/ses-mov/s_sub-s022_ses-mov_task-vw_run-2_desc-denoised_space-MNI152NLin6Asym_bold.nii;/mnt/ceph/groups_hdd/SCCGroup/neurocognition_lab/ANCLANG/data/sub-s022/ses-dwi/s_sub-s022_ses-dwi_task-vw_run-1_desc-denoised_space-MNI152NLin6Asym_bold.nii	/mnt/ceph/groups_hdd/SCCGroup/neurocognition_lab/ANCLANG/anclang/sub-s022/ses-mpm/func/sub-s022_ses-mpm_task-vw_acq-mb4mesl56_run-1_events.tsv;/mnt/ceph/groups_hdd/SCCGroup/neurocognition_lab/ANCLANG/anclang/sub-s022/ses-mpm/func/sub-s022_ses-mpm_task-vw_acq-mb4mesl56_run-2_events.tsv;/mnt/ceph/groups_hdd/SCCGroup/neurocognition_lab/ANCLANG/anclang/sub-s022/ses-mov/func/sub-s022_ses-mov_task-vw_acq-mb4mesl56_run-1_events.tsv;/mnt/ceph/groups_hdd/SCCGroup/neurocognition_lab/ANCLANG/anclang/sub-s022/ses-mov/func/sub-s022_ses-mov_task-vw_acq-mb4mesl56_run-2_events.tsv;/mnt/ceph/groups_hdd/SCCGroup/neurocognition_lab/ANCLANG/anclang/sub-s022/ses-dwi/func/sub-s022_ses-dwi_task-vw_acq-mb4mesl56_run-1_events.tsv	/mnt/ceph/groups_hdd/SCCGroup/neurocognition_lab/ANCLANG/data/sub-s022/ses-mpm/sub-s022_ses-mpm_task-vw_acq-mb4mesl56_run-1_desc-confounds_timeseries.tsv;/mnt/ceph/groups_hdd/SCCGroup/neurocognition_lab/ANCLANG/data/sub-s022/ses-mpm/sub-s022_ses-mpm_task-vw_acq-mb4mesl56_run-2_desc-confounds_timeseries.tsv;/mnt/ceph/groups_hdd/SCCGroup/neurocognition_lab/ANCLANG/data/sub-s022/ses-mov/sub-s022_ses-mov_task-vw_acq-mb4mesl56_run-1_desc-confounds_timeseries.tsv;/mnt/ceph/groups_hdd/SCCGroup/neurocognition_lab/ANCLANG/data/sub-s022/ses-mov/sub-s022_ses-mov_task-vw_acq-mb4mesl56_run-2_desc-confounds_timeseries.tsv;/mnt/ceph/groups_hdd/SCCGroup/neurocognition_lab/ANCLANG/data/sub-s022/ses-dwi/sub-s022_ses-dwi_task-vw_acq-mb4mesl56_run-1_desc-confounds_timeseries.tsv
sub-s022	6	/mnt/ceph/groups_hdd/SCCGroup/neurocognition_lab/ANCLANG/data/sub-s022/ses-mpm/s_sub-s022_ses-mpm_task-vw_run-1_desc-denoised_space-MNI152NLin6Asym_bold.nii;/mnt/ceph/groups_hdd/SCCGroup/neurocognition_lab/ANCLANG/data/sub-s022/ses-mpm/s_sub-s022_ses-mpm_task-vw_run-2_desc-denoised_space-MNI152NLin6Asym_bold.nii;/mnt/ceph/groups_hdd/SCCGroup/neurocognition_lab/ANCLANG/data/sub-s022/ses-mov/s_sub-s022_ses-mov_task-vw_run-1_desc-denoised_space-MNI152NLin6Asym_bold.nii;/mnt/ceph/groups_hdd/SCCGroup/neurocognition_lab/ANCLANG/data/sub-s022/ses-mov/s_sub-s022_ses-mov_task-vw_run-2_desc-denoised_space-MNI152NLin6Asym_bold.nii;/mnt/ceph/groups_hdd/SCCGroup/neurocognition_lab/ANCLANG/data/sub-s022/ses-dwi/s_sub-s022_ses-dwi_task-vw_run-1_desc-denoised_space-MNI152NLin6Asym_bold.nii;/mnt/ceph/groups_hdd/SCCGroup/neurocognition_lab/ANCLANG/data/sub-s022/ses-dwi/s_sub-s022_ses-dwi_task-vw_run-2_desc-denoised_space-MNI152NLin6Asym_bold.nii	/mnt/ceph/groups_hdd/SCCGroup/neurocognition_lab/ANCLANG/anclang/sub-s022/ses-mpm/func/sub-s022_ses-mpm_task-vw_acq-mb4mesl56_run-1_events.tsv;/mnt/ceph/groups_hdd/SCCGroup/neurocognition_lab/ANCLANG/anclang/sub-s022/ses-mpm/func/sub-s022_ses-mpm_task-vw_acq-mb4mesl56_run-2_events.tsv;/mnt/ceph/groups_hdd/SCCGroup/neurocognition_lab/ANCLANG/anclang/sub-s022/ses-mov/func/sub-s022_ses-mov_task-vw_acq-mb4mesl56_run-1_events.tsv;/mnt/ceph/groups_hdd/SCCGroup/neurocognition_lab/ANCLANG/anclang/sub-s022/ses-mov/func/sub-s022_ses-mov_task-vw_acq-mb4mesl56_run-2_events.tsv;/mnt/ceph/groups_hdd/SCCGroup/neurocognition_lab/ANCLANG/anclang/sub-s022/ses-dwi/func/sub-s022_ses-dwi_task-vw_acq-mb4mesl56_run-1_events.tsv;/mnt/ceph/groups_hdd/SCCGroup/neurocognition_lab/ANCLANG/anclang/sub-s022/ses-dwi/func/sub-s022_ses-dwi_task-vw_acq-mb4mesl56_run-2_events.tsv	/mnt/ceph/groups_hdd/SCCGroup/neurocognition_lab/ANCLANG/data/sub-s022/ses-mpm/sub-s022_ses-mpm_task-vw_acq-mb4mesl56_run-1_desc-confounds_timeseries.tsv;/mnt/ceph/groups_hdd/SCCGroup/neurocognition_lab/ANCLANG/data/sub-s022/ses-mpm/sub-s022_ses-mpm_task-vw_acq-mb4mesl56_run-2_desc-confounds_timeseries.tsv;/mnt/ceph/groups_hdd/SCCGroup/neurocognition_lab/ANCLANG/data/sub-s022/ses-mov/sub-s022_ses-mov_task-vw_acq-mb4mesl56_run-1_desc-confounds_timeseries.tsv;/mnt/ceph/groups_hdd/SCCGroup/neurocognition_lab/ANCLANG/data/sub-s022/ses-mov/sub-s022_ses-mov_task-vw_acq-mb4mesl56_run-2_desc-confounds_timeseries.tsv;/mnt/ceph/groups_hdd/SCCGroup/neurocognition_lab/ANCLANG/data/sub-s022/ses-dwi/sub-s022_ses-dwi_task-vw_acq-mb4mesl56_run-1_desc-confounds_timeseries.tsv;/mnt/ceph/groups_hdd/SCCGroup/neurocognition_lab/ANCLANG/data/sub-s022/ses-dwi/sub-s022_ses-dwi_task-vw_acq-mb4mesl56_run-2_desc-confounds_timeseries.tsv
sub-s022	7	/mnt/ceph/groups_hdd/SCCGroup/neurocognition_lab/ANCLANG/data/sub-s022/ses-mpm/s_sub-s022_ses-mpm_task-vw_run-1_desc-denoised_space-MNI152NLin6Asym_bold.nii;/mnt/ceph/groups_hdd/SCCGroup/neurocognition_lab/ANCLANG/data/sub-s022/ses-mpm/s_sub-s022_ses-mpm_task-vw_run-2_desc-denoised_space-MNI152NLin6Asym_bold.nii;/mnt/ceph/groups_hdd/SCCGroup/neurocognition_lab/ANCLANG/data/sub-s022/ses-mov/s_sub-s022_ses-mov_task-vw_run-1_desc-denoised_space-MNI152NLin6Asym_bold.nii;/mnt/ceph/groups_hdd/SCCGroup/neurocognition_lab/ANCLANG/data/sub-s022/ses-mov/s_sub-s022_ses-mov_task-vw_run-2_desc-denoised_space-MNI152NLin6Asym_bold.nii;/mnt/ceph/groups_hdd/SCCGroup/neurocognition_lab/ANCLANG/data/sub-s022/ses-dwi/s_sub-s022_ses-dwi_task-vw_run-1_desc-denoised_space-MNI152NLin6Asym_bold.nii;/mnt/ceph/groups_hdd/SCCGroup/neurocognition_lab/ANCLANG/data/sub-s022/ses-dwi/s_sub-s022_ses-dwi_task-vw_run-2_desc-denoised_space-MNI152NLin6Asym_bold.nii;/mnt/ceph/groups_hdd/SCCGroup/neurocognition_lab/ANCLANG/data/sub-s022/ses-t2w/s_sub-s022_ses-t2w_task-vw_run-1_desc-denoised_space-MNI152NLin6Asym_bold.nii	/mnt/ceph/groups_hdd/SCCGroup/neurocognition_lab/ANCLANG/anclang/sub-s022/ses-mpm/func/sub-s022_ses-mpm_task-vw_acq-mb4mesl56_run-1_events.tsv;/mnt/ceph/groups_hdd/SCCGroup/neurocognition_lab/ANCLANG/anclang/sub-s022/ses-mpm/func/sub-s022_ses-mpm_task-vw_acq-mb4mesl56_run-2_events.tsv;/mnt/ceph/groups_hdd/SCCGroup/neurocognition_lab/ANCLANG/anclang/sub-s022/ses-mov/func/sub-s022_ses-mov_task-vw_acq-mb4mesl56_run-1_events.tsv;/mnt/ceph/groups_hdd/SCCGroup/neurocognition_lab/ANCLANG/anclang/sub-s022/ses-mov/func/sub-s022_ses-mov_task-vw_acq-mb4mesl56_run-2_events.tsv;/mnt/ceph/groups_hdd/SCCGroup/neurocognition_lab/ANCLANG/anclang/sub-s022/ses-dwi/func/sub-s022_ses-dwi_task-vw_acq-mb4mesl56_run-1_events.tsv;/mnt/ceph/groups_hdd/SCCGroup/neurocognition_lab/ANCLANG/anclang/sub-s022/ses-dwi/func/sub-s022_ses-dwi_task-vw_acq-mb4mesl56_run-2_events.tsv;/mnt/ceph/groups_hdd/SCCGroup/neurocognition_lab/ANCLANG/anclang/sub-s022/ses-t2w/func/sub-s022_ses-t2w_task-vw_acq-mb4mesl56_run-1_events.tsv	/mnt/ceph/groups_hdd/SCCGroup/neurocognition_lab/ANCLANG/data/sub-s022/ses-mpm/sub-s022_ses-mpm_task-vw_acq-mb4mesl56_run-1_desc-confounds_timeseries.tsv;/mnt/ceph/groups_hdd/SCCGroup/neurocognition_lab/ANCLANG/data/sub-s022/ses-mpm/sub-s022_ses-mpm_task-vw_acq-mb4mesl56_run-2_desc-confounds_timeseries.tsv;/mnt/ceph/groups_hdd/SCCGroup/neurocognition_lab/ANCLANG/data/sub-s022/ses-mov/sub-s022_ses-mov_task-vw_acq-mb4mesl56_run-1_desc-confounds_timeseries.tsv;/mnt/ceph/groups_hdd/SCCGroup/neurocognition_lab/ANCLANG/data/sub-s022/ses-mov/sub-s022_ses-mov_task-vw_acq-mb4mesl56_run-2_desc-confounds_timeseries.tsv;/mnt/ceph/groups_hdd/SCCGroup/neurocognition_lab/ANCLANG/data/sub-s022/ses-dwi/sub-s022_ses-dwi_task-vw_acq-mb4mesl56_run-1_desc-confounds_timeseries.tsv;/mnt/ceph/groups_hdd/SCCGroup/neurocognition_lab/ANCLANG/data/sub-s022/ses-dwi/sub-s022_ses-dwi_task-vw_acq-mb4mesl56_run-2_desc-confounds_timeseries.tsv;/mnt/ceph/groups_hdd/SCCGroup/neurocognition_lab/ANCLANG/data/sub-s022/ses-t2w/sub-s022_ses-t2w_task-vw_acq-mb4mesl56_run-1_desc-confounds_timeseries.tsv
sub-s022	8	/mnt/ceph/groups_hdd/SCCGroup/neurocognition_lab/ANCLANG/data/sub-s022/ses-mpm/s_sub-s022_ses-mpm_task-vw_run-1_desc-denoised_space-MNI152NLin6Asym_bold.nii;/mnt/ceph/groups_hdd/SCCGroup/neurocognition_lab/ANCLANG/data/sub-s022/ses-mpm/s_sub-s022_ses-mpm_task-vw_run-2_desc-denoised_space-MNI152NLin6Asym_bold.nii;/mnt/ceph/groups_hdd/SCCGroup/neurocognition_lab/ANCLANG/data/sub-s022/ses-mov/s_sub-s022_ses-mov_task-vw_run-1_desc-denoised_space-MNI152NLin6Asym_bold.nii;/mnt/ceph/groups_hdd/SCCGroup/neurocognition_lab/ANCLANG/data/sub-s022/ses-mov/s_sub-s022_ses-mov_task-vw_run-2_desc-denoised_space-MNI152NLin6Asym_bold.nii;/mnt/ceph/groups_hdd/SCCGroup/neurocognition_lab/ANCLANG/data/sub-s022/ses-dwi/s_sub-s022_ses-dwi_task-vw_run-1_desc-denoised_space-MNI152NLin6Asym_bold.nii;/mnt/ceph/groups_hdd/SCCGroup/neurocognition_lab/ANCLANG/data/sub-s022/ses-dwi/s_sub-s022_ses-dwi_task-vw_run-2_desc-denoised_space-MNI152NLin6Asym_bold.nii;/mnt/ceph/groups_hdd/SCCGroup/neurocognition_lab/ANCLANG/data/sub-s022/ses-t2w/s_sub-s022_ses-t2w_task-vw_run-1_desc-denoised_space-MNI152NLin6Asym_bold.nii;/mnt/ceph/groups_hdd/SCCGroup/neurocognition_lab/ANCLANG/data/sub-s022/ses-t2w/s_sub-s022_ses-t2w_task-vw_run-2_desc-denoised_space-MNI152NLin6Asym_bold.nii	/mnt/ceph/groups_hdd/SCCGroup/neurocognition_lab/ANCLANG/anclang/sub-s022/ses-mpm/func/sub-s022_ses-mpm_task-vw_acq-mb4mesl56_run-1_events.tsv;/mnt/ceph/groups_hdd/SCCGroup/neurocognition_lab/ANCLANG/anclang/sub-s022/ses-mpm/func/sub-s022_ses-mpm_task-vw_acq-mb4mesl56_run-2_events.tsv;/mnt/ceph/groups_hdd/SCCGroup/neurocognition_lab/ANCLANG/anclang/sub-s022/ses-mov/func/sub-s022_ses-mov_task-vw_acq-mb4mesl56_run-1_events.tsv;/mnt/ceph/groups_hdd/SCCGroup/neurocognition_lab/ANCLANG/anclang/sub-s022/ses-mov/func/sub-s022_ses-mov_task-vw_acq-mb4mesl56_run-2_events.tsv;/mnt/ceph/groups_hdd/SCCGroup/neurocognition_lab/ANCLANG/anclang/sub-s022/ses-dwi/func/sub-s022_ses-dwi_task-vw_acq-mb4mesl56_run-1_events.tsv;/mnt/ceph/groups_hdd/SCCGroup/neurocognition_lab/ANCLANG/anclang/sub-s022/ses-dwi/func/sub-s022_ses-dwi_task-vw_acq-mb4mesl56_run-2_events.tsv;/mnt/ceph/groups_hdd/SCCGroup/neurocognition_lab/ANCLANG/anclang/sub-s022/ses-t2w/func/sub-s022_ses-t2w_task-vw_acq-mb4mesl56_run-1_events.tsv;/mnt/ceph/groups_hdd/SCCGroup/neurocognition_lab/ANCLANG/anclang/sub-s022/ses-t2w/func/sub-s022_ses-t2w_task-vw_acq-mb4mesl56_run-2_events.tsv	/mnt/ceph/groups_hdd/SCCGroup/neurocognition_lab/ANCLANG/data/sub-s022/ses-mpm/sub-s022_ses-mpm_task-vw_acq-mb4mesl56_run-1_desc-confounds_timeseries.tsv;/mnt/ceph/groups_hdd/SCCGroup/neurocognition_lab/ANCLANG/data/sub-s022/ses-mpm/sub-s022_ses-mpm_task-vw_acq-mb4mesl56_run-2_desc-confounds_timeseries.tsv;/mnt/ceph/groups_hdd/SCCGroup/neurocognition_lab/ANCLANG/data/sub-s022/ses-mov/sub-s022_ses-mov_task-vw_acq-mb4mesl56_run-1_desc-confounds_timeseries.tsv;/mnt/ceph/groups_hdd/SCCGroup/neurocognition_lab/ANCLANG/data/sub-s022/ses-mov/sub-s022_ses-mov_task-vw_acq-mb4mesl56_run-2_desc-confounds_timeseries.tsv;/mnt/ceph/groups_hdd/SCCGroup/neurocognition_lab/ANCLANG/data/sub-s022/ses-dwi/sub-s022_ses-dwi_task-vw_acq-mb4mesl56_run-1_desc-confounds_timeseries.tsv;/mnt/ceph/groups_hdd/SCCGroup/neurocognition_lab/ANCLANG/data/sub-s022/ses-dwi/sub-s022_ses-dwi_task-vw_acq-mb4mesl56_run-2_desc-confounds_timeseries.tsv;/mnt/ceph/groups_hdd/SCCGroup/neurocognition_lab/ANCLANG/data/sub-s022/ses-t2w/sub-s022_ses-t2w_task-vw_acq-mb4mesl56_run-1_desc-confounds_timeseries.tsv;/mnt/ceph/groups_hdd/SCCGroup/neurocognition_lab/ANCLANG/data/sub-s022/ses-t2w/sub-s022_ses-t2w_task-vw_acq-mb4mesl56_run-2_desc-confounds_timeseries.tsv
sub-s024	1	/mnt/ceph/groups_hdd/SCCGroup/neurocognition_lab/ANCLANG/data/sub-s024/ses-mpm/s_sub-s024_ses-mpm_task-vw_run-1_desc-denoised_space-MNI152NLin6Asym_bold.nii	/mnt/ceph/groups_hdd/SCCGroup/neurocognition_lab/ANCLANG/anclang/sub-s024/ses-mpm/func/sub-s024_ses-mpm_task-vw_acq-mb4mesl56_run-1_events.tsv	/mnt/ceph/groups_hdd/SCCGroup/neurocognition_lab/ANCLANG/data/sub-s024/ses-mpm/sub-s024_ses-mpm_task-vw_acq-mb4mesl56_run-1_desc-confounds_timeseries.tsv
sub-s024	2	/mnt/ceph/groups_hdd/SCCGroup/neurocognition_lab/ANCLANG/data/sub-s024/ses-mpm/s_sub-s024_ses-mpm_task-vw_run-1_desc-denoised_space-MNI152NLin6Asym_bold.nii;/mnt/ceph/groups_hdd/SCCGroup/neurocognition_lab/ANCLANG/data/sub-s024/ses-mpm/s_sub-s024_ses-mpm_task-vw_run-2_desc-denoised_space-MNI152NLin6Asym_bold.nii	/mnt/ceph/groups_hdd/SCCGroup/neurocognition_lab/ANCLANG/anclang/sub-s024/ses-mpm/func/sub-s024_ses-mpm_task-vw_acq-mb4mesl56_run-1_events.tsv;/mnt/ceph/groups_hdd/SCCGroup/neurocognition_lab/ANCLANG/anclang/sub-s024/ses-mpm/func/sub-s024_ses-mpm_task-vw_acq-mb4mesl56_run-2_events.tsv	/mnt/ceph/groups_hdd/SCCGroup/neurocognition_lab/ANCLANG/data/sub-s024/ses-mpm/sub-s024_ses-mpm_task-vw_acq-mb4mesl56_run-1_desc-confounds_timeseries.tsv;/mnt/ceph/groups_hdd/SCCGroup/neurocognition_lab/ANCLANG/data/sub-s024/ses-mpm/sub-s024_ses-mpm_task-vw_acq-mb4mesl56_run-2_desc-confounds_timeseries.tsv
sub-s024	3	/mnt/ceph/groups_hdd/SCCGroup/neurocognition_lab/ANCLANG/data/sub-s024/ses-mpm/s_sub-s024_ses-mpm_task-vw_run-1_desc-denoised_space-MNI152NLin6Asym_bold.nii;/mnt/ceph/groups_hdd/SCCGroup/neurocognition_lab/ANCLANG/data/sub-s024/ses-mpm/s_sub-s024_ses-mpm_task-vw_run-2_desc-denoised_space-MNI152NLin6Asym_bold.nii;/mnt/ceph/groups_hdd/SCCGroup/neurocognition_lab/ANCLANG/data/sub-s024/ses-mov/s_sub-s024_ses-mov_task-vw_run-1_desc-denoised_space-MNI152NLin6Asym_bold.nii	/mnt/ceph/groups_hdd/SCCGroup/neurocognition_lab/ANCLANG/anclang/sub-s024/ses-mpm/func/sub-s024_ses-mpm_task-vw_acq-mb4mesl56_run-1_events.tsv;/mnt/ceph/groups_hdd/SCCGroup/neurocognition_lab/ANCLANG/anclang/sub-s024/ses-mpm/func/sub-s024_ses-mpm_task-vw_acq-mb4mesl56_run-2_events.tsv;/mnt/ceph/groups_hdd/SCCGroup/neurocognition_lab/ANCLANG/anclang/sub-s024/ses-mov/func/sub-s024_ses-mov_task-vw_acq-mb4mesl56_run-1_events.tsv	/mnt/ceph/groups_hdd/SCCGroup/neurocognition_lab/ANCLANG/data/sub-s024/ses-mpm/sub-s024_ses-mpm_task-vw_acq-mb4mesl56_run-1_desc-confounds_timeseries.tsv;/mnt/ceph/groups_hdd/SCCGroup/neurocognition_lab/ANCLANG/data/sub-s024/ses-mpm/sub-s024_ses-mpm_task-vw_acq-mb4mesl56_run-2_desc-confounds_timeseries.tsv;/mnt/ceph/groups_hdd/SCCGroup/neurocognition_lab/ANCLANG/data/sub-s024/ses-mov/sub-s024_ses-mov_task-vw_acq-mb4mesl56_run-1_desc-confounds_timeseries.tsv
sub-s024	4	/mnt/ceph/groups_hdd/SCCGroup/neurocognition_lab/ANCLANG/data/sub-s024/ses-mpm/s_sub-s024_ses-mpm_task-vw_run-1_desc-denoised_space-MNI152NLin6Asym_bold.nii;/mnt/ceph/groups_hdd/SCCGroup/neurocognition_lab/ANCLANG/data/sub-s024/ses-mpm/s_sub-s024_ses-mpm_task-vw_run-2_desc-denoised_space-MNI152NLin6Asym_bold.nii;/mnt/ceph/groups_hdd/SCCGroup/neurocognition_lab/ANCLANG/data/sub-s024/ses-mov/s_sub-s024_ses-mov_task-vw_run-1_desc-denoised_space-MNI152NLin6Asym_bold.nii;/mnt/ceph/groups_hdd/SCCGroup/neurocognition_lab/ANCLANG/data/sub-s024/ses-mov/s_sub-s024_ses-mov_task-vw_run-2_desc-denoised_space-MNI152NLin6Asym_bold.nii	/mnt/ceph/groups_hdd/SCCGroup/neurocognition_lab/ANCLANG/anclang/sub-s024/ses-mpm/func/sub-s024_ses-mpm_task-vw_acq-mb4mesl56_run-1_events.tsv;/mnt/ceph/groups_hdd/SCCGroup/neurocognition_lab/ANCLANG/anclang/sub-s024/ses-mpm/func/sub-s024_ses-mpm_task-vw_acq-mb4mesl56_run-2_events.tsv;/mnt/ceph/groups_hdd/SCCGroup/neurocognition_lab/ANCLANG/anclang/sub-s024/ses-mov/func/sub-s024_ses-mov_task-vw_acq-mb4mesl56_run-1_events.tsv;/mnt/ceph/groups_hdd/SCCGroup/neurocognition_lab/ANCLANG/anclang/sub-s024/ses-mov/func/sub-s024_ses-mov_task-vw_acq-mb4mesl56_run-2_events.tsv	/mnt/ceph/groups_hdd/SCCGroup/neurocognition_lab/ANCLANG/data/sub-s024/ses-mpm/sub-s024_ses-mpm_task-vw_acq-mb4mesl56_run-1_desc-confounds_timeseries.tsv;/mnt/ceph/groups_hdd/SCCGroup/neurocognition_lab/ANCLANG/data/sub-s024/ses-mpm/sub-s024_ses-mpm_task-vw_acq-mb4mesl56_run-2_desc-confounds_timeseries.tsv;/mnt/ceph/groups_hdd/SCCGroup/neurocognition_lab/ANCLANG/data/sub-s024/ses-mov/sub-s024_ses-mov_task-vw_acq-mb4mesl56_run-1_desc-confounds_timeseries.tsv;/mnt/ceph/groups_hdd/SCCGroup/neurocognition_lab/ANCLANG/data/sub-s024/ses-mov/sub-s024_ses-mov_task-vw_acq-mb4mesl56_run-2_desc-confounds_timeseries.tsv
sub-s024	5	/mnt/ceph/groups_hdd/SCCGroup/neurocognition_lab/ANCLANG/data/sub-s024/ses-mpm/s_sub-s024_ses-mpm_task-vw_run-1_desc-denoised_space-MNI152NLin6Asym_bold.nii;/mnt/ceph/groups_hdd/SCCGroup/neurocognition_lab/ANCLANG/data/sub-s024/ses-mpm/s_sub-s024_ses-mpm_task-vw_run-2_desc-denoised_space-MNI152NLin6Asym_bold.nii;/mnt/ceph/groups_hdd/SCCGroup/neurocognition_lab/ANCLANG/data/sub-s024/ses-mov/s_sub-s024_ses-mov_task-vw_run-1_desc-denoised_space-MNI152NLin6Asym_bold.nii;/mnt/ceph/groups_hdd/SCCGroup/neurocognition_lab/ANCLANG/data/sub-s024/ses-mov/s_sub-s024_ses-mov_task-vw_run-2_desc-denoised_space-MNI152NLin6Asym_bold.nii;/mnt/ceph/groups_hdd/SCCGroup/neurocognition_lab/ANCLANG/data/sub-s024/ses-dwi/s_sub-s024_ses-dwi_task-vw_run-1_desc-denoised_space-MNI152NLin6Asym_bold.nii	/mnt/ceph/groups_hdd/SCCGroup/neurocognition_lab/ANCLANG/anclang/sub-s024/ses-mpm/func/sub-s024_ses-mpm_task-vw_acq-mb4mesl56_run-1_events.tsv;/mnt/ceph/groups_hdd/SCCGroup/neurocognition_lab/ANCLANG/anclang/sub-s024/ses-mpm/func/sub-s024_ses-mpm_task-vw_acq-mb4mesl56_run-2_events.tsv;/mnt/ceph/groups_hdd/SCCGroup/neurocognition_lab/ANCLANG/anclang/sub-s024/ses-mov/func/sub-s024_ses-mov_task-vw_acq-mb4mesl56_run-1_events.tsv;/mnt/ceph/groups_hdd/SCCGroup/neurocognition_lab/ANCLANG/anclang/sub-s024/ses-mov/func/sub-s024_ses-mov_task-vw_acq-mb4mesl56_run-2_events.tsv;/mnt/ceph/groups_hdd/SCCGroup/neurocognition_lab/ANCLANG/anclang/sub-s024/ses-dwi/func/sub-s024_ses-dwi_task-vw_acq-mb4mesl56_run-1_events.tsv	/mnt/ceph/groups_hdd/SCCGroup/neurocognition_lab/ANCLANG/data/sub-s024/ses-mpm/sub-s024_ses-mpm_task-vw_acq-mb4mesl56_run-1_desc-confounds_timeseries.tsv;/mnt/ceph/groups_hdd/SCCGroup/neurocognition_lab/ANCLANG/data/sub-s024/ses-mpm/sub-s024_ses-mpm_task-vw_acq-mb4mesl56_run-2_desc-confounds_timeseries.tsv;/mnt/ceph/groups_hdd/SCCGroup/neurocognition_lab/ANCLANG/data/sub-s024/ses-mov/sub-s024_ses-mov_task-vw_acq-mb4mesl56_run-1_desc-confounds_timeseries.tsv;/mnt/ceph/groups_hdd/SCCGroup/neurocognition_lab/ANCLANG/data/sub-s024/ses-mov/sub-s024_ses-mov_task-vw_acq-mb4mesl56_run-2_desc-confounds_timeseries.tsv;/mnt/ceph/groups_hdd/SCCGroup/neurocognition_lab/ANCLANG/data/sub-s024/ses-dwi/sub-s024_ses-dwi_task-vw_acq-mb4mesl56_run-1_desc-confounds_timeseries.tsv
sub-s024	6	/mnt/ceph/groups_hdd/SCCGroup/neurocognition_lab/ANCLANG/data/sub-s024/ses-mpm/s_sub-s024_ses-mpm_task-vw_run-1_desc-denoised_space-MNI152NLin6Asym_bold.nii;/mnt/ceph/groups_hdd/SCCGroup/neurocognition_lab/ANCLANG/data/sub-s024/ses-mpm/s_sub-s024_ses-mpm_task-vw_run-2_desc-denoised_space-MNI152NLin6Asym_bold.nii;/mnt/ceph/groups_hdd/SCCGroup/neurocognition_lab/ANCLANG/data/sub-s024/ses-mov/s_sub-s024_ses-mov_task-vw_run-1_desc-denoised_space-MNI152NLin6Asym_bold.nii;/mnt/ceph/groups_hdd/SCCGroup/neurocognition_lab/ANCLANG/data/sub-s024/ses-mov/s_sub-s024_ses-mov_task-vw_run-2_desc-denoised_space-MNI152NLin6Asym_bold.nii;/mnt/ceph/groups_hdd/SCCGroup/neurocognition_lab/ANCLANG/data/sub-s024/ses-dwi/s_sub-s024_ses-dwi_task-vw_run-1_desc-denoised_space-MNI152NLin6Asym_bold.nii;/mnt/ceph/groups_hdd/SCCGroup/neurocognition_lab/ANCLANG/data/sub-s024/ses-dwi/s_sub-s024_ses-dwi_task-vw_run-2_desc-denoised_space-MNI152NLin6Asym_bold.nii	/mnt/ceph/groups_hdd/SCCGroup/neurocognition_lab/ANCLANG/anclang/sub-s024/ses-mpm/func/sub-s024_ses-mpm_task-vw_acq-mb4mesl56_run-1_events.tsv;/mnt/ceph/groups_hdd/SCCGroup/neurocognition_lab/ANCLANG/anclang/sub-s024/ses-mpm/func/sub-s024_ses-mpm_task-vw_acq-mb4mesl56_run-2_events.tsv;/mnt/ceph/groups_hdd/SCCGroup/neurocognition_lab/ANCLANG/anclang/sub-s024/ses-mov/func/sub-s024_ses-mov_task-vw_acq-mb4mesl56_run-1_events.tsv;/mnt/ceph/groups_hdd/SCCGroup/neurocognition_lab/ANCLANG/anclang/sub-s024/ses-mov/func/sub-s024_ses-mov_task-vw_acq-mb4mesl56_run-2_events.tsv;/mnt/ceph/groups_hdd/SCCGroup/neurocognition_lab/ANCLANG/anclang/sub-s024/ses-dwi/func/sub-s024_ses-dwi_task-vw_acq-mb4mesl56_run-1_events.tsv;/mnt/ceph/groups_hdd/SCCGroup/neurocognition_lab/ANCLANG/anclang/sub-s024/ses-dwi/func/sub-s024_ses-dwi_task-vw_acq-mb4mesl56_run-2_events.tsv	/mnt/ceph/groups_hdd/SCCGroup/neurocognition_lab/ANCLANG/data/sub-s024/ses-mpm/sub-s024_ses-mpm_task-vw_acq-mb4mesl56_run-1_desc-confounds_timeseries.tsv;/mnt/ceph/groups_hdd/SCCGroup/neurocognition_lab/ANCLANG/data/sub-s024/ses-mpm/sub-s024_ses-mpm_task-vw_acq-mb4mesl56_run-2_desc-confounds_timeseries.tsv;/mnt/ceph/groups_hdd/SCCGroup/neurocognition_lab/ANCLANG/data/sub-s024/ses-mov/sub-s024_ses-mov_task-vw_acq-mb4mesl56_run-1_desc-confounds_timeseries.tsv;/mnt/ceph/groups_hdd/SCCGroup/neurocognition_lab/ANCLANG/data/sub-s024/ses-mov/sub-s024_ses-mov_task-vw_acq-mb4mesl56_run-2_desc-confounds_timeseries.tsv;/mnt/ceph/groups_hdd/SCCGroup/neurocognition_lab/ANCLANG/data/sub-s024/ses-dwi/sub-s024_ses-dwi_task-vw_acq-mb4mesl56_run-1_desc-confounds_timeseries.tsv;/mnt/ceph/groups_hdd/SCCGroup/neurocognition_lab/ANCLANG/data/sub-s024/ses-dwi/sub-s024_ses-dwi_task-vw_acq-mb4mesl56_run-2_desc-confounds_timeseries.tsv
sub-s024	7	/mnt/ceph/groups_hdd/SCCGroup/neurocognition_lab/ANCLANG/data/sub-s024/ses-mpm/s_sub-s024_ses-mpm_task-vw_run-1_desc-denoised_space-MNI152NLin6Asym_bold.nii;/mnt/ceph/groups_hdd/SCCGroup/neurocognition_lab/ANCLANG/data/sub-s024/ses-mpm/s_sub-s024_ses-mpm_task-vw_run-2_desc-denoised_space-MNI152NLin6Asym_bold.nii;/mnt/ceph/groups_hdd/SCCGroup/neurocognition_lab/ANCLANG/data/sub-s024/ses-mov/s_sub-s024_ses-mov_task-vw_run-1_desc-denoised_space-MNI152NLin6Asym_bold.nii;/mnt/ceph/groups_hdd/SCCGroup/neurocognition_lab/ANCLANG/data/sub-s024/ses-mov/s_sub-s024_ses-mov_task-vw_run-2_desc-denoised_space-MNI152NLin6Asym_bold.nii;/mnt/ceph/groups_hdd/SCCGroup/neurocognition_lab/ANCLANG/data/sub-s024/ses-dwi/s_sub-s024_ses-dwi_task-vw_run-1_desc-denoised_space-MNI152NLin6Asym_bold.nii;/mnt/ceph/groups_hdd/SCCGroup/neurocognition_lab/ANCLANG/data/sub-s024/ses-dwi/s_sub-s024_ses-dwi_task-vw_run-2_desc-denoised_space-MNI152NLin6Asym_bold.nii;/mnt/ceph/groups_hdd/SCCGroup/neurocognition_lab/ANCLANG/data/sub-s024/ses-t2w/s_sub-s024_ses-t2w_task-vw_run-1_desc-denoised_space-MNI152NLin6Asym_bold.nii	/mnt/ceph/groups_hdd/SCCGroup/neurocognition_lab/ANCLANG/anclang/sub-s024/ses-mpm/func/sub-s024_ses-mpm_task-vw_acq-mb4mesl56_run-1_events.tsv;/mnt/ceph/groups_hdd/SCCGroup/neurocognition_lab/ANCLANG/anclang/sub-s024/ses-mpm/func/sub-s024_ses-mpm_task-vw_acq-mb4mesl56_run-2_events.tsv;/mnt/ceph/groups_hdd/SCCGroup/neurocognition_lab/ANCLANG/anclang/sub-s024/ses-mov/func/sub-s024_ses-mov_task-vw_acq-mb4mesl56_run-1_events.tsv;/mnt/ceph/groups_hdd/SCCGroup/neurocognition_lab/ANCLANG/anclang/sub-s024/ses-mov/func/sub-s024_ses-mov_task-vw_acq-mb4mesl56_run-2_events.tsv;/mnt/ceph/groups_hdd/SCCGroup/neurocognition_lab/ANCLANG/anclang/sub-s024/ses-dwi/func/sub-s024_ses-dwi_task-vw_acq-mb4mesl56_run-1_events.tsv;/mnt/ceph/groups_hdd/SCCGroup/neurocognition_lab/ANCLANG/anclang/sub-s024/ses-dwi/func/sub-s024_ses-dwi_task-vw_acq-mb4mesl56_run-2_events.tsv;/mnt/ceph/groups_hdd/SCCGroup/neurocognition_lab/ANCLANG/anclang/sub-s024/ses-t2w/func/sub-s024_ses-t2w_task-vw_acq-mb4mesl56_run-1_events.tsv	/mnt/ceph/groups_hdd/SCCGroup/neurocognition_lab/ANCLANG/data/sub-s024/ses-mpm/sub-s024_ses-mpm_task-vw_acq-mb4mesl56_run-1_desc-confounds_timeseries.tsv;/mnt/ceph/groups_hdd/SCCGroup/neurocognition_lab/ANCLANG/data/sub-s024/ses-mpm/sub-s024_ses-mpm_task-vw_acq-mb4mesl56_run-2_desc-confounds_timeseries.tsv;/mnt/ceph/groups_hdd/SCCGroup/neurocognition_lab/ANCLANG/data/sub-s024/ses-mov/sub-s024_ses-mov_task-vw_acq-mb4mesl56_run-1_desc-confounds_timeseries.tsv;/mnt/ceph/groups_hdd/SCCGroup/neurocognition_lab/ANCLANG/data/sub-s024/ses-mov/sub-s024_ses-mov_task-vw_acq-mb4mesl56_run-2_desc-confounds_timeseries.tsv;/mnt/ceph/groups_hdd/SCCGroup/neurocognition_lab/ANCLANG/data/sub-s024/ses-dwi/sub-s024_ses-dwi_task-vw_acq-mb4mesl56_run-1_desc-confounds_timeseries.tsv;/mnt/ceph/groups_hdd/SCCGroup/neurocognition_lab/ANCLANG/data/sub-s024/ses-dwi/sub-s024_ses-dwi_task-vw_acq-mb4mesl56_run-2_desc-confounds_timeseries.tsv;/mnt/ceph/groups_hdd/SCCGroup/neurocognition_lab/ANCLANG/data/sub-s024/ses-t2w/sub-s024_ses-t2w_task-vw_acq-mb4mesl56_run-1_desc-confounds_timeseries.tsv
sub-s024	8	/mnt/ceph/groups_hdd/SCCGroup/neurocognition_lab/ANCLANG/data/sub-s024/ses-mpm/s_sub-s024_ses-mpm_task-vw_run-1_desc-denoised_space-MNI152NLin6Asym_bold.nii;/mnt/ceph/groups_hdd/SCCGroup/neurocognition_lab/ANCLANG/data/sub-s024/ses-mpm/s_sub-s024_ses-mpm_task-vw_run-2_desc-denoised_space-MNI152NLin6Asym_bold.nii;/mnt/ceph/groups_hdd/SCCGroup/neurocognition_lab/ANCLANG/data/sub-s024/ses-mov/s_sub-s024_ses-mov_task-vw_run-1_desc-denoised_space-MNI152NLin6Asym_bold.nii;/mnt/ceph/groups_hdd/SCCGroup/neurocognition_lab/ANCLANG/data/sub-s024/ses-mov/s_sub-s024_ses-mov_task-vw_run-2_desc-denoised_space-MNI152NLin6Asym_bold.nii;/mnt/ceph/groups_hdd/SCCGroup/neurocognition_lab/ANCLANG/data/sub-s024/ses-dwi/s_sub-s024_ses-dwi_task-vw_run-1_desc-denoised_space-MNI152NLin6Asym_bold.nii;/mnt/ceph/groups_hdd/SCCGroup/neurocognition_lab/ANCLANG/data/sub-s024/ses-dwi/s_sub-s024_ses-dwi_task-vw_run-2_desc-denoised_space-MNI152NLin6Asym_bold.nii;/mnt/ceph/groups_hdd/SCCGroup/neurocognition_lab/ANCLANG/data/sub-s024/ses-t2w/s_sub-s024_ses-t2w_task-vw_run-1_desc-denoised_space-MNI152NLin6Asym_bold.nii;/mnt/ceph/groups_hdd/SCCGroup/neurocognition_lab/ANCLANG/data/sub-s024/ses-t2w/s_sub-s024_ses-t2w_task-vw_run-2_desc-denoised_space-MNI152NLin6Asym_bold.nii	/mnt/ceph/groups_hdd/SCCGroup/neurocognition_lab/ANCLANG/anclang/sub-s024/ses-mpm/func/sub-s024_ses-mpm_task-vw_acq-mb4mesl56_run-1_events.tsv;/mnt/ceph/groups_hdd/SCCGroup/neurocognition_lab/ANCLANG/anclang/sub-s024/ses-mpm/func/sub-s024_ses-mpm_task-vw_acq-mb4mesl56_run-2_events.tsv;/mnt/ceph/groups_hdd/SCCGroup/neurocognition_lab/ANCLANG/anclang/sub-s024/ses-mov/func/sub-s024_ses-mov_task-vw_acq-mb4mesl56_run-1_events.tsv;/mnt/ceph/groups_hdd/SCCGroup/neurocognition_lab/ANCLANG/anclang/sub-s024/ses-mov/func/sub-s024_ses-mov_task-vw_acq-mb4mesl56_run-2_events.tsv;/mnt/ceph/groups_hdd/SCCGroup/neurocognition_lab/ANCLANG/anclang/sub-s024/ses-dwi/func/sub-s024_ses-dwi_task-vw_acq-mb4mesl56_run-1_events.tsv;/mnt/ceph/groups_hdd/SCCGroup/neurocognition_lab/ANCLANG/anclang/sub-s024/ses-dwi/func/sub-s024_ses-dwi_task-vw_acq-mb4mesl56_run-2_events.tsv;/mnt/ceph/groups_hdd/SCCGroup/neurocognition_lab/ANCLANG/anclang/sub-s024/ses-t2w/func/sub-s024_ses-t2w_task-vw_acq-mb4mesl56_run-1_events.tsv;/mnt/ceph/groups_hdd/SCCGroup/neurocognition_lab/ANCLANG/anclang/sub-s024/ses-t2w/func/sub-s024_ses-t2w_task-vw_acq-mb4mesl56_run-2_events.tsv	/mnt/ceph/groups_hdd/SCCGroup/neurocognition_lab/ANCLANG/data/sub-s024/ses-mpm/sub-s024_ses-mpm_task-vw_acq-mb4mesl56_run-1_desc-confounds_timeseries.tsv;/mnt/ceph/groups_hdd/SCCGroup/neurocognition_lab/ANCLANG/data/sub-s024/ses-mpm/sub-s024_ses-mpm_task-vw_acq-mb4mesl56_run-2_desc-confounds_timeseries.tsv;/mnt/ceph/groups_hdd/SCCGroup/neurocognition_lab/ANCLANG/data/sub-s024/ses-mov/sub-s024_ses-mov_task-vw_acq-mb4mesl56_run-1_desc-confounds_timeseries.tsv;/mnt/ceph/groups_hdd/SCCGroup/neurocognition_lab/ANCLANG/data/sub-s024/ses-mov/sub-s024_ses-mov_task-vw_acq-mb4mesl56_run-2_desc-confounds_timeseries.tsv;/mnt/ceph/groups_hdd/SCCGroup/neurocognition_lab/ANCLANG/data/sub-s024/ses-dwi/sub-s024_ses-dwi_task-vw_acq-mb4mesl56_run-1_desc-confounds_timeseries.tsv;/mnt/ceph/groups_hdd/SCCGroup/neurocognition_lab/ANCLANG/data/sub-s024/ses-dwi/sub-s024_ses-dwi_task-vw_acq-mb4mesl56_run-2_desc-confounds_timeseries.tsv;/mnt/ceph/groups_hdd/SCCGroup/neurocognition_lab/ANCLANG/data/sub-s024/ses-t2w/sub-s024_ses-t2w_task-vw_acq-mb4mesl56_run-1_desc-confounds_timeseries.tsv;/mnt/ceph/groups_hdd/SCCGroup/neurocognition_lab/ANCLANG/data/sub-s024/ses-t2w/sub-s024_ses-t2w_task-vw_acq-mb4mesl56_run-2_desc-confounds_timeseries.tsv
sub-s025	1	/mnt/ceph/groups_hdd/SCCGroup/neurocognition_lab/ANCLANG/data/sub-s025/ses-t2w/s_sub-s025_ses-t2w_task-vw_run-1_desc-denoised_space-MNI152NLin6Asym_bold.nii	/mnt/ceph/groups_hdd/SCCGroup/neurocognition_lab/ANCLANG/anclang/sub-s025/ses-t2w/func/sub-s025_ses-t2w_task-vw_acq-mb4mesl56_run-1_events.tsv	/mnt/ceph/groups_hdd/SCCGroup/neurocognition_lab/ANCLANG/data/sub-s025/ses-t2w/sub-s025_ses-t2w_task-vw_acq-mb4mesl56_run-1_desc-confounds_timeseries.tsv
sub-s025	2	/mnt/ceph/groups_hdd/SCCGroup/neurocognition_lab/ANCLANG/data/sub-s025/ses-t2w/s_sub-s025_ses-t2w_task-vw_run-1_desc-denoised_space-MNI152NLin6Asym_bold.nii;/mnt/ceph/groups_hdd/SCCGroup/neurocognition_lab/ANCLANG/data/sub-s025/ses-t2w/s_sub-s025_ses-t2w_task-vw_run-2_desc-denoised_space-MNI152NLin6Asym_bold.nii	/mnt/ceph/groups_hdd/SCCGroup/neurocognition_lab/ANCLANG/anclang/sub-s025/ses-t2w/func/sub-s025_ses-t2w_task-vw_acq-mb4mesl56_run-1_events.tsv;/mnt/ceph/groups_hdd/SCCGroup/neurocognition_lab/ANCLANG/anclang/sub-s025/ses-t2w/func/sub-s025_ses-t2w_task-vw_acq-mb4mesl56_run-2_events.tsv	/mnt/ceph/groups_hdd/SCCGroup/neurocognition_lab/ANCLANG/data/sub-s025/ses-t2w/sub-s025_ses-t2w_task-vw_acq-mb4mesl56_run-1_desc-confounds_timeseries.tsv;/mnt/ceph/groups_hdd/SCCGroup/neurocognition_lab/ANCLANG/data/sub-s025/ses-t2w/sub-s025_ses-t2w_task-vw_acq-mb4mesl56_run-2_desc-confounds_timeseries.tsv
sub-s025	3	/mnt/ceph/groups_hdd/SCCGroup/neurocognition_lab/ANCLANG/data/sub-s025/ses-t2w/s_sub-s025_ses-t2w_task-vw_run-1_desc-denoised_space-MNI152NLin6Asym_bold.nii;/mnt/ceph/groups_hdd/SCCGroup/neurocognition_lab/ANCLANG/data/sub-s025/ses-t2w/s_sub-s025_ses-t2w_task-vw_run-2_desc-denoised_space-MNI152NLin6Asym_bold.nii;/mnt/ceph/groups_hdd/SCCGroup/neurocognition_lab/ANCLANG/data/sub-s025/ses-dwi/s_sub-s025_ses-dwi_task-vw_run-1_desc-denoised_space-MNI152NLin6Asym_bold.nii	/mnt/ceph/groups_hdd/SCCGroup/neurocognition_lab/ANCLANG/anclang/sub-s025/ses-t2w/func/sub-s025_ses-t2w_task-vw_acq-mb4mesl56_run-1_events.tsv;/mnt/ceph/groups_hdd/SCCGroup/neurocognition_lab/ANCLANG/anclang/sub-s025/ses-t2w/func/sub-s025_ses-t2w_task-vw_acq-mb4mesl56_run-2_events.tsv;/mnt/ceph/groups_hdd/SCCGroup/neurocognition_lab/ANCLANG/anclang/sub-s025/ses-dwi/func/sub-s025_ses-dwi_task-vw_acq-mb4mesl56_run-1_events.tsv	/mnt/ceph/groups_hdd/SCCGroup/neurocognition_lab/ANCLANG/data/sub-s025/ses-t2w/sub-s025_ses-t2w_task-vw_acq-mb4mesl56_run-1_desc-confounds_timeseries.tsv;/mnt/ceph/groups_hdd/SCCGroup/neurocognition_lab/ANCLANG/data/sub-s025/ses-t2w/sub-s025_ses-t2w_task-vw_acq-mb4mesl56_run-2_desc-confounds_timeseries.tsv;/mnt/ceph/groups_hdd/SCCGroup/neurocognition_lab/ANCLANG/data/sub-s025/ses-dwi/sub-s025_ses-dwi_task-vw_acq-mb4mesl56_run-1_desc-confounds_timeseries.tsv
sub-s025	4	/mnt/ceph/groups_hdd/SCCGroup/neurocognition_lab/ANCLANG/data/sub-s025/ses-t2w/s_sub-s025_ses-t2w_task-vw_run-1_desc-denoised_space-MNI152NLin6Asym_bold.nii;/mnt/ceph/groups_hdd/SCCGroup/neurocognition_lab/ANCLANG/data/sub-s025/ses-t2w/s_sub-s025_ses-t2w_task-vw_run-2_desc-denoised_space-MNI152NLin6Asym_bold.nii;/mnt/ceph/groups_hdd/SCCGroup/neurocognition_lab/ANCLANG/data/sub-s025/ses-dwi/s_sub-s025_ses-dwi_task-vw_run-1_desc-denoised_space-MNI152NLin6Asym_bold.nii;/mnt/ceph/groups_hdd/SCCGroup/neurocognition_lab/ANCLANG/data/sub-s025/ses-dwi/s_sub-s025_ses-dwi_task-vw_run-2_desc-denoised_space-MNI152NLin6Asym_bold.nii	/mnt/ceph/groups_hdd/SCCGroup/neurocognition_lab/ANCLANG/anclang/sub-s025/ses-t2w/func/sub-s025_ses-t2w_task-vw_acq-mb4mesl56_run-1_events.tsv;/mnt/ceph/groups_hdd/SCCGroup/neurocognition_lab/ANCLANG/anclang/sub-s025/ses-t2w/func/sub-s025_ses-t2w_task-vw_acq-mb4mesl56_run-2_events.tsv;/mnt/ceph/groups_hdd/SCCGroup/neurocognition_lab/ANCLANG/anclang/sub-s025/ses-dwi/func/sub-s025_ses-dwi_task-vw_acq-mb4mesl56_run-1_events.tsv;/mnt/ceph/groups_hdd/SCCGroup/neurocognition_lab/ANCLANG/anclang/sub-s025/ses-dwi/func/sub-s025_ses-dwi_task-vw_acq-mb4mesl56_run-2_events.tsv	/mnt/ceph/groups_hdd/SCCGroup/neurocognition_lab/ANCLANG/data/sub-s025/ses-t2w/sub-s025_ses-t2w_task-vw_acq-mb4mesl56_run-1_desc-confounds_timeseries.tsv;/mnt/ceph/groups_hdd/SCCGroup/neurocognition_lab/ANCLANG/data/sub-s025/ses-t2w/sub-s025_ses-t2w_task-vw_acq-mb4mesl56_run-2_desc-confounds_timeseries.tsv;/mnt/ceph/groups_hdd/SCCGroup/neurocognition_lab/ANCLANG/data/sub-s025/ses-dwi/sub-s025_ses-dwi_task-vw_acq-mb4mesl56_run-1_desc-confounds_timeseries.tsv;/mnt/ceph/groups_hdd/SCCGroup/neurocognition_lab/ANCLANG/data/sub-s025/ses-dwi/sub-s025_ses-dwi_task-vw_acq-mb4mesl56_run-2_desc-confounds_timeseries.tsv
sub-s025	5	/mnt/ceph/groups_hdd/SCCGroup/neurocognition_lab/ANCLANG/data/sub-s025/ses-t2w/s_sub-s025_ses-t2w_task-vw_run-1_desc-denoised_space-MNI152NLin6Asym_bold.nii;/mnt/ceph/groups_hdd/SCCGroup/neurocognition_lab/ANCLANG/data/sub-s025/ses-t2w/s_sub-s025_ses-t2w_task-vw_run-2_desc-denoised_space-MNI152NLin6Asym_bold.nii;/mnt/ceph/groups_hdd/SCCGroup/neurocognition_lab/ANCLANG/data/sub-s025/ses-dwi/s_sub-s025_ses-dwi_task-vw_run-1_desc-denoised_space-MNI152NLin6Asym_bold.nii;/mnt/ceph/groups_hdd/SCCGroup/neurocognition_lab/ANCLANG/data/sub-s025/ses-dwi/s_sub-s025_ses-dwi_task-vw_run-2_desc-denoised_space-MNI152NLin6Asym_bold.nii;/mnt/ceph/groups_hdd/SCCGroup/neurocognition_lab/ANCLANG/data/sub-s025/ses-mov/s_sub-s025_ses-mov_task-vw_run-1_desc-denoised_space-MNI152NLin6Asym_bold.nii	/mnt/ceph/groups_hdd/SCCGroup/neurocognition_lab/ANCLANG/anclang/sub-s025/ses-t2w/func/sub-s025_ses-t2w_task-vw_acq-mb4mesl56_run-1_events.tsv;/mnt/ceph/groups_hdd/SCCGroup/neurocognition_lab/ANCLANG/anclang/sub-s025/ses-t2w/func/sub-s025_ses-t2w_task-vw_acq-mb4mesl56_run-2_events.tsv;/mnt/ceph/groups_hdd/SCCGroup/neurocognition_lab/ANCLANG/anclang/sub-s025/ses-dwi/func/sub-s025_ses-dwi_task-vw_acq-mb4mesl56_run-1_events.tsv;/mnt/ceph/groups_hdd/SCCGroup/neurocognition_lab/ANCLANG/anclang/sub-s025/ses-dwi/func/sub-s025_ses-dwi_task-vw_acq-mb4mesl56_run-2_events.tsv;/mnt/ceph/groups_hdd/SCCGroup/neurocognition_lab/ANCLANG/anclang/sub-s025/ses-mov/func/sub-s025_ses-mov_task-vw_acq-mb4mesl56_run-1_events.tsv	/mnt/ceph/groups_hdd/SCCGroup/neurocognition_lab/ANCLANG/data/sub-s025/ses-t2w/sub-s025_ses-t2w_task-vw_acq-mb4mesl56_run-1_desc-confounds_timeseries.tsv;/mnt/ceph/groups_hdd/SCCGroup/neurocognition_lab/ANCLANG/data/sub-s025/ses-t2w/sub-s025_ses-t2w_task-vw_acq-mb4mesl56_run-2_desc-confounds_timeseries.tsv;/mnt/ceph/groups_hdd/SCCGroup/neurocognition_lab/ANCLANG/data/sub-s025/ses-dwi/sub-s025_ses-dwi_task-vw_acq-mb4mesl56_run-1_desc-confounds_timeseries.tsv;/mnt/ceph/groups_hdd/SCCGroup/neurocognition_lab/ANCLANG/data/sub-s025/ses-dwi/sub-s025_ses-dwi_task-vw_acq-mb4mesl56_run-2_desc-confounds_timeseries.tsv;/mnt/ceph/groups_hdd/SCCGroup/neurocognition_lab/ANCLANG/data/sub-s025/ses-mov/sub-s025_ses-mov_task-vw_acq-mb4mesl56_run-1_desc-confounds_timeseries.tsv
sub-s025	6	/mnt/ceph/groups_hdd/SCCGroup/neurocognition_lab/ANCLANG/data/sub-s025/ses-t2w/s_sub-s025_ses-t2w_task-vw_run-1_desc-denoised_space-MNI152NLin6Asym_bold.nii;/mnt/ceph/groups_hdd/SCCGroup/neurocognition_lab/ANCLANG/data/sub-s025/ses-t2w/s_sub-s025_ses-t2w_task-vw_run-2_desc-denoised_space-MNI152NLin6Asym_bold.nii;/mnt/ceph/groups_hdd/SCCGroup/neurocognition_lab/ANCLANG/data/sub-s025/ses-dwi/s_sub-s025_ses-dwi_task-vw_run-1_desc-denoised_space-MNI152NLin6Asym_bold.nii;/mnt/ceph/groups_hdd/SCCGroup/neurocognition_lab/ANCLANG/data/sub-s025/ses-dwi/s_sub-s025_ses-dwi_task-vw_run-2_desc-denoised_space-MNI152NLin6Asym_bold.nii;/mnt/ceph/groups_hdd/SCCGroup/neurocognition_lab/ANCLANG/data/sub-s025/ses-mov/s_sub-s025_ses-mov_task-vw_run-1_desc-denoised_space-MNI152NLin6Asym_bold.nii;/mnt/ceph/groups_hdd/SCCGroup/neurocognition_lab/ANCLANG/data/sub-s025/ses-mov/s_sub-s025_ses-mov_task-vw_run-2_desc-denoised_space-MNI152NLin6Asym_bold.nii	/mnt/ceph/groups_hdd/SCCGroup/neurocognition_lab/ANCLANG/anclang/sub-s025/ses-t2w/func/sub-s025_ses-t2w_task-vw_acq-mb4mesl56_run-1_events.tsv;/mnt/ceph/groups_hdd/SCCGroup/neurocognition_lab/ANCLANG/anclang/sub-s025/ses-t2w/func/sub-s025_ses-t2w_task-vw_acq-mb4mesl56_run-2_events.tsv;/mnt/ceph/groups_hdd/SCCGroup/neurocognition_lab/ANCLANG/anclang/sub-s025/ses-dwi/func/sub-s025_ses-dwi_task-vw_acq-mb4mesl56_run-1_events.tsv;/mnt/ceph/groups_hdd/SCCGroup/neurocognition_lab/ANCLANG/anclang/sub-s025/ses-dwi/func/sub-s025_ses-dwi_task-vw_acq-mb4mesl56_run-2_events.tsv;/mnt/ceph/groups_hdd/SCCGroup/neurocognition_lab/ANCLANG/anclang/sub-s025/ses-mov/func/sub-s025_ses-mov_task-vw_acq-mb4mesl56_run-1_events.tsv;/mnt/ceph/groups_hdd/SCCGroup/neurocognition_lab/ANCLANG/anclang/sub-s025/ses-mov/func/sub-s025_ses-mov_task-vw_acq-mb4mesl56_run-2_events.tsv	/mnt/ceph/groups_hdd/SCCGroup/neurocognition_lab/ANCLANG/data/sub-s025/ses-t2w/sub-s025_ses-t2w_task-vw_acq-mb4mesl56_run-1_desc-confounds_timeseries.tsv;/mnt/ceph/groups_hdd/SCCGroup/neurocognition_lab/ANCLANG/data/sub-s025/ses-t2w/sub-s025_ses-t2w_task-vw_acq-mb4mesl56_run-2_desc-confounds_timeseries.tsv;/mnt/ceph/groups_hdd/SCCGroup/neurocognition_lab/ANCLANG/data/sub-s025/ses-dwi/sub-s025_ses-dwi_task-vw_acq-mb4mesl56_run-1_desc-confounds_timeseries.tsv;/mnt/ceph/groups_hdd/SCCGroup/neurocognition_lab/ANCLANG/data/sub-s025/ses-dwi/sub-s025_ses-dwi_task-vw_acq-mb4mesl56_run-2_desc-confounds_timeseries.tsv;/mnt/ceph/groups_hdd/SCCGroup/neurocognition_lab/ANCLANG/data/sub-s025/ses-mov/sub-s025_ses-mov_task-vw_acq-mb4mesl56_run-1_desc-confounds_timeseries.tsv;/mnt/ceph/groups_hdd/SCCGroup/neurocognition_lab/ANCLANG/data/sub-s025/ses-mov/sub-s025_ses-mov_task-vw_acq-mb4mesl56_run-2_desc-confounds_timeseries.tsv
sub-s025	7	/mnt/ceph/groups_hdd/SCCGroup/neurocognition_lab/ANCLANG/data/sub-s025/ses-t2w/s_sub-s025_ses-t2w_task-vw_run-1_desc-denoised_space-MNI152NLin6Asym_bold.nii;/mnt/ceph/groups_hdd/SCCGroup/neurocognition_lab/ANCLANG/data/sub-s025/ses-t2w/s_sub-s025_ses-t2w_task-vw_run-2_desc-denoised_space-MNI152NLin6Asym_bold.nii;/mnt/ceph/groups_hdd/SCCGroup/neurocognition_lab/ANCLANG/data/sub-s025/ses-dwi/s_sub-s025_ses-dwi_task-vw_run-1_desc-denoised_space-MNI152NLin6Asym_bold.nii;/mnt/ceph/groups_hdd/SCCGroup/neurocognition_lab/ANCLANG/data/sub-s025/ses-dwi/s_sub-s025_ses-dwi_task-vw_run-2_desc-denoised_space-MNI152NLin6Asym_bold.nii;/mnt/ceph/groups_hdd/SCCGroup/neurocognition_lab/ANCLANG/data/sub-s025/ses-mov/s_sub-s025_ses-mov_task-vw_run-1_desc-denoised_space-MNI152NLin6Asym_bold.nii;/mnt/ceph/groups_hdd/SCCGroup/neurocognition_lab/ANCLANG/data/sub-s025/ses-mov/s_sub-s025_ses-mov_task-vw_run-2_desc-denoised_space-MNI152NLin6Asym_bold.nii;/mnt/ceph/groups_hdd/SCCGroup/neurocognition_lab/ANCLANG/data/sub-s025/ses-mpm/s_sub-s025_ses-mpm_task-vw_run-1_desc-denoised_space-MNI152NLin6Asym_bold.nii	/mnt/ceph/groups_hdd/SCCGroup/neurocognition_lab/ANCLANG/anclang/sub-s025/ses-t2w/func/sub-s025_ses-t2w_task-vw_acq-mb4mesl56_run-1_events.tsv;/mnt/ceph/groups_hdd/SCCGroup/neurocognition_lab/ANCLANG/anclang/sub-s025/ses-t2w/func/sub-s025_ses-t2w_task-vw_acq-mb4mesl56_run-2_events.tsv;/mnt/ceph/groups_hdd/SCCGroup/neurocognition_lab/ANCLANG/anclang/sub-s025/ses-dwi/func/sub-s025_ses-dwi_task-vw_acq-mb4mesl56_run-1_events.tsv;/mnt/ceph/groups_hdd/SCCGroup/neurocognition_lab/ANCLANG/anclang/sub-s025/ses-dwi/func/sub-s025_ses-dwi_task-vw_acq-mb4mesl56_run-2_events.tsv;/mnt/ceph/groups_hdd/SCCGroup/neurocognition_lab/ANCLANG/anclang/sub-s025/ses-mov/func/sub-s025_ses-mov_task-vw_acq-mb4mesl56_run-1_events.tsv;/mnt/ceph/groups_hdd/SCCGroup/neurocognition_lab/ANCLANG/anclang/sub-s025/ses-mov/func/sub-s025_ses-mov_task-vw_acq-mb4mesl56_run-2_events.tsv;/mnt/ceph/groups_hdd/SCCGroup/neurocognition_lab/ANCLANG/anclang/sub-s025/ses-mpm/func/sub-s025_ses-mpm_task-vw_acq-mb4mesl56_run-1_events.tsv	/mnt/ceph/groups_hdd/SCCGroup/neurocognition_lab/ANCLANG/data/sub-s025/ses-t2w/sub-s025_ses-t2w_task-vw_acq-mb4mesl56_run-1_desc-confounds_timeseries.tsv;/mnt/ceph/groups_hdd/SCCGroup/neurocognition_lab/ANCLANG/data/sub-s025/ses-t2w/sub-s025_ses-t2w_task-vw_acq-mb4mesl56_run-2_desc-confounds_timeseries.tsv;/mnt/ceph/groups_hdd/SCCGroup/neurocognition_lab/ANCLANG/data/sub-s025/ses-dwi/sub-s025_ses-dwi_task-vw_acq-mb4mesl56_run-1_desc-confounds_timeseries.tsv;/mnt/ceph/groups_hdd/SCCGroup/neurocognition_lab/ANCLANG/data/sub-s025/ses-dwi/sub-s025_ses-dwi_task-vw_acq-mb4mesl56_run-2_desc-confounds_timeseries.tsv;/mnt/ceph/groups_hdd/SCCGroup/neurocognition_lab/ANCLANG/data/sub-s025/ses-mov/sub-s025_ses-mov_task-vw_acq-mb4mesl56_run-1_desc-confounds_timeseries.tsv;/mnt/ceph/groups_hdd/SCCGroup/neurocognition_lab/ANCLANG/data/sub-s025/ses-mov/sub-s025_ses-mov_task-vw_acq-mb4mesl56_run-2_desc-confounds_timeseries.tsv;/mnt/ceph/groups_hdd/SCCGroup/neurocognition_lab/ANCLANG/data/sub-s025/ses-mpm/sub-s025_ses-mpm_task-vw_acq-mb4mesl56_run-1_desc-confounds_timeseries.tsv
sub-s025	8	/mnt/ceph/groups_hdd/SCCGroup/neurocognition_lab/ANCLANG/data/sub-s025/ses-t2w/s_sub-s025_ses-t2w_task-vw_run-1_desc-denoised_space-MNI152NLin6Asym_bold.nii;/mnt/ceph/groups_hdd/SCCGroup/neurocognition_lab/ANCLANG/data/sub-s025/ses-t2w/s_sub-s025_ses-t2w_task-vw_run-2_desc-denoised_space-MNI152NLin6Asym_bold.nii;/mnt/ceph/groups_hdd/SCCGroup/neurocognition_lab/ANCLANG/data/sub-s025/ses-dwi/s_sub-s025_ses-dwi_task-vw_run-1_desc-denoised_space-MNI152NLin6Asym_bold.nii;/mnt/ceph/groups_hdd/SCCGroup/neurocognition_lab/ANCLANG/data/sub-s025/ses-dwi/s_sub-s025_ses-dwi_task-vw_run-2_desc-denoised_space-MNI152NLin6Asym_bold.nii;/mnt/ceph/groups_hdd/SCCGroup/neurocognition_lab/ANCLANG/data/sub-s025/ses-mov/s_sub-s025_ses-mov_task-vw_run-1_desc-denoised_space-MNI152NLin6Asym_bold.nii;/mnt/ceph/groups_hdd/SCCGroup/neurocognition_lab/ANCLANG/data/sub-s025/ses-mov/s_sub-s025_ses-mov_task-vw_run-2_desc-denoised_space-MNI152NLin6Asym_bold.nii;/mnt/ceph/groups_hdd/SCCGroup/neurocognition_lab/ANCLANG/data/sub-s025/ses-mpm/s_sub-s025_ses-mpm_task-vw_run-1_desc-denoised_space-MNI152NLin6Asym_bold.nii;/mnt/ceph/groups_hdd/SCCGroup/neurocognition_lab/ANCLANG/data/sub-s025/ses-mpm/s_sub-s025_ses-mpm_task-vw_run-2_desc-denoised_space-MNI152NLin6Asym_bold.nii	/mnt/ceph/groups_hdd/SCCGroup/neurocognition_lab/ANCLANG/anclang/sub-s025/ses-t2w/func/sub-s025_ses-t2w_task-vw_acq-mb4mesl56_run-1_events.tsv;/mnt/ceph/groups_hdd/SCCGroup/neurocognition_lab/ANCLANG/anclang/sub-s025/ses-t2w/func/sub-s025_ses-t2w_task-vw_acq-mb4mesl56_run-2_events.tsv;/mnt/ceph/groups_hdd/SCCGroup/neurocognition_lab/ANCLANG/anclang/sub-s025/ses-dwi/func/sub-s025_ses-dwi_task-vw_acq-mb4mesl56_run-1_events.tsv;/mnt/ceph/groups_hdd/SCCGroup/neurocognition_lab/ANCLANG/anclang/sub-s025/ses-dwi/func/sub-s025_ses-dwi_task-vw_acq-mb4mesl56_run-2_events.tsv;/mnt/ceph/groups_hdd/SCCGroup/neurocognition_lab/ANCLANG/anclang/sub-s025/ses-mov/func/sub-s025_ses-mov_task-vw_acq-mb4mesl56_run-1_events.tsv;/mnt/ceph/groups_hdd/SCCGroup/neurocognition_lab/ANCLANG/anclang/sub-s025/ses-mov/func/sub-s025_ses-mov_task-vw_acq-mb4mesl56_run-2_events.tsv;/mnt/ceph/groups_hdd/SCCGroup/neurocognition_lab/ANCLANG/anclang/sub-s025/ses-mpm/func/sub-s025_ses-mpm_task-vw_acq-mb4mesl56_run-1_events.tsv;/mnt/ceph/groups_hdd/SCCGroup/neurocognition_lab/ANCLANG/anclang/sub-s025/ses-mpm/func/sub-s025_ses-mpm_task-vw_acq-mb4mesl56_run-2_events.tsv	/mnt/ceph/groups_hdd/SCCGroup/neurocognition_lab/ANCLANG/data/sub-s025/ses-t2w/sub-s025_ses-t2w_task-vw_acq-mb4mesl56_run-1_desc-confounds_timeseries.tsv;/mnt/ceph/groups_hdd/SCCGroup/neurocognition_lab/ANCLANG/data/sub-s025/ses-t2w/sub-s025_ses-t2w_task-vw_acq-mb4mesl56_run-2_desc-confounds_timeseries.tsv;/mnt/ceph/groups_hdd/SCCGroup/neurocognition_lab/ANCLANG/data/sub-s025/ses-dwi/sub-s025_ses-dwi_task-vw_acq-mb4mesl56_run-1_desc-confounds_timeseries.tsv;/mnt/ceph/groups_hdd/SCCGroup/neurocognition_lab/ANCLANG/data/sub-s025/ses-dwi/sub-s025_ses-dwi_task-vw_acq-mb4mesl56_run-2_desc-confounds_timeseries.tsv;/mnt/ceph/groups_hdd/SCCGroup/neurocognition_lab/ANCLANG/data/sub-s025/ses-mov/sub-s025_ses-mov_task-vw_acq-mb4mesl56_run-1_desc-confounds_timeseries.tsv;/mnt/ceph/groups_hdd/SCCGroup/neurocognition_lab/ANCLANG/data/sub-s025/ses-mov/sub-s025_ses-mov_task-vw_acq-mb4mesl56_run-2_desc-confounds_timeseries.tsv;/mnt/ceph/groups_hdd/SCCGroup/neurocognition_lab/ANCLANG/data/sub-s025/ses-mpm/sub-s025_ses-mpm_task-vw_acq-mb4mesl56_run-1_desc-confounds_timeseries.tsv;/mnt/ceph/groups_hdd/SCCGroup/neurocognition_lab/ANCLANG/data/sub-s025/ses-mpm/sub-s025_ses-mpm_task-vw_acq-mb4mesl56_run-2_desc-confounds_timeseries.tsv
sub-s026	1	/mnt/ceph/groups_hdd/SCCGroup/neurocognition_lab/ANCLANG/data/sub-s026/ses-t2w/s_sub-s026_ses-t2w_task-vw_run-1_desc-denoised_space-MNI152NLin6Asym_bold.nii	/mnt/ceph/groups_hdd/SCCGroup/neurocognition_lab/ANCLANG/anclang/sub-s026/ses-t2w/func/sub-s026_ses-t2w_task-vw_acq-mb4mesl56_run-1_events.tsv	/mnt/ceph/groups_hdd/SCCGroup/neurocognition_lab/ANCLANG/data/sub-s026/ses-t2w/sub-s026_ses-t2w_task-vw_acq-mb4mesl56_run-1_desc-confounds_timeseries.tsv
sub-s026	2	/mnt/ceph/groups_hdd/SCCGroup/neurocognition_lab/ANCLANG/data/sub-s026/ses-t2w/s_sub-s026_ses-t2w_task-vw_run-1_desc-denoised_space-MNI152NLin6Asym_bold.nii;/mnt/ceph/groups_hdd/SCCGroup/neurocognition_lab/ANCLANG/data/sub-s026/ses-t2w/s_sub-s026_ses-t2w_task-vw_run-2_desc-denoised_space-MNI152NLin6Asym_bold.nii	/mnt/ceph/groups_hdd/SCCGroup/neurocognition_lab/ANCLANG/anclang/sub-s026/ses-t2w/func/sub-s026_ses-t2w_task-vw_acq-mb4mesl56_run-1_events.tsv;/mnt/ceph/groups_hdd/SCCGroup/neurocognition_lab/ANCLANG/anclang/sub-s026/ses-t2w/func/sub-s026_ses-t2w_task-vw_acq-mb4mesl56_run-2_events.tsv	/mnt/ceph/groups_hdd/SCCGroup/neurocognition_lab/ANCLANG/data/sub-s026/ses-t2w/sub-s026_ses-t2w_task-vw_acq-mb4mesl56_run-1_desc-confounds_timeseries.tsv;/mnt/ceph/groups_hdd/SCCGroup/neurocognition_lab/ANCLANG/data/sub-s026/ses-t2w/sub-s026_ses-t2w_task-vw_acq-mb4mesl56_run-2_desc-confounds_timeseries.tsv
sub-s026	3	/mnt/ceph/groups_hdd/SCCGroup/neurocognition_lab/ANCLANG/data/sub-s026/ses-t2w/s_sub-s026_ses-t2w_task-vw_run-1_desc-denoised_space-MNI152NLin6Asym_bold.nii;/mnt/ceph/groups_hdd/SCCGroup/neurocognition_lab/ANCLANG/data/sub-s026/ses-t2w/s_sub-s026_ses-t2w_task-vw_run-2_desc-denoised_space-MNI152NLin6Asym_bold.nii;/mnt/ceph/groups_hdd/SCCGroup/neurocognition_lab/ANCLANG/data/sub-s026/ses-dwi/s_sub-s026_ses-dwi_task-vw_run-1_desc-denoised_space-MNI152NLin6Asym_bold.nii	/mnt/ceph/groups_hdd/SCCGroup/neurocognition_lab/ANCLANG/anclang/sub-s026/ses-t2w/func/sub-s026_ses-t2w_task-vw_acq-mb4mesl56_run-1_events.tsv;/mnt/ceph/groups_hdd/SCCGroup/neurocognition_lab/ANCLANG/anclang/sub-s026/ses-t2w/func/sub-s026_ses-t2w_task-vw_acq-mb4mesl56_run-2_events.tsv;/mnt/ceph/groups_hdd/SCCGroup/neurocognition_lab/ANCLANG/anclang/sub-s026/ses-dwi/func/sub-s026_ses-dwi_task-vw_acq-mb4mesl56_run-1_events.tsv	/mnt/ceph/groups_hdd/SCCGroup/neurocognition_lab/ANCLANG/data/sub-s026/ses-t2w/sub-s026_ses-t2w_task-vw_acq-mb4mesl56_run-1_desc-confounds_timeseries.tsv;/mnt/ceph/groups_hdd/SCCGroup/neurocognition_lab/ANCLANG/data/sub-s026/ses-t2w/sub-s026_ses-t2w_task-vw_acq-mb4mesl56_run-2_desc-confounds_timeseries.tsv;/mnt/ceph/groups_hdd/SCCGroup/neurocognition_lab/ANCLANG/data/sub-s026/ses-dwi/sub-s026_ses-dwi_task-vw_acq-mb4mesl56_run-1_desc-confounds_timeseries.tsv
sub-s026	4	/mnt/ceph/groups_hdd/SCCGroup/neurocognition_lab/ANCLANG/data/sub-s026/ses-t2w/s_sub-s026_ses-t2w_task-vw_run-1_desc-denoised_space-MNI152NLin6Asym_bold.nii;/mnt/ceph/groups_hdd/SCCGroup/neurocognition_lab/ANCLANG/data/sub-s026/ses-t2w/s_sub-s026_ses-t2w_task-vw_run-2_desc-denoised_space-MNI152NLin6Asym_bold.nii;/mnt/ceph/groups_hdd/SCCGroup/neurocognition_lab/ANCLANG/data/sub-s026/ses-dwi/s_sub-s026_ses-dwi_task-vw_run-1_desc-denoised_space-MNI152NLin6Asym_bold.nii;/mnt/ceph/groups_hdd/SCCGroup/neurocognition_lab/ANCLANG/data/sub-s026/ses-dwi/s_sub-s026_ses-dwi_task-vw_run-2_desc-denoised_space-MNI152NLin6Asym_bold.nii	/mnt/ceph/groups_hdd/SCCGroup/neurocognition_lab/ANCLANG/anclang/sub-s026/ses-t2w/func/sub-s026_ses-t2w_task-vw_acq-mb4mesl56_run-1_events.tsv;/mnt/ceph/groups_hdd/SCCGroup/neurocognition_lab/ANCLANG/anclang/sub-s026/ses-t2w/func/sub-s026_ses-t2w_task-vw_acq-mb4mesl56_run-2_events.tsv;/mnt/ceph/groups_hdd/SCCGroup/neurocognition_lab/ANCLANG/anclang/sub-s026/ses-dwi/func/sub-s026_ses-dwi_task-vw_acq-mb4mesl56_run-1_events.tsv;/mnt/ceph/groups_hdd/SCCGroup/neurocognition_lab/ANCLANG/anclang/sub-s026/ses-dwi/func/sub-s026_ses-dwi_task-vw_acq-mb4mesl56_run-2_events.tsv	/mnt/ceph/groups_hdd/SCCGroup/neurocognition_lab/ANCLANG/data/sub-s026/ses-t2w/sub-s026_ses-t2w_task-vw_acq-mb4mesl56_run-1_desc-confounds_timeseries.tsv;/mnt/ceph/groups_hdd/SCCGroup/neurocognition_lab/ANCLANG/data/sub-s026/ses-t2w/sub-s026_ses-t2w_task-vw_acq-mb4mesl56_run-2_desc-confounds_timeseries.tsv;/mnt/ceph/groups_hdd/SCCGroup/neurocognition_lab/ANCLANG/data/sub-s026/ses-dwi/sub-s026_ses-dwi_task-vw_acq-mb4mesl56_run-1_desc-confounds_timeseries.tsv;/mnt/ceph/groups_hdd/SCCGroup/neurocognition_lab/ANCLANG/data/sub-s026/ses-dwi/sub-s026_ses-dwi_task-vw_acq-mb4mesl56_run-2_desc-confounds_timeseries.tsv
sub-s026	5	/mnt/ceph/groups_hdd/SCCGroup/neurocognition_lab/ANCLANG/data/sub-s026/ses-t2w/s_sub-s026_ses-t2w_task-vw_run-1_desc-denoised_space-MNI152NLin6Asym_bold.nii;/mnt/ceph/groups_hdd/SCCGroup/neurocognition_lab/ANCLANG/data/sub-s026/ses-t2w/s_sub-s026_ses-t2w_task-vw_run-2_desc-denoised_space-MNI152NLin6Asym_bold.nii;/mnt/ceph/groups_hdd/SCCGroup/neurocognition_lab/ANCLANG/data/sub-s026/ses-dwi/s_sub-s026_ses-dwi_task-vw_run-1_desc-denoised_space-MNI152NLin6Asym_bold.nii;/mnt/ceph/groups_hdd/SCCGroup/neurocognition_lab/ANCLANG/data/sub-s026/ses-dwi/s_sub-s026_ses-dwi_task-vw_run-2_desc-denoised_space-MNI152NLin6Asym_bold.nii;/mnt/ceph/groups_hdd/SCCGroup/neurocognition_lab/ANCLANG/data/sub-s026/ses-mov/s_sub-s026_ses-mov_task-vw_run-1_desc-denoised_space-MNI152NLin6Asym_bold.nii	/mnt/ceph/groups_hdd/SCCGroup/neurocognition_lab/ANCLANG/anclang/sub-s026/ses-t2w/func/sub-s026_ses-t2w_task-vw_acq-mb4mesl56_run-1_events.tsv;/mnt/ceph/groups_hdd/SCCGroup/neurocognition_lab/ANCLANG/anclang/sub-s026/ses-t2w/func/sub-s026_ses-t2w_task-vw_acq-mb4mesl56_run-2_events.tsv;/mnt/ceph/groups_hdd/SCCGroup/neurocognition_lab/ANCLANG/anclang/sub-s026/ses-dwi/func/sub-s026_ses-dwi_task-vw_acq-mb4mesl56_run-1_events.tsv;/mnt/ceph/groups_hdd/SCCGroup/neurocognition_lab/ANCLANG/anclang/sub-s026/ses-dwi/func/sub-s026_ses-dwi_task-vw_acq-mb4mesl56_run-2_events.tsv;/mnt/ceph/groups_hdd/SCCGroup/neurocognition_lab/ANCLANG/anclang/sub-s026/ses-mov/func/sub-s026_ses-mov_task-vw_acq-mb4mesl56_run-1_events.tsv	/mnt/ceph/groups_hdd/SCCGroup/neurocognition_lab/ANCLANG/data/sub-s026/ses-t2w/sub-s026_ses-t2w_task-vw_acq-mb4mesl56_run-1_desc-confounds_timeseries.tsv;/mnt/ceph/groups_hdd/SCCGroup/neurocognition_lab/ANCLANG/data/sub-s026/ses-t2w/sub-s026_ses-t2w_task-vw_acq-mb4mesl56_run-2_desc-confounds_timeseries.tsv;/mnt/ceph/groups_hdd/SCCGroup/neurocognition_lab/ANCLANG/data/sub-s026/ses-dwi/sub-s026_ses-dwi_task-vw_acq-mb4mesl56_run-1_desc-confounds_timeseries.tsv;/mnt/ceph/groups_hdd/SCCGroup/neurocognition_lab/ANCLANG/data/sub-s026/ses-dwi/sub-s026_ses-dwi_task-vw_acq-mb4mesl56_run-2_desc-confounds_timeseries.tsv;/mnt/ceph/groups_hdd/SCCGroup/neurocognition_lab/ANCLANG/data/sub-s026/ses-mov/sub-s026_ses-mov_task-vw_acq-mb4mesl56_run-1_desc-confounds_timeseries.tsv
sub-s026	6	/mnt/ceph/groups_hdd/SCCGroup/neurocognition_lab/ANCLANG/data/sub-s026/ses-t2w/s_sub-s026_ses-t2w_task-vw_run-1_desc-denoised_space-MNI152NLin6Asym_bold.nii;/mnt/ceph/groups_hdd/SCCGroup/neurocognition_lab/ANCLANG/data/sub-s026/ses-t2w/s_sub-s026_ses-t2w_task-vw_run-2_desc-denoised_space-MNI152NLin6Asym_bold.nii;/mnt/ceph/groups_hdd/SCCGroup/neurocognition_lab/ANCLANG/data/sub-s026/ses-dwi/s_sub-s026_ses-dwi_task-vw_run-1_desc-denoised_space-MNI152NLin6Asym_bold.nii;/mnt/ceph/groups_hdd/SCCGroup/neurocognition_lab/ANCLANG/data/sub-s026/ses-dwi/s_sub-s026_ses-dwi_task-vw_run-2_desc-denoised_space-MNI152NLin6Asym_bold.nii;/mnt/ceph/groups_hdd/SCCGroup/neurocognition_lab/ANCLANG/data/sub-s026/ses-mov/s_sub-s026_ses-mov_task-vw_run-1_desc-denoised_space-MNI152NLin6Asym_bold.nii;/mnt/ceph/groups_hdd/SCCGroup/neurocognition_lab/ANCLANG/data/sub-s026/ses-mov/s_sub-s026_ses-mov_task-vw_run-2_desc-denoised_space-MNI152NLin6Asym_bold.nii	/mnt/ceph/groups_hdd/SCCGroup/neurocognition_lab/ANCLANG/anclang/sub-s026/ses-t2w/func/sub-s026_ses-t2w_task-vw_acq-mb4mesl56_run-1_events.tsv;/mnt/ceph/groups_hdd/SCCGroup/neurocognition_lab/ANCLANG/anclang/sub-s026/ses-t2w/func/sub-s026_ses-t2w_task-vw_acq-mb4mesl56_run-2_events.tsv;/mnt/ceph/groups_hdd/SCCGroup/neurocognition_lab/ANCLANG/anclang/sub-s026/ses-dwi/func/sub-s026_ses-dwi_task-vw_acq-mb4mesl56_run-1_events.tsv;/mnt/ceph/groups_hdd/SCCGroup/neurocognition_lab/ANCLANG/anclang/sub-s026/ses-dwi/func/sub-s026_ses-dwi_task-vw_acq-mb4mesl56_run-2_events.tsv;/mnt/ceph/groups_hdd/SCCGroup/neurocognition_lab/ANCLANG/anclang/sub-s026/ses-mov/func/sub-s026_ses-mov_task-vw_acq-mb4mesl56_run-1_events.tsv;/mnt/ceph/groups_hdd/SCCGroup/neurocognition_lab/ANCLANG/anclang/sub-s026/ses-mov/func/sub-s026_ses-mov_task-vw_acq-mb4mesl56_run-2_events.tsv	/mnt/ceph/groups_hdd/SCCGroup/neurocognition_lab/ANCLANG/data/sub-s026/ses-t2w/sub-s026_ses-t2w_task-vw_acq-mb4mesl56_run-1_desc-confounds_timeseries.tsv;/mnt/ceph/groups_hdd/SCCGroup/neurocognition_lab/ANCLANG/data/sub-s026/ses-t2w/sub-s026_ses-t2w_task-vw_acq-mb4mesl56_run-2_desc-confounds_timeseries.tsv;/mnt/ceph/groups_hdd/SCCGroup/neurocognition_lab/ANCLANG/data/sub-s026/ses-dwi/sub-s026_ses-dwi_task-vw_acq-mb4mesl56_run-1_desc-confounds_timeseries.tsv;/mnt/ceph/groups_hdd/SCCGroup/neurocognition_lab/ANCLANG/data/sub-s026/ses-dwi/sub-s026_ses-dwi_task-vw_acq-mb4mesl56_run-2_desc-confounds_timeseries.tsv;/mnt/ceph/groups_hdd/SCCGroup/neurocognition_lab/ANCLANG/data/sub-s026/ses-mov/sub-s026_ses-mov_task-vw_acq-mb4mesl56_run-1_desc-confounds_timeseries.tsv;/mnt/ceph/groups_hdd/SCCGroup/neurocognition_lab/ANCLANG/data/sub-s026/ses-mov/sub-s026_ses-mov_task-vw_acq-mb4mesl56_run-2_desc-confounds_timeseries.tsv
sub-s026	7	/mnt/ceph/groups_hdd/SCCGroup/neurocognition_lab/ANCLANG/data/sub-s026/ses-t2w/s_sub-s026_ses-t2w_task-vw_run-1_desc-denoised_space-MNI152NLin6Asym_bold.nii;/mnt/ceph/groups_hdd/SCCGroup/neurocognition_lab/ANCLANG/data/sub-s026/ses-t2w/s_sub-s026_ses-t2w_task-vw_run-2_desc-denoised_space-MNI152NLin6Asym_bold.nii;/mnt/ceph/groups_hdd/SCCGroup/neurocognition_lab/ANCLANG/data/sub-s026/ses-dwi/s_sub-s026_ses-dwi_task-vw_run-1_desc-denoised_space-MNI152NLin6Asym_bold.nii;/mnt/ceph/groups_hdd/SCCGroup/neurocognition_lab/ANCLANG/data/sub-s026/ses-dwi/s_sub-s026_ses-dwi_task-vw_run-2_desc-denoised_space-MNI152NLin6Asym_bold.nii;/mnt/ceph/groups_hdd/SCCGroup/neurocognition_lab/ANCLANG/data/sub-s026/ses-mov/s_sub-s026_ses-mov_task-vw_run-1_desc-denoised_space-MNI152NLin6Asym_bold.nii;/mnt/ceph/groups_hdd/SCCGroup/neurocognition_lab/ANCLANG/data/sub-s026/ses-mov/s_sub-s026_ses-mov_task-vw_run-2_desc-denoised_space-MNI152NLin6Asym_bold.nii;/mnt/ceph/groups_hdd/SCCGroup/neurocognition_lab/ANCLANG/data/sub-s026/ses-mpm/s_sub-s026_ses-mpm_task-vw_run-1_desc-denoised_space-MNI152NLin6Asym_bold.nii	/mnt/ceph/groups_hdd/SCCGroup/neurocognition_lab/ANCLANG/anclang/sub-s026/ses-t2w/func/sub-s026_ses-t2w_task-vw_acq-mb4mesl56_run-1_events.tsv;/mnt/ceph/groups_hdd/SCCGroup/neurocognition_lab/ANCLANG/anclang/sub-s026/ses-t2w/func/sub-s026_ses-t2w_task-vw_acq-mb4mesl56_run-2_events.tsv;/mnt/ceph/groups_hdd/SCCGroup/neurocognition_lab/ANCLANG/anclang/sub-s026/ses-dwi/func/sub-s026_ses-dwi_task-vw_acq-mb4mesl56_run-1_events.tsv;/mnt/ceph/groups_hdd/SCCGroup/neurocognition_lab/ANCLANG/anclang/sub-s026/ses-dwi/func/sub-s026_ses-dwi_task-vw_acq-mb4mesl56_run-2_events.tsv;/mnt/ceph/groups_hdd/SCCGroup/neurocognition_lab/ANCLANG/anclang/sub-s026/ses-mov/func/sub-s026_ses-mov_task-vw_acq-mb4mesl56_run-1_events.tsv;/mnt/ceph/groups_hdd/SCCGroup/neurocognition_lab/ANCLANG/anclang/sub-s026/ses-mov/func/sub-s026_ses-mov_task-vw_acq-mb4mesl56_run-2_events.tsv;/mnt/ceph/groups_hdd/SCCGroup/neurocognition_lab/ANCLANG/anclang/sub-s026/ses-mpm/func/sub-s026_ses-mpm_task-vw_acq-mb4mesl56_run-1_events.tsv	/mnt/ceph/groups_hdd/SCCGroup/neurocognition_lab/ANCLANG/data/sub-s026/ses-t2w/sub-s026_ses-t2w_task-vw_acq-mb4mesl56_run-1_desc-confounds_timeseries.tsv;/mnt/ceph/groups_hdd/SCCGroup/neurocognition_lab/ANCLANG/data/sub-s026/ses-t2w/sub-s026_ses-t2w_task-vw_acq-mb4mesl56_run-2_desc-confounds_timeseries.tsv;/mnt/ceph/groups_hdd/SCCGroup/neurocognition_lab/ANCLANG/data/sub-s026/ses-dwi/sub-s026_ses-dwi_task-vw_acq-mb4mesl56_run-1_desc-confounds_timeseries.tsv;/mnt/ceph/groups_hdd/SCCGroup/neurocognition_lab/ANCLANG/data/sub-s026/ses-dwi/sub-s026_ses-dwi_task-vw_acq-mb4mesl56_run-2_desc-confounds_timeseries.tsv;/mnt/ceph/groups_hdd/SCCGroup/neurocognition_lab/ANCLANG/data/sub-s026/ses-mov/sub-s026_ses-mov_task-vw_acq-mb4mesl56_run-1_desc-confounds_timeseries.tsv;/mnt/ceph/groups_hdd/SCCGroup/neurocognition_lab/ANCLANG/data/sub-s026/ses-mov/sub-s026_ses-mov_task-vw_acq-mb4mesl56_run-2_desc-confounds_timeseries.tsv;/mnt/ceph/groups_hdd/SCCGroup/neurocognition_lab/ANCLANG/data/sub-s026/ses-mpm/sub-s026_ses-mpm_task-vw_acq-mb4mesl56_run-1_desc-confounds_timeseries.tsv
sub-s026	8	/mnt/ceph/groups_hdd/SCCGroup/neurocognition_lab/ANCLANG/data/sub-s026/ses-t2w/s_sub-s026_ses-t2w_task-vw_run-1_desc-denoised_space-MNI152NLin6Asym_bold.nii;/mnt/ceph/groups_hdd/SCCGroup/neurocognition_lab/ANCLANG/data/sub-s026/ses-t2w/s_sub-s026_ses-t2w_task-vw_run-2_desc-denoised_space-MNI152NLin6Asym_bold.nii;/mnt/ceph/groups_hdd/SCCGroup/neurocognition_lab/ANCLANG/data/sub-s026/ses-dwi/s_sub-s026_ses-dwi_task-vw_run-1_desc-denoised_space-MNI152NLin6Asym_bold.nii;/mnt/ceph/groups_hdd/SCCGroup/neurocognition_lab/ANCLANG/data/sub-s026/ses-dwi/s_sub-s026_ses-dwi_task-vw_run-2_desc-denoised_space-MNI152NLin6Asym_bold.nii;/mnt/ceph/groups_hdd/SCCGroup/neurocognition_lab/ANCLANG/data/sub-s026/ses-mov/s_sub-s026_ses-mov_task-vw_run-1_desc-denoised_space-MNI152NLin6Asym_bold.nii;/mnt/ceph/groups_hdd/SCCGroup/neurocognition_lab/ANCLANG/data/sub-s026/ses-mov/s_sub-s026_ses-mov_task-vw_run-2_desc-denoised_space-MNI152NLin6Asym_bold.nii;/mnt/ceph/groups_hdd/SCCGroup/neurocognition_lab/ANCLANG/data/sub-s026/ses-mpm/s_sub-s026_ses-mpm_task-vw_run-1_desc-denoised_space-MNI152NLin6Asym_bold.nii;/mnt/ceph/groups_hdd/SCCGroup/neurocognition_lab/ANCLANG/data/sub-s026/ses-mpm/s_sub-s026_ses-mpm_task-vw_run-2_desc-denoised_space-MNI152NLin6Asym_bold.nii	/mnt/ceph/groups_hdd/SCCGroup/neurocognition_lab/ANCLANG/anclang/sub-s026/ses-t2w/func/sub-s026_ses-t2w_task-vw_acq-mb4mesl56_run-1_events.tsv;/mnt/ceph/groups_hdd/SCCGroup/neurocognition_lab/ANCLANG/anclang/sub-s026/ses-t2w/func/sub-s026_ses-t2w_task-vw_acq-mb4mesl56_run-2_events.tsv;/mnt/ceph/groups_hdd/SCCGroup/neurocognition_lab/ANCLANG/anclang/sub-s026/ses-dwi/func/sub-s026_ses-dwi_task-vw_acq-mb4mesl56_run-1_events.tsv;/mnt/ceph/groups_hdd/SCCGroup/neurocognition_lab/ANCLANG/anclang/sub-s026/ses-dwi/func/sub-s026_ses-dwi_task-vw_acq-mb4mesl56_run-2_events.tsv;/mnt/ceph/groups_hdd/SCCGroup/neurocognition_lab/ANCLANG/anclang/sub-s026/ses-mov/func/sub-s026_ses-mov_task-vw_acq-mb4mesl56_run-1_events.tsv;/mnt/ceph/groups_hdd/SCCGroup/neurocognition_lab/ANCLANG/anclang/sub-s026/ses-mov/func/sub-s026_ses-mov_task-vw_acq-mb4mesl56_run-2_events.tsv;/mnt/ceph/groups_hdd/SCCGroup/neurocognition_lab/ANCLANG/anclang/sub-s026/ses-mpm/func/sub-s026_ses-mpm_task-vw_acq-mb4mesl56_run-1_events.tsv;/mnt/ceph/groups_hdd/SCCGroup/neurocognition_lab/ANCLANG/anclang/sub-s026/ses-mpm/func/sub-s026_ses-mpm_task-vw_acq-mb4mesl56_run-2_events.tsv	/mnt/ceph/groups_hdd/SCCGroup/neurocognition_lab/ANCLANG/data/sub-s026/ses-t2w/sub-s026_ses-t2w_task-vw_acq-mb4mesl56_run-1_desc-confounds_timeseries.tsv;/mnt/ceph/groups_hdd/SCCGroup/neurocognition_lab/ANCLANG/data/sub-s026/ses-t2w/sub-s026_ses-t2w_task-vw_acq-mb4mesl56_run-2_desc-confounds_timeseries.tsv;/mnt/ceph/groups_hdd/SCCGroup/neurocognition_lab/ANCLANG/data/sub-s026/ses-dwi/sub-s026_ses-dwi_task-vw_acq-mb4mesl56_run-1_desc-confounds_timeseries.tsv;/mnt/ceph/groups_hdd/SCCGroup/neurocognition_lab/ANCLANG/data/sub-s026/ses-dwi/sub-s026_ses-dwi_task-vw_acq-mb4mesl56_run-2_desc-confounds_timeseries.tsv;/mnt/ceph/groups_hdd/SCCGroup/neurocognition_lab/ANCLANG/data/sub-s026/ses-mov/sub-s026_ses-mov_task-vw_acq-mb4mesl56_run-1_desc-confounds_timeseries.tsv;/mnt/ceph/groups_hdd/SCCGroup/neurocognition_lab/ANCLANG/data/sub-s026/ses-mov/sub-s026_ses-mov_task-vw_acq-mb4mesl56_run-2_desc-confounds_timeseries.tsv;/mnt/ceph/groups_hdd/SCCGroup/neurocognition_lab/ANCLANG/data/sub-s026/ses-mpm/sub-s026_ses-mpm_task-vw_acq-mb4mesl56_run-1_desc-confounds_timeseries.tsv;/mnt/ceph/groups_hdd/SCCGroup/neurocognition_lab/ANCLANG/data/sub-s026/ses-mpm/sub-s026_ses-mpm_task-vw_acq-mb4mesl56_run-2_desc-confounds_timeseries.tsv
sub-s027	1	/mnt/ceph/groups_hdd/SCCGroup/neurocognition_lab/ANCLANG/data/sub-s027/ses-t2w/s_sub-s027_ses-t2w_task-vw_run-1_desc-denoised_space-MNI152NLin6Asym_bold.nii	/mnt/ceph/groups_hdd/SCCGroup/neurocognition_lab/ANCLANG/anclang/sub-s027/ses-t2w/func/sub-s027_ses-t2w_task-vw_acq-mb4mesl56_run-1_events.tsv	/mnt/ceph/groups_hdd/SCCGroup/neurocognition_lab/ANCLANG/data/sub-s027/ses-t2w/sub-s027_ses-t2w_task-vw_acq-mb4mesl56_run-1_desc-confounds_timeseries.tsv
sub-s027	2	/mnt/ceph/groups_hdd/SCCGroup/neurocognition_lab/ANCLANG/data/sub-s027/ses-t2w/s_sub-s027_ses-t2w_task-vw_run-1_desc-denoised_space-MNI152NLin6Asym_bold.nii;/mnt/ceph/groups_hdd/SCCGroup/neurocognition_lab/ANCLANG/data/sub-s027/ses-t2w/s_sub-s027_ses-t2w_task-vw_run-2_desc-denoised_space-MNI152NLin6Asym_bold.nii	/mnt/ceph/groups_hdd/SCCGroup/neurocognition_lab/ANCLANG/anclang/sub-s027/ses-t2w/func/sub-s027_ses-t2w_task-vw_acq-mb4mesl56_run-1_events.tsv;/mnt/ceph/groups_hdd/SCCGroup/neurocognition_lab/ANCLANG/anclang/sub-s027/ses-t2w/func/sub-s027_ses-t2w_task-vw_acq-mb4mesl56_run-2_events.tsv	/mnt/ceph/groups_hdd/SCCGroup/neurocognition_lab/ANCLANG/data/sub-s027/ses-t2w/sub-s027_ses-t2w_task-vw_acq-mb4mesl56_run-1_desc-confounds_timeseries.tsv;/mnt/ceph/groups_hdd/SCCGroup/neurocognition_lab/ANCLANG/data/sub-s027/ses-t2w/sub-s027_ses-t2w_task-vw_acq-mb4mesl56_run-2_desc-confounds_timeseries.tsv
sub-s027	3	/mnt/ceph/groups_hdd/SCCGroup/neurocognition_lab/ANCLANG/data/sub-s027/ses-t2w/s_sub-s027_ses-t2w_task-vw_run-1_desc-denoised_space-MNI152NLin6Asym_bold.nii;/mnt/ceph/groups_hdd/SCCGroup/neurocognition_lab/ANCLANG/data/sub-s027/ses-t2w/s_sub-s027_ses-t2w_task-vw_run-2_desc-denoised_space-MNI152NLin6Asym_bold.nii;/mnt/ceph/groups_hdd/SCCGroup/neurocognition_lab/ANCLANG/data/sub-s027/ses-dwi/s_sub-s027_ses-dwi_task-vw_run-1_desc-denoised_space-MNI152NLin6Asym_bold.nii	/mnt/ceph/groups_hdd/SCCGroup/neurocognition_lab/ANCLANG/anclang/sub-s027/ses-t2w/func/sub-s027_ses-t2w_task-vw_acq-mb4mesl56_run-1_events.tsv;/mnt/ceph/groups_hdd/SCCGroup/neurocognition_lab/ANCLANG/anclang/sub-s027/ses-t2w/func/sub-s027_ses-t2w_task-vw_acq-mb4mesl56_run-2_events.tsv;/mnt/ceph/groups_hdd/SCCGroup/neurocognition_lab/ANCLANG/anclang/sub-s027/ses-dwi/func/sub-s027_ses-dwi_task-vw_acq-mb4mesl56_run-1_events.tsv	/mnt/ceph/groups_hdd/SCCGroup/neurocognition_lab/ANCLANG/data/sub-s027/ses-t2w/sub-s027_ses-t2w_task-vw_acq-mb4mesl56_run-1_desc-confounds_timeseries.tsv;/mnt/ceph/groups_hdd/SCCGroup/neurocognition_lab/ANCLANG/data/sub-s027/ses-t2w/sub-s027_ses-t2w_task-vw_acq-mb4mesl56_run-2_desc-confounds_timeseries.tsv;/mnt/ceph/groups_hdd/SCCGroup/neurocognition_lab/ANCLANG/data/sub-s027/ses-dwi/sub-s027_ses-dwi_task-vw_acq-mb4mesl56_run-1_desc-confounds_timeseries.tsv
sub-s027	4	/mnt/ceph/groups_hdd/SCCGroup/neurocognition_lab/ANCLANG/data/sub-s027/ses-t2w/s_sub-s027_ses-t2w_task-vw_run-1_desc-denoised_space-MNI152NLin6Asym_bold.nii;/mnt/ceph/groups_hdd/SCCGroup/neurocognition_lab/ANCLANG/data/sub-s027/ses-t2w/s_sub-s027_ses-t2w_task-vw_run-2_desc-denoised_space-MNI152NLin6Asym_bold.nii;/mnt/ceph/groups_hdd/SCCGroup/neurocognition_lab/ANCLANG/data/sub-s027/ses-dwi/s_sub-s027_ses-dwi_task-vw_run-1_desc-denoised_space-MNI152NLin6Asym_bold.nii;/mnt/ceph/groups_hdd/SCCGroup/neurocognition_lab/ANCLANG/data/sub-s027/ses-dwi/s_sub-s027_ses-dwi_task-vw_run-2_desc-denoised_space-MNI152NLin6Asym_bold.nii	/mnt/ceph/groups_hdd/SCCGroup/neurocognition_lab/ANCLANG/anclang/sub-s027/ses-t2w/func/sub-s027_ses-t2w_task-vw_acq-mb4mesl56_run-1_events.tsv;/mnt/ceph/groups_hdd/SCCGroup/neurocognition_lab/ANCLANG/anclang/sub-s027/ses-t2w/func/sub-s027_ses-t2w_task-vw_acq-mb4mesl56_run-2_events.tsv;/mnt/ceph/groups_hdd/SCCGroup/neurocognition_lab/ANCLANG/anclang/sub-s027/ses-dwi/func/sub-s027_ses-dwi_task-vw_acq-mb4mesl56_run-1_events.tsv;/mnt/ceph/groups_hdd/SCCGroup/neurocognition_lab/ANCLANG/anclang/sub-s027/ses-dwi/func/sub-s027_ses-dwi_task-vw_acq-mb4mesl56_run-2_events.tsv	/mnt/ceph/groups_hdd/SCCGroup/neurocognition_lab/ANCLANG/data/sub-s027/ses-t2w/sub-s027_ses-t2w_task-vw_acq-mb4mesl56_run-1_desc-confounds_timeseries.tsv;/mnt/ceph/groups_hdd/SCCGroup/neurocognition_lab/ANCLANG/data/sub-s027/ses-t2w/sub-s027_ses-t2w_task-vw_acq-mb4mesl56_run-2_desc-confounds_timeseries.tsv;/mnt/ceph/groups_hdd/SCCGroup/neurocognition_lab/ANCLANG/data/sub-s027/ses-dwi/sub-s027_ses-dwi_task-vw_acq-mb4mesl56_run-1_desc-confounds_timeseries.tsv;/mnt/ceph/groups_hdd/SCCGroup/neurocognition_lab/ANCLANG/data/sub-s027/ses-dwi/sub-s027_ses-dwi_task-vw_acq-mb4mesl56_run-2_desc-confounds_timeseries.tsv
sub-s027	5	/mnt/ceph/groups_hdd/SCCGroup/neurocognition_lab/ANCLANG/data/sub-s027/ses-t2w/s_sub-s027_ses-t2w_task-vw_run-1_desc-denoised_space-MNI152NLin6Asym_bold.nii;/mnt/ceph/groups_hdd/SCCGroup/neurocognition_lab/ANCLANG/data/sub-s027/ses-t2w/s_sub-s027_ses-t2w_task-vw_run-2_desc-denoised_space-MNI152NLin6Asym_bold.nii;/mnt/ceph/groups_hdd/SCCGroup/neurocognition_lab/ANCLANG/data/sub-s027/ses-dwi/s_sub-s027_ses-dwi_task-vw_run-1_desc-denoised_space-MNI152NLin6Asym_bold.nii;/mnt/ceph/groups_hdd/SCCGroup/neurocognition_lab/ANCLANG/data/sub-s027/ses-dwi/s_sub-s027_ses-dwi_task-vw_run-2_desc-denoised_space-MNI152NLin6Asym_bold.nii;/mnt/ceph/groups_hdd/SCCGroup/neurocognition_lab/ANCLANG/data/sub-s027/ses-mov/s_sub-s027_ses-mov_task-vw_run-1_desc-denoised_space-MNI152NLin6Asym_bold.nii	/mnt/ceph/groups_hdd/SCCGroup/neurocognition_lab/ANCLANG/anclang/sub-s027/ses-t2w/func/sub-s027_ses-t2w_task-vw_acq-mb4mesl56_run-1_events.tsv;/mnt/ceph/groups_hdd/SCCGroup/neurocognition_lab/ANCLANG/anclang/sub-s027/ses-t2w/func/sub-s027_ses-t2w_task-vw_acq-mb4mesl56_run-2_events.tsv;/mnt/ceph/groups_hdd/SCCGroup/neurocognition_lab/ANCLANG/anclang/sub-s027/ses-dwi/func/sub-s027_ses-dwi_task-vw_acq-mb4mesl56_run-1_events.tsv;/mnt/ceph/groups_hdd/SCCGroup/neurocognition_lab/ANCLANG/anclang/sub-s027/ses-dwi/func/sub-s027_ses-dwi_task-vw_acq-mb4mesl56_run-2_events.tsv;/mnt/ceph/groups_hdd/SCCGroup/neurocognition_lab/ANCLANG/anclang/sub-s027/ses-mov/func/sub-s027_ses-mov_task-vw_acq-mb4mesl56_run-1_events.tsv	/mnt/ceph/groups_hdd/SCCGroup/neurocognition_lab/ANCLANG/data/sub-s027/ses-t2w/sub-s027_ses-t2w_task-vw_acq-mb4mesl56_run-1_desc-confounds_timeseries.tsv;/mnt/ceph/groups_hdd/SCCGroup/neurocognition_lab/ANCLANG/data/sub-s027/ses-t2w/sub-s027_ses-t2w_task-vw_acq-mb4mesl56_run-2_desc-confounds_timeseries.tsv;/mnt/ceph/groups_hdd/SCCGroup/neurocognition_lab/ANCLANG/data/sub-s027/ses-dwi/sub-s027_ses-dwi_task-vw_acq-mb4mesl56_run-1_desc-confounds_timeseries.tsv;/mnt/ceph/groups_hdd/SCCGroup/neurocognition_lab/ANCLANG/data/sub-s027/ses-dwi/sub-s027_ses-dwi_task-vw_acq-mb4mesl56_run-2_desc-confounds_timeseries.tsv;/mnt/ceph/groups_hdd/SCCGroup/neurocognition_lab/ANCLANG/data/sub-s027/ses-mov/sub-s027_ses-mov_task-vw_acq-mb4mesl56_run-1_desc-confounds_timeseries.tsv
sub-s027	6	/mnt/ceph/groups_hdd/SCCGroup/neurocognition_lab/ANCLANG/data/sub-s027/ses-t2w/s_sub-s027_ses-t2w_task-vw_run-1_desc-denoised_space-MNI152NLin6Asym_bold.nii;/mnt/ceph/groups_hdd/SCCGroup/neurocognition_lab/ANCLANG/data/sub-s027/ses-t2w/s_sub-s027_ses-t2w_task-vw_run-2_desc-denoised_space-MNI152NLin6Asym_bold.nii;/mnt/ceph/groups_hdd/SCCGroup/neurocognition_lab/ANCLANG/data/sub-s027/ses-dwi/s_sub-s027_ses-dwi_task-vw_run-1_desc-denoised_space-MNI152NLin6Asym_bold.nii;/mnt/ceph/groups_hdd/SCCGroup/neurocognition_lab/ANCLANG/data/sub-s027/ses-dwi/s_sub-s027_ses-dwi_task-vw_run-2_desc-denoised_space-MNI152NLin6Asym_bold.nii;/mnt/ceph/groups_hdd/SCCGroup/neurocognition_lab/ANCLANG/data/sub-s027/ses-mov/s_sub-s027_ses-mov_task-vw_run-1_desc-denoised_space-MNI152NLin6Asym_bold.nii;/mnt/ceph/groups_hdd/SCCGroup/neurocognition_lab/ANCLANG/data/sub-s027/ses-mov/s_sub-s027_ses-mov_task-vw_run-2_desc-denoised_space-MNI152NLin6Asym_bold.nii	/mnt/ceph/groups_hdd/SCCGroup/neurocognition_lab/ANCLANG/anclang/sub-s027/ses-t2w/func/sub-s027_ses-t2w_task-vw_acq-mb4mesl56_run-1_events.tsv;/mnt/ceph/groups_hdd/SCCGroup/neurocognition_lab/ANCLANG/anclang/sub-s027/ses-t2w/func/sub-s027_ses-t2w_task-vw_acq-mb4mesl56_run-2_events.tsv;/mnt/ceph/groups_hdd/SCCGroup/neurocognition_lab/ANCLANG/anclang/sub-s027/ses-dwi/func/sub-s027_ses-dwi_task-vw_acq-mb4mesl56_run-1_events.tsv;/mnt/ceph/groups_hdd/SCCGroup/neurocognition_lab/ANCLANG/anclang/sub-s027/ses-dwi/func/sub-s027_ses-dwi_task-vw_acq-mb4mesl56_run-2_events.tsv;/mnt/ceph/groups_hdd/SCCGroup/neurocognition_lab/ANCLANG/anclang/sub-s027/ses-mov/func/sub-s027_ses-mov_task-vw_acq-mb4mesl56_run-1_events.tsv;/mnt/ceph/groups_hdd/SCCGroup/neurocognition_lab/ANCLANG/anclang/sub-s027/ses-mov/func/sub-s027_ses-mov_task-vw_acq-mb4mesl56_run-2_events.tsv	/mnt/ceph/groups_hdd/SCCGroup/neurocognition_lab/ANCLANG/data/sub-s027/ses-t2w/sub-s027_ses-t2w_task-vw_acq-mb4mesl56_run-1_desc-confounds_timeseries.tsv;/mnt/ceph/groups_hdd/SCCGroup/neurocognition_lab/ANCLANG/data/sub-s027/ses-t2w/sub-s027_ses-t2w_task-vw_acq-mb4mesl56_run-2_desc-confounds_timeseries.tsv;/mnt/ceph/groups_hdd/SCCGroup/neurocognition_lab/ANCLANG/data/sub-s027/ses-dwi/sub-s027_ses-dwi_task-vw_acq-mb4mesl56_run-1_desc-confounds_timeseries.tsv;/mnt/ceph/groups_hdd/SCCGroup/neurocognition_lab/ANCLANG/data/sub-s027/ses-dwi/sub-s027_ses-dwi_task-vw_acq-mb4mesl56_run-2_desc-confounds_timeseries.tsv;/mnt/ceph/groups_hdd/SCCGroup/neurocognition_lab/ANCLANG/data/sub-s027/ses-mov/sub-s027_ses-mov_task-vw_acq-mb4mesl56_run-1_desc-confounds_timeseries.tsv;/mnt/ceph/groups_hdd/SCCGroup/neurocognition_lab/ANCLANG/data/sub-s027/ses-mov/sub-s027_ses-mov_task-vw_acq-mb4mesl56_run-2_desc-confounds_timeseries.tsv
sub-s027	7	/mnt/ceph/groups_hdd/SCCGroup/neurocognition_lab/ANCLANG/data/sub-s027/ses-t2w/s_sub-s027_ses-t2w_task-vw_run-1_desc-denoised_space-MNI152NLin6Asym_bold.nii;/mnt/ceph/groups_hdd/SCCGroup/neurocognition_lab/ANCLANG/data/sub-s027/ses-t2w/s_sub-s027_ses-t2w_task-vw_run-2_desc-denoised_space-MNI152NLin6Asym_bold.nii;/mnt/ceph/groups_hdd/SCCGroup/neurocognition_lab/ANCLANG/data/sub-s027/ses-dwi/s_sub-s027_ses-dwi_task-vw_run-1_desc-denoised_space-MNI152NLin6Asym_bold.nii;/mnt/ceph/groups_hdd/SCCGroup/neurocognition_lab/ANCLANG/data/sub-s027/ses-dwi/s_sub-s027_ses-dwi_task-vw_run-2_desc-denoised_space-MNI152NLin6Asym_bold.nii;/mnt/ceph/groups_hdd/SCCGroup/neurocognition_lab/ANCLANG/data/sub-s027/ses-mov/s_sub-s027_ses-mov_task-vw_run-1_desc-denoised_space-MNI152NLin6Asym_bold.nii;/mnt/ceph/groups_hdd/SCCGroup/neurocognition_lab/ANCLANG/data/sub-s027/ses-mov/s_sub-s027_ses-mov_task-vw_run-2_desc-denoised_space-MNI152NLin6Asym_bold.nii;/mnt/ceph/groups_hdd/SCCGroup/neurocognition_lab/ANCLANG/data/sub-s027/ses-mpm/s_sub-s027_ses-mpm_task-vw_run-1_desc-denoised_space-MNI152NLin6Asym_bold.nii	/mnt/ceph/groups_hdd/SCCGroup/neurocognition_lab/ANCLANG/anclang/sub-s027/ses-t2w/func/sub-s027_ses-t2w_task-vw_acq-mb4mesl56_run-1_events.tsv;/mnt/ceph/groups_hdd/SCCGroup/neurocognition_lab/ANCLANG/anclang/sub-s027/ses-t2w/func/sub-s027_ses-t2w_task-vw_acq-mb4mesl56_run-2_events.tsv;/mnt/ceph/groups_hdd/SCCGroup/neurocognition_lab/ANCLANG/anclang/sub-s027/ses-dwi/func/sub-s027_ses-dwi_task-vw_acq-mb4mesl56_run-1_events.tsv;/mnt/ceph/groups_hdd/SCCGroup/neurocognition_lab/ANCLANG/anclang/sub-s027/ses-dwi/func/sub-s027_ses-dwi_task-vw_acq-mb4mesl56_run-2_events.tsv;/mnt/ceph/groups_hdd/SCCGroup/neurocognition_lab/ANCLANG/anclang/sub-s027/ses-mov/func/sub-s027_ses-mov_task-vw_acq-mb4mesl56_run-1_events.tsv;/mnt/ceph/groups_hdd/SCCGroup/neurocognition_lab/ANCLANG/anclang/sub-s027/ses-mov/func/sub-s027_ses-mov_task-vw_acq-mb4mesl56_run-2_events.tsv;/mnt/ceph/groups_hdd/SCCGroup/neurocognition_lab/ANCLANG/anclang/sub-s027/ses-mpm/func/sub-s027_ses-mpm_task-vw_acq-mb4mesl56_run-1_events.tsv	/mnt/ceph/groups_hdd/SCCGroup/neurocognition_lab/ANCLANG/data/sub-s027/ses-t2w/sub-s027_ses-t2w_task-vw_acq-mb4mesl56_run-1_desc-confounds_timeseries.tsv;/mnt/ceph/groups_hdd/SCCGroup/neurocognition_lab/ANCLANG/data/sub-s027/ses-t2w/sub-s027_ses-t2w_task-vw_acq-mb4mesl56_run-2_desc-confounds_timeseries.tsv;/mnt/ceph/groups_hdd/SCCGroup/neurocognition_lab/ANCLANG/data/sub-s027/ses-dwi/sub-s027_ses-dwi_task-vw_acq-mb4mesl56_run-1_desc-confounds_timeseries.tsv;/mnt/ceph/groups_hdd/SCCGroup/neurocognition_lab/ANCLANG/data/sub-s027/ses-dwi/sub-s027_ses-dwi_task-vw_acq-mb4mesl56_run-2_desc-confounds_timeseries.tsv;/mnt/ceph/groups_hdd/SCCGroup/neurocognition_lab/ANCLANG/data/sub-s027/ses-mov/sub-s027_ses-mov_task-vw_acq-mb4mesl56_run-1_desc-confounds_timeseries.tsv;/mnt/ceph/groups_hdd/SCCGroup/neurocognition_lab/ANCLANG/data/sub-s027/ses-mov/sub-s027_ses-mov_task-vw_acq-mb4mesl56_run-2_desc-confounds_timeseries.tsv;/mnt/ceph/groups_hdd/SCCGroup/neurocognition_lab/ANCLANG/data/sub-s027/ses-mpm/sub-s027_ses-mpm_task-vw_acq-mb4mesl56_run-1_desc-confounds_timeseries.tsv
sub-s027	8	/mnt/ceph/groups_hdd/SCCGroup/neurocognition_lab/ANCLANG/data/sub-s027/ses-t2w/s_sub-s027_ses-t2w_task-vw_run-1_desc-denoised_space-MNI152NLin6Asym_bold.nii;/mnt/ceph/groups_hdd/SCCGroup/neurocognition_lab/ANCLANG/data/sub-s027/ses-t2w/s_sub-s027_ses-t2w_task-vw_run-2_desc-denoised_space-MNI152NLin6Asym_bold.nii;/mnt/ceph/groups_hdd/SCCGroup/neurocognition_lab/ANCLANG/data/sub-s027/ses-dwi/s_sub-s027_ses-dwi_task-vw_run-1_desc-denoised_space-MNI152NLin6Asym_bold.nii;/mnt/ceph/groups_hdd/SCCGroup/neurocognition_lab/ANCLANG/data/sub-s027/ses-dwi/s_sub-s027_ses-dwi_task-vw_run-2_desc-denoised_space-MNI152NLin6Asym_bold.nii;/mnt/ceph/groups_hdd/SCCGroup/neurocognition_lab/ANCLANG/data/sub-s027/ses-mov/s_sub-s027_ses-mov_task-vw_run-1_desc-denoised_space-MNI152NLin6Asym_bold.nii;/mnt/ceph/groups_hdd/SCCGroup/neurocognition_lab/ANCLANG/data/sub-s027/ses-mov/s_sub-s027_ses-mov_task-vw_run-2_desc-denoised_space-MNI152NLin6Asym_bold.nii;/mnt/ceph/groups_hdd/SCCGroup/neurocognition_lab/ANCLANG/data/sub-s027/ses-mpm/s_sub-s027_ses-mpm_task-vw_run-1_desc-denoised_space-MNI152NLin6Asym_bold.nii;/mnt/ceph/groups_hdd/SCCGroup/neurocognition_lab/ANCLANG/data/sub-s027/ses-mpm/s_sub-s027_ses-mpm_task-vw_run-2_desc-denoised_space-MNI152NLin6Asym_bold.nii	/mnt/ceph/groups_hdd/SCCGroup/neurocognition_lab/ANCLANG/anclang/sub-s027/ses-t2w/func/sub-s027_ses-t2w_task-vw_acq-mb4mesl56_run-1_events.tsv;/mnt/ceph/groups_hdd/SCCGroup/neurocognition_lab/ANCLANG/anclang/sub-s027/ses-t2w/func/sub-s027_ses-t2w_task-vw_acq-mb4mesl56_run-2_events.tsv;/mnt/ceph/groups_hdd/SCCGroup/neurocognition_lab/ANCLANG/anclang/sub-s027/ses-dwi/func/sub-s027_ses-dwi_task-vw_acq-mb4mesl56_run-1_events.tsv;/mnt/ceph/groups_hdd/SCCGroup/neurocognition_lab/ANCLANG/anclang/sub-s027/ses-dwi/func/sub-s027_ses-dwi_task-vw_acq-mb4mesl56_run-2_events.tsv;/mnt/ceph/groups_hdd/SCCGroup/neurocognition_lab/ANCLANG/anclang/sub-s027/ses-mov/func/sub-s027_ses-mov_task-vw_acq-mb4mesl56_run-1_events.tsv;/mnt/ceph/groups_hdd/SCCGroup/neurocognition_lab/ANCLANG/anclang/sub-s027/ses-mov/func/sub-s027_ses-mov_task-vw_acq-mb4mesl56_run-2_events.tsv;/mnt/ceph/groups_hdd/SCCGroup/neurocognition_lab/ANCLANG/anclang/sub-s027/ses-mpm/func/sub-s027_ses-mpm_task-vw_acq-mb4mesl56_run-1_events.tsv;/mnt/ceph/groups_hdd/SCCGroup/neurocognition_lab/ANCLANG/anclang/sub-s027/ses-mpm/func/sub-s027_ses-mpm_task-vw_acq-mb4mesl56_run-2_events.tsv	/mnt/ceph/groups_hdd/SCCGroup/neurocognition_lab/ANCLANG/data/sub-s027/ses-t2w/sub-s027_ses-t2w_task-vw_acq-mb4mesl56_run-1_desc-confounds_timeseries.tsv;/mnt/ceph/groups_hdd/SCCGroup/neurocognition_lab/ANCLANG/data/sub-s027/ses-t2w/sub-s027_ses-t2w_task-vw_acq-mb4mesl56_run-2_desc-confounds_timeseries.tsv;/mnt/ceph/groups_hdd/SCCGroup/neurocognition_lab/ANCLANG/data/sub-s027/ses-dwi/sub-s027_ses-dwi_task-vw_acq-mb4mesl56_run-1_desc-confounds_timeseries.tsv;/mnt/ceph/groups_hdd/SCCGroup/neurocognition_lab/ANCLANG/data/sub-s027/ses-dwi/sub-s027_ses-dwi_task-vw_acq-mb4mesl56_run-2_desc-confounds_timeseries.tsv;/mnt/ceph/groups_hdd/SCCGroup/neurocognition_lab/ANCLANG/data/sub-s027/ses-mov/sub-s027_ses-mov_task-vw_acq-mb4mesl56_run-1_desc-confounds_timeseries.tsv;/mnt/ceph/groups_hdd/SCCGroup/neurocognition_lab/ANCLANG/data/sub-s027/ses-mov/sub-s027_ses-mov_task-vw_acq-mb4mesl56_run-2_desc-confounds_timeseries.tsv;/mnt/ceph/groups_hdd/SCCGroup/neurocognition_lab/ANCLANG/data/sub-s027/ses-mpm/sub-s027_ses-mpm_task-vw_acq-mb4mesl56_run-1_desc-confounds_timeseries.tsv;/mnt/ceph/groups_hdd/SCCGroup/neurocognition_lab/ANCLANG/data/sub-s027/ses-mpm/sub-s027_ses-mpm_task-vw_acq-mb4mesl56_run-2_desc-confounds_timeseries.tsv
